Date,Meal,Canteen_Section,Food_Category,Waste_Weight_kg,Unit_Price_per_kg,Cost_Loss,Day_of_Week,Day_Num,Is_Weekend,Month,Day,Day_of_Year,temperature,rainfall,holiday,special_event,expected_attendance,actual_attendance,meals_prepared,meals_consumed,surplus_meals,surplus_percentage,previous_day_consumption
2025-06-11,Breakfast,A,Rice,4.59,2.0,9.18,Wednesday,2,0,6,11,162,28.5,0.0,0,0,305,333,343,316,27,7.87,255
2025-06-11,Breakfast,A,Soup,3.21,1.5,4.81,Wednesday,2,0,6,11,162,28.5,0.0,0,0,283,287,322,257,65,20.19,230
2025-06-11,Breakfast,A,Vegetables,2.97,3.0,8.91,Wednesday,2,0,6,11,162,28.5,0.0,0,0,329,342,373,313,60,16.09,204
2025-06-11,Breakfast,B,Meat,0.55,8.0,4.4,Wednesday,2,0,6,11,162,28.5,0.0,0,0,296,320,325,309,16,4.92,286
2025-06-11,Breakfast,B,Rice,2.51,2.0,5.02,Wednesday,2,0,6,11,162,28.5,0.0,0,0,268,276,290,261,29,10.0,233
2025-06-11,Breakfast,B,Soup,1.73,1.5,2.6,Wednesday,2,0,6,11,162,28.5,0.0,0,0,250,241,270,215,55,20.37,198
2025-06-11,Breakfast,B,Vegetables,1.81,3.0,5.43,Wednesday,2,0,6,11,162,28.5,0.0,0,0,248,241,276,225,51,18.48,313
2025-06-11,Breakfast,C,Meat,4.3,8.0,34.4,Wednesday,2,0,6,11,162,28.5,0.0,0,0,220,222,242,219,23,9.5,309
2025-06-11,Breakfast,C,Rice,3.38,2.0,6.76,Wednesday,2,0,6,11,162,28.5,0.0,0,0,232,239,259,233,26,10.04,316
2025-06-11,Breakfast,C,Soup,3.5,1.5,5.25,Wednesday,2,0,6,11,162,28.5,0.0,0,0,217,219,239,195,44,18.41,257
2025-06-11,Breakfast,C,Vegetables,1.72,3.0,5.16,Wednesday,2,0,6,11,162,28.5,0.0,0,0,236,267,258,247,11,4.26,225
2025-06-11,Breakfast,D,Meat,4.73,8.0,37.84,Wednesday,2,0,6,11,162,28.5,0.0,0,0,279,294,302,286,16,5.3,213
2025-06-11,Breakfast,D,Rice,1.51,2.0,3.02,Wednesday,2,0,6,11,162,28.5,0.0,0,0,269,271,304,255,49,16.12,219
2025-06-11,Breakfast,D,Soup,2.8,1.5,4.2,Wednesday,2,0,6,11,162,28.5,0.0,0,0,244,251,267,230,37,13.86,215
2025-06-11,Breakfast,D,Vegetables,4.09,3.0,12.27,Wednesday,2,0,6,11,162,28.5,0.0,0,0,245,258,268,236,32,11.94,247
2025-06-11,Dinner,A,Meat,4.65,8.0,37.2,Wednesday,2,0,6,11,162,28.5,0.0,0,0,451,437,502,418,84,16.73,369
2025-06-11,Dinner,A,Rice,2.79,2.0,5.58,Wednesday,2,0,6,11,162,28.5,0.0,0,0,467,466,519,439,80,15.41,335
2025-06-11,Dinner,A,Soup,3.52,1.5,5.28,Wednesday,2,0,6,11,162,28.5,0.0,0,0,480,514,547,466,81,14.81,368
2025-06-11,Dinner,B,Meat,4.87,8.0,38.96,Wednesday,2,0,6,11,162,28.5,0.0,0,0,412,383,443,369,74,16.7,350
2025-06-11,Dinner,B,Rice,0.69,2.0,1.38,Wednesday,2,0,6,11,162,28.5,0.0,0,0,422,416,458,404,54,11.79,322
2025-06-11,Dinner,B,Soup,1.27,1.5,1.9,Wednesday,2,0,6,11,162,28.5,0.0,0,0,394,426,439,384,55,12.53,286
2025-06-11,Dinner,B,Vegetables,3.08,3.0,9.24,Wednesday,2,0,6,11,162,28.5,0.0,0,0,401,411,436,375,61,13.99,307
2025-06-11,Dinner,C,Meat,2.8,8.0,22.4,Wednesday,2,0,6,11,162,28.5,0.0,0,0,330,343,360,338,22,6.11,418
2025-06-11,Dinner,C,Rice,0.88,2.0,1.76,Wednesday,2,0,6,11,162,28.5,0.0,0,0,355,339,381,322,59,15.49,391
2025-06-11,Dinner,C,Soup,0.56,1.5,0.84,Wednesday,2,0,6,11,162,28.5,0.0,0,0,322,318,363,286,77,21.21,319
2025-06-11,Dinner,C,Vegetables,2.81,3.0,8.43,Wednesday,2,0,6,11,162,28.5,0.0,0,0,331,329,373,307,66,17.69,319
2025-06-11,Dinner,D,Meat,4.57,8.0,36.56,Wednesday,2,0,6,11,162,28.5,0.0,0,0,373,368,405,350,55,13.58,334
2025-06-11,Dinner,D,Rice,4.96,2.0,9.92,Wednesday,2,0,6,11,162,28.5,0.0,0,0,416,415,452,391,61,13.5,439
2025-06-11,Dinner,D,Soup,0.68,1.5,1.02,Wednesday,2,0,6,11,162,28.5,0.0,0,0,380,410,414,368,46,11.11,384
2025-06-11,Dinner,D,Vegetables,2.36,3.0,7.08,Wednesday,2,0,6,11,162,28.5,0.0,0,0,361,360,389,333,56,14.4,375
2025-06-11,Lunch,A,Meat,1.64,8.0,13.12,Wednesday,2,0,6,11,162,28.5,0.0,0,0,717,685,776,663,113,14.56,461
2025-06-11,Lunch,A,Soup,4.85,1.5,7.28,Wednesday,2,0,6,11,162,28.5,0.0,0,0,720,743,817,662,155,18.97,535
2025-06-11,Lunch,A,Vegetables,1.68,3.0,5.04,Wednesday,2,0,6,11,162,28.5,0.0,0,0,606,576,655,528,127,19.39,523
2025-06-11,Lunch,B,Rice,2.08,2.0,4.16,Wednesday,2,0,6,11,162,28.5,0.0,0,0,638,637,715,610,105,14.69,507
2025-06-11,Lunch,B,Soup,3.32,1.5,4.98,Wednesday,2,0,6,11,162,28.5,0.0,0,0,660,662,726,612,114,15.7,477
2025-06-11,Lunch,B,Vegetables,4.94,3.0,14.82,Wednesday,2,0,6,11,162,28.5,0.0,0,0,642,680,716,628,88,12.29,478
2025-06-11,Lunch,C,Meat,2.12,8.0,16.96,Wednesday,2,0,6,11,162,28.5,0.0,0,0,510,471,564,461,103,18.26,516
2025-06-11,Lunch,C,Rice,2.76,2.0,5.52,Wednesday,2,0,6,11,162,28.5,0.0,0,0,543,567,615,538,77,12.52,583
2025-06-11,Lunch,C,Soup,1.87,1.5,2.8,Wednesday,2,0,6,11,162,28.5,0.0,0,0,541,576,580,535,45,7.76,513
2025-06-11,Lunch,C,Vegetables,1.02,3.0,3.06,Wednesday,2,0,6,11,162,28.5,0.0,0,0,479,519,525,478,47,8.95,528
2025-06-11,Lunch,D,Meat,3.16,8.0,25.28,Wednesday,2,0,6,11,162,28.5,0.0,0,0,559,529,616,516,100,16.23,515
2025-06-11,Lunch,D,Rice,3.81,2.0,7.62,Wednesday,2,0,6,11,162,28.5,0.0,0,0,613,614,680,583,97,14.26,610
2025-06-11,Lunch,D,Soup,1.1,1.5,1.65,Wednesday,2,0,6,11,162,28.5,0.0,0,0,595,575,643,513,130,20.22,612
2025-06-11,Lunch,D,Vegetables,3.82,3.0,11.46,Wednesday,2,0,6,11,162,28.5,0.0,0,0,570,551,613,523,90,14.68,485
2025-06-12,Breakfast,A,Meat,2.54,8.0,20.32,Thursday,3,0,6,12,163,27.3,0.8,0,0,271,269,297,259,38,12.79,227
2025-06-12,Breakfast,A,Rice,4.18,2.0,8.36,Thursday,3,0,6,12,163,27.3,0.8,0,0,290,262,330,248,82,24.85,234
2025-06-12,Breakfast,A,Soup,2.59,1.5,3.88,Thursday,3,0,6,12,163,27.3,0.8,0,0,267,263,296,242,54,18.24,195
2025-06-12,Breakfast,A,Vegetables,3.61,3.0,10.83,Thursday,3,0,6,12,163,27.3,0.8,0,0,267,278,302,259,43,14.24,218
2025-06-12,Breakfast,B,Meat,4.19,8.0,33.52,Thursday,3,0,6,12,163,27.3,0.8,0,0,288,272,322,264,58,18.01,220
2025-06-12,Breakfast,B,Rice,1.44,2.0,2.88,Thursday,3,0,6,12,163,27.3,0.8,0,0,290,290,330,276,54,16.36,248
2025-06-12,Breakfast,B,Soup,1.29,1.5,1.94,Thursday,3,0,6,12,163,27.3,0.8,0,0,248,245,282,222,60,21.28,209
2025-06-12,Breakfast,B,Vegetables,4.9,3.0,14.7,Thursday,3,0,6,12,163,27.3,0.8,0,0,271,266,302,251,51,16.89,219
2025-06-12,Breakfast,C,Meat,1.98,8.0,15.84,Thursday,3,0,6,12,163,27.3,0.8,0,0,228,230,249,227,22,8.84,219
2025-06-12,Breakfast,C,Rice,2.8,2.0,5.6,Thursday,3,0,6,12,163,27.3,0.8,0,0,242,248,264,234,30,11.36,261
2025-06-12,Breakfast,C,Soup,2.59,1.5,3.88,Thursday,3,0,6,12,163,27.3,0.8,0,0,222,225,251,209,42,16.73,186
2025-06-12,Breakfast,C,Vegetables,4.62,3.0,13.86,Thursday,3,0,6,12,163,27.3,0.8,0,0,222,232,240,219,21,8.75,236
2025-06-12,Breakfast,D,Meat,4.33,8.0,34.64,Thursday,3,0,6,12,163,27.3,0.8,0,0,240,229,259,220,39,15.06,259
2025-06-12,Breakfast,D,Rice,4.41,2.0,8.82,Thursday,3,0,6,12,163,27.3,0.8,0,0,236,261,261,249,12,4.6,276
2025-06-12,Breakfast,D,Soup,3.97,1.5,5.96,Thursday,3,0,6,12,163,27.3,0.8,0,0,214,203,231,186,45,19.48,242
2025-06-12,Breakfast,D,Vegetables,1.45,3.0,4.35,Thursday,3,0,6,12,163,27.3,0.8,0,0,251,232,284,218,66,23.24,251
2025-06-12,Dinner,A,Meat,3.52,8.0,28.16,Thursday,3,0,6,12,163,27.3,0.8,0,0,472,442,528,434,94,17.8,431
2025-06-12,Dinner,A,Rice,1.02,2.0,2.04,Thursday,3,0,6,12,163,27.3,0.8,0,0,522,525,569,510,59,10.37,404
2025-06-12,Dinner,A,Soup,1.24,1.5,1.86,Thursday,3,0,6,12,163,27.3,0.8,0,0,485,486,525,451,74,14.1,397
2025-06-12,Dinner,A,Vegetables,2.9,3.0,8.7,Thursday,3,0,6,12,163,27.3,0.8,0,0,442,440,493,410,83,16.84,362
2025-06-12,Dinner,B,Meat,0.31,8.0,2.48,Thursday,3,0,6,12,163,27.3,0.8,0,0,438,447,480,431,49,10.21,328
2025-06-12,Dinner,B,Rice,3.9,2.0,7.8,Thursday,3,0,6,12,163,27.3,0.8,0,0,428,438,483,413,70,14.49,510
2025-06-12,Dinner,B,Soup,3.56,1.5,5.34,Thursday,3,0,6,12,163,27.3,0.8,0,0,408,442,455,397,58,12.75,466
2025-06-12,Dinner,B,Vegetables,3.75,3.0,11.25,Thursday,3,0,6,12,163,27.3,0.8,0,0,461,489,501,457,44,8.78,333
2025-06-12,Dinner,C,Meat,1.99,8.0,15.92,Thursday,3,0,6,12,163,27.3,0.8,0,0,355,351,402,344,58,14.43,434
2025-06-12,Dinner,C,Rice,4.08,2.0,8.16,Thursday,3,0,6,12,163,27.3,0.8,0,0,361,362,402,346,56,13.93,413
2025-06-12,Dinner,C,Soup,4.12,1.5,6.18,Thursday,3,0,6,12,163,27.3,0.8,0,0,398,395,439,352,87,19.82,451
2025-06-12,Dinner,C,Vegetables,3.35,3.0,10.05,Thursday,3,0,6,12,163,27.3,0.8,0,0,307,310,343,285,58,16.91,410
2025-06-12,Dinner,D,Meat,2.53,8.0,20.24,Thursday,3,0,6,12,163,27.3,0.8,0,0,332,345,374,328,46,12.3,338
2025-06-12,Dinner,D,Rice,4.91,2.0,9.82,Thursday,3,0,6,12,163,27.3,0.8,0,0,390,381,435,369,66,15.17,346
2025-06-12,Dinner,D,Vegetables,0.28,3.0,0.84,Thursday,3,0,6,12,163,27.3,0.8,0,0,388,388,438,362,76,17.35,457
2025-06-12,Lunch,A,Meat,4.68,8.0,37.44,Thursday,3,0,6,12,163,27.3,0.8,0,0,745,668,836,636,200,23.92,587
2025-06-12,Lunch,A,Soup,4.12,1.5,6.18,Thursday,3,0,6,12,163,27.3,0.8,0,0,666,722,750,657,93,12.4,662
2025-06-12,Lunch,A,Vegetables,2.59,3.0,7.77,Thursday,3,0,6,12,163,27.3,0.8,0,0,725,722,784,673,111,14.16,450
2025-06-12,Lunch,B,Meat,1.56,8.0,12.48,Thursday,3,0,6,12,163,27.3,0.8,0,0,617,605,686,587,99,14.43,523
2025-06-12,Lunch,B,Rice,1.49,2.0,2.98,Thursday,3,0,6,12,163,27.3,0.8,0,0,684,685,774,646,128,16.54,501
2025-06-12,Lunch,B,Soup,4.99,1.5,7.48,Thursday,3,0,6,12,163,27.3,0.8,0,0,671,655,749,591,158,21.09,657
2025-06-12,Lunch,B,Vegetables,2.98,3.0,8.94,Thursday,3,0,6,12,163,27.3,0.8,0,0,734,757,797,692,105,13.17,628
2025-06-12,Lunch,C,Meat,0.83,8.0,6.64,Thursday,3,0,6,12,163,27.3,0.8,0,0,533,536,584,523,61,10.45,663
2025-06-12,Lunch,C,Rice,2.5,2.0,5.0,Thursday,3,0,6,12,163,27.3,0.8,0,0,509,524,559,501,58,10.38,507
2025-06-12,Lunch,C,Soup,1.79,1.5,2.68,Thursday,3,0,6,12,163,27.3,0.8,0,0,526,529,598,483,115,19.23,568
2025-06-12,Lunch,C,Vegetables,2.74,3.0,8.22,Thursday,3,0,6,12,163,27.3,0.8,0,0,484,478,540,450,90,16.67,582
2025-06-12,Lunch,D,Meat,2.76,8.0,22.08,Thursday,3,0,6,12,163,27.3,0.8,0,0,576,603,644,581,63,9.78,636
2025-06-12,Lunch,D,Rice,2.8,2.0,5.6,Thursday,3,0,6,12,163,27.3,0.8,0,0,549,534,618,507,111,17.96,538
2025-06-12,Lunch,D,Soup,1.68,1.5,2.52,Thursday,3,0,6,12,163,27.3,0.8,0,0,648,637,716,568,148,20.67,591
2025-06-12,Lunch,D,Vegetables,2.33,3.0,6.99,Thursday,3,0,6,12,163,27.3,0.8,0,0,607,622,652,582,70,10.74,692
2025-06-13,Breakfast,A,Meat,4.36,8.0,34.88,Friday,4,0,6,13,164,26.5,5.1,0,0,257,272,286,264,22,7.69,276
2025-06-13,Breakfast,A,Rice,2.99,2.0,5.98,Friday,4,0,6,13,164,26.5,5.1,0,0,290,296,322,284,38,11.8,229
2025-06-13,Breakfast,A,Soup,2.26,1.5,3.39,Friday,4,0,6,13,164,26.5,5.1,0,0,287,269,311,248,63,20.26,222
2025-06-13,Breakfast,B,Meat,2.34,8.0,18.72,Friday,4,0,6,13,164,26.5,5.1,0,0,304,279,341,276,65,19.06,173
2025-06-13,Breakfast,B,Rice,2.68,2.0,5.36,Friday,4,0,6,13,164,26.5,5.1,0,0,241,235,269,223,46,17.1,186
2025-06-13,Breakfast,B,Vegetables,3.64,3.0,10.92,Friday,4,0,6,13,164,26.5,5.1,0,0,276,267,313,245,68,21.73,259
2025-06-13,Breakfast,C,Meat,0.86,8.0,6.88,Friday,4,0,6,13,164,26.5,5.1,0,0,200,179,218,173,45,20.64,247
2025-06-13,Breakfast,C,Rice,3.31,2.0,6.62,Friday,4,0,6,13,164,26.5,5.1,0,0,219,192,245,186,59,24.08,284
2025-06-13,Breakfast,C,Soup,4.85,1.5,7.28,Friday,4,0,6,13,164,26.5,5.1,0,0,217,229,240,207,33,13.75,248
2025-06-13,Breakfast,C,Vegetables,2.4,3.0,7.2,Friday,4,0,6,13,164,26.5,5.1,0,0,229,229,261,211,50,19.16,226
2025-06-13,Breakfast,D,Meat,3.49,8.0,27.92,Friday,4,0,6,13,164,26.5,5.1,0,0,250,254,269,247,22,8.18,264
2025-06-13,Breakfast,D,Rice,1.76,2.0,3.52,Friday,4,0,6,13,164,26.5,5.1,0,0,242,240,266,229,37,13.91,249
2025-06-13,Breakfast,D,Soup,4.27,1.5,6.4,Friday,4,0,6,13,164,26.5,5.1,0,0,243,249,274,222,52,18.98,222
2025-06-13,Breakfast,D,Vegetables,3.28,3.0,9.84,Friday,4,0,6,13,164,26.5,5.1,0,0,244,245,265,226,39,14.72,245
2025-06-13,Dinner,A,Meat,2.27,8.0,18.16,Friday,4,0,6,13,164,26.5,5.1,0,0,466,456,506,437,69,13.64,341
2025-06-13,Dinner,A,Rice,4.38,2.0,8.76,Friday,4,0,6,13,164,26.5,5.1,0,0,448,465,491,438,53,10.79,369
2025-06-13,Dinner,A,Soup,4.53,1.5,6.8,Friday,4,0,6,13,164,26.5,5.1,0,0,441,427,487,381,106,21.77,350
2025-06-13,Dinner,B,Meat,4.0,8.0,32.0,Friday,4,0,6,13,164,26.5,5.1,0,0,435,383,485,376,109,22.47,299
2025-06-13,Dinner,B,Rice,0.33,2.0,0.66,Friday,4,0,6,13,164,26.5,5.1,0,0,394,395,438,382,56,12.79,438
2025-06-13,Dinner,B,Soup,1.94,1.5,2.91,Friday,4,0,6,13,164,26.5,5.1,0,0,396,387,451,350,101,22.39,336
2025-06-13,Dinner,B,Vegetables,1.54,3.0,4.62,Friday,4,0,6,13,164,26.5,5.1,0,0,416,415,458,390,68,14.85,285
2025-06-13,Dinner,C,Meat,2.7,8.0,21.6,Friday,4,0,6,13,164,26.5,5.1,0,0,334,314,381,299,82,21.52,437
2025-06-13,Dinner,C,Rice,0.81,2.0,1.62,Friday,4,0,6,13,164,26.5,5.1,0,0,372,390,408,378,30,7.35,382
2025-06-13,Dinner,C,Soup,3.98,1.5,5.97,Friday,4,0,6,13,164,26.5,5.1,0,0,352,363,384,336,48,12.5,352
2025-06-13,Dinner,C,Vegetables,2.87,3.0,8.61,Friday,4,0,6,13,164,26.5,5.1,0,0,340,342,378,314,64,16.93,386
2025-06-13,Dinner,D,Meat,0.49,8.0,3.92,Friday,4,0,6,13,164,26.5,5.1,0,0,349,351,398,341,57,14.32,344
2025-06-13,Dinner,D,Rice,0.93,2.0,1.86,Friday,4,0,6,13,164,26.5,5.1,0,0,379,387,413,377,36,8.72,378
2025-06-13,Dinner,D,Soup,3.14,1.5,4.71,Friday,4,0,6,13,164,26.5,5.1,0,0,372,332,421,307,114,27.08,381
2025-06-13,Dinner,D,Vegetables,4.37,3.0,13.11,Friday,4,0,6,13,164,26.5,5.1,0,0,396,421,436,386,50,11.47,390
2025-06-13,Lunch,A,Meat,4.31,8.0,34.48,Friday,4,0,6,13,164,26.5,5.1,0,0,762,751,819,738,81,9.89,537
2025-06-13,Lunch,A,Rice,4.28,2.0,8.56,Friday,4,0,6,13,164,26.5,5.1,0,0,716,749,794,718,76,9.57,444
2025-06-13,Lunch,A,Soup,1.65,1.5,2.47,Friday,4,0,6,13,164,26.5,5.1,0,0,720,698,784,632,152,19.39,516
2025-06-13,Lunch,A,Vegetables,1.96,3.0,5.88,Friday,4,0,6,13,164,26.5,5.1,0,0,720,742,819,698,121,14.77,600
2025-06-13,Lunch,B,Meat,3.82,8.0,30.56,Friday,4,0,6,13,164,26.5,5.1,0,0,684,661,734,653,81,11.04,738
2025-06-13,Lunch,B,Rice,3.62,2.0,7.24,Friday,4,0,6,13,164,26.5,5.1,0,0,713,735,779,702,77,9.88,718
2025-06-13,Lunch,B,Soup,0.28,1.5,0.42,Friday,4,0,6,13,164,26.5,5.1,0,0,614,651,691,589,102,14.76,632
2025-06-13,Lunch,B,Vegetables,4.37,3.0,13.11,Friday,4,0,6,13,164,26.5,5.1,0,0,643,583,732,541,191,26.09,673
2025-06-13,Lunch,C,Meat,3.19,8.0,25.52,Friday,4,0,6,13,164,26.5,5.1,0,0,548,555,612,537,75,12.25,581
2025-06-13,Lunch,C,Rice,0.44,2.0,0.88,Friday,4,0,6,13,164,26.5,5.1,0,0,485,470,520,444,76,14.62,539
2025-06-13,Lunch,C,Soup,4.99,1.5,7.48,Friday,4,0,6,13,164,26.5,5.1,0,0,574,555,622,516,106,17.04,483
2025-06-13,Lunch,D,Meat,2.23,8.0,17.84,Friday,4,0,6,13,164,26.5,5.1,0,0,586,584,639,575,64,10.02,653
2025-06-13,Lunch,D,Rice,3.76,2.0,7.52,Friday,4,0,6,13,164,26.5,5.1,0,0,549,552,615,539,76,12.36,646
2025-06-13,Lunch,D,Soup,3.21,1.5,4.81,Friday,4,0,6,13,164,26.5,5.1,0,0,538,560,594,505,89,14.98,589
2025-06-13,Lunch,D,Vegetables,0.58,3.0,1.74,Friday,4,0,6,13,164,26.5,5.1,0,0,630,640,675,600,75,11.11,541
2025-06-14,Breakfast,A,Meat,4.57,8.0,36.56,Saturday,5,1,6,14,165,26.6,0.0,0,0,149,145,163,140,23,14.11,136
2025-06-14,Breakfast,A,Rice,1.28,2.0,2.56,Saturday,5,1,6,14,165,26.6,0.0,0,0,170,174,190,170,20,10.53,130
2025-06-14,Breakfast,A,Soup,2.36,1.5,3.54,Saturday,5,1,6,14,165,26.6,0.0,0,0,159,164,173,152,21,12.14,128
2025-06-14,Breakfast,B,Meat,1.35,8.0,10.8,Saturday,5,1,6,14,165,26.6,0.0,0,0,148,147,165,144,21,12.73,264
2025-06-14,Breakfast,B,Rice,1.34,2.0,2.68,Saturday,5,1,6,14,165,26.6,0.0,0,0,130,140,148,136,12,8.11,119
2025-06-14,Breakfast,B,Soup,4.04,1.5,6.06,Saturday,5,1,6,14,165,26.6,0.0,0,0,148,150,166,136,30,18.07,207
2025-06-14,Breakfast,B,Vegetables,0.15,3.0,0.45,Saturday,5,1,6,14,165,26.6,0.0,0,0,148,144,162,132,30,18.52,122
2025-06-14,Breakfast,C,Meat,3.42,8.0,27.36,Saturday,5,1,6,14,165,26.6,0.0,0,0,131,135,146,133,13,8.9,140
2025-06-14,Breakfast,C,Rice,4.52,2.0,9.04,Saturday,5,1,6,14,165,26.6,0.0,0,0,127,122,144,119,25,17.36,223
2025-06-14,Breakfast,C,Soup,2.26,1.5,3.39,Saturday,5,1,6,14,165,26.6,0.0,0,0,113,121,127,111,16,12.6,152
2025-06-14,Breakfast,C,Vegetables,0.87,3.0,2.61,Saturday,5,1,6,14,165,26.6,0.0,0,0,120,112,136,104,32,23.53,132
2025-06-14,Breakfast,D,Meat,2.98,8.0,23.84,Saturday,5,1,6,14,165,26.6,0.0,0,0,137,140,156,136,20,12.82,144
2025-06-14,Breakfast,D,Rice,1.79,2.0,3.58,Saturday,5,1,6,14,165,26.6,0.0,0,0,129,134,142,130,12,8.45,136
2025-06-14,Breakfast,D,Soup,2.18,1.5,3.27,Saturday,5,1,6,14,165,26.6,0.0,0,0,132,138,150,128,22,14.67,136
2025-06-14,Breakfast,D,Vegetables,3.23,3.0,9.69,Saturday,5,1,6,14,165,26.6,0.0,0,0,131,131,143,122,21,14.69,211
2025-06-14,Dinner,A,Meat,3.07,8.0,24.56,Saturday,5,1,6,14,165,26.6,0.0,0,0,250,252,269,249,20,7.43,376
2025-06-14,Dinner,A,Rice,0.34,2.0,0.68,Saturday,5,1,6,14,165,26.6,0.0,0,0,287,289,323,281,42,13.0,192
2025-06-14,Dinner,A,Soup,4.53,1.5,6.8,Saturday,5,1,6,14,165,26.6,0.0,0,0,244,238,264,212,52,19.7,307
2025-06-14,Dinner,A,Vegetables,2.53,3.0,7.59,Saturday,5,1,6,14,165,26.6,0.0,0,0,281,274,309,257,52,16.83,314
2025-06-14,Dinner,B,Meat,4.01,8.0,32.08,Saturday,5,1,6,14,165,26.6,0.0,0,0,216,210,244,205,39,15.98,174
2025-06-14,Dinner,B,Rice,1.5,2.0,3.0,Saturday,5,1,6,14,165,26.6,0.0,0,0,235,213,260,203,57,21.92,281
2025-06-14,Dinner,B,Soup,1.83,1.5,2.74,Saturday,5,1,6,14,165,26.6,0.0,0,0,232,230,253,207,46,18.18,212
2025-06-14,Dinner,B,Vegetables,3.07,3.0,9.21,Saturday,5,1,6,14,165,26.6,0.0,0,0,255,252,286,230,56,19.58,257
2025-06-14,Dinner,C,Meat,3.14,8.0,25.12,Saturday,5,1,6,14,165,26.6,0.0,0,0,192,181,219,174,45,20.55,249
2025-06-14,Dinner,C,Rice,3.22,2.0,6.44,Saturday,5,1,6,14,165,26.6,0.0,0,0,197,203,220,192,28,12.73,208
2025-06-14,Dinner,C,Soup,3.63,1.5,5.44,Saturday,5,1,6,14,165,26.6,0.0,0,0,187,180,207,162,45,21.74,169
2025-06-14,Dinner,D,Rice,3.33,2.0,6.66,Saturday,5,1,6,14,165,26.6,0.0,0,0,214,216,234,208,26,11.11,377
2025-06-14,Dinner,D,Soup,4.53,1.5,6.8,Saturday,5,1,6,14,165,26.6,0.0,0,0,210,188,227,169,58,25.55,207
2025-06-14,Dinner,D,Vegetables,3.18,3.0,9.54,Saturday,5,1,6,14,165,26.6,0.0,0,0,217,225,239,213,26,10.88,230
2025-06-14,Lunch,A,Soup,1.98,1.5,2.97,Saturday,5,1,6,14,165,26.6,0.0,0,0,370,335,407,302,105,25.8,287
2025-06-14,Lunch,A,Vegetables,1.08,3.0,3.24,Saturday,5,1,6,14,165,26.6,0.0,0,0,418,435,468,408,60,12.82,698
2025-06-14,Lunch,B,Meat,1.26,8.0,10.08,Saturday,5,1,6,14,165,26.6,0.0,0,0,370,375,409,360,49,11.98,273
2025-06-14,Lunch,B,Rice,2.47,2.0,4.94,Saturday,5,1,6,14,165,26.6,0.0,0,0,355,354,399,344,55,13.78,268
2025-06-14,Lunch,B,Soup,2.92,1.5,4.38,Saturday,5,1,6,14,165,26.6,0.0,0,0,370,370,412,336,76,18.45,256
2025-06-14,Lunch,B,Vegetables,2.9,3.0,8.7,Saturday,5,1,6,14,165,26.6,0.0,0,0,370,352,401,328,73,18.2,326
2025-06-14,Lunch,C,Meat,1.55,8.0,12.4,Saturday,5,1,6,14,165,26.6,0.0,0,0,282,278,307,273,34,11.07,352
2025-06-14,Lunch,C,Rice,4.96,2.0,9.92,Saturday,5,1,6,14,165,26.6,0.0,0,0,271,283,307,268,39,12.7,702
2025-06-14,Lunch,C,Soup,3.33,1.5,5.0,Saturday,5,1,6,14,165,26.6,0.0,0,0,278,282,312,256,56,17.95,302
2025-06-14,Lunch,C,Vegetables,4.89,3.0,14.67,Saturday,5,1,6,14,165,26.6,0.0,0,0,335,347,374,326,48,12.83,408
2025-06-14,Lunch,D,Meat,2.87,8.0,22.96,Saturday,5,1,6,14,165,26.6,0.0,0,0,363,359,390,352,38,9.74,575
2025-06-14,Lunch,D,Rice,1.44,2.0,2.88,Saturday,5,1,6,14,165,26.6,0.0,0,0,346,368,372,360,12,3.23,344
2025-06-14,Lunch,D,Soup,3.75,1.5,5.62,Saturday,5,1,6,14,165,26.6,0.0,0,0,327,309,372,287,85,22.85,505
2025-06-14,Lunch,D,Vegetables,3.46,3.0,10.38,Saturday,5,1,6,14,165,26.6,0.0,0,0,352,349,396,323,73,18.43,328
2025-06-15,Breakfast,A,Meat,1.61,8.0,12.88,Sunday,6,1,6,15,166,25.9,0.0,0,0,173,168,188,160,28,14.89,120
2025-06-15,Breakfast,A,Rice,3.27,2.0,6.54,Sunday,6,1,6,15,166,25.9,0.0,0,0,174,169,192,165,27,14.06,148
2025-06-15,Breakfast,A,Soup,2.94,1.5,4.41,Sunday,6,1,6,15,166,25.9,0.0,0,0,167,172,180,154,26,14.44,129
2025-06-15,Breakfast,A,Vegetables,2.26,3.0,6.78,Sunday,6,1,6,15,166,25.9,0.0,0,0,166,168,181,153,28,15.47,104
2025-06-15,Breakfast,B,Rice,3.69,2.0,7.38,Sunday,6,1,6,15,166,25.9,0.0,0,0,160,157,176,148,28,15.91,170
2025-06-15,Breakfast,B,Soup,3.76,1.5,5.64,Sunday,6,1,6,15,166,25.9,0.0,0,0,157,164,172,146,26,15.12,115
2025-06-15,Breakfast,B,Vegetables,1.55,3.0,4.65,Sunday,6,1,6,15,166,25.9,0.0,0,0,153,144,171,132,39,22.81,153
2025-06-15,Breakfast,C,Soup,4.86,1.5,7.29,Sunday,6,1,6,15,166,25.9,0.0,0,0,118,124,128,115,13,10.16,111
2025-06-15,Breakfast,D,Meat,4.58,8.0,36.64,Sunday,6,1,6,15,166,25.9,0.0,0,0,128,124,143,120,23,16.08,133
2025-06-15,Breakfast,D,Rice,2.7,2.0,5.4,Sunday,6,1,6,15,166,25.9,0.0,0,0,145,134,160,128,32,20.0,165
2025-06-15,Breakfast,D,Soup,1.36,1.5,2.04,Sunday,6,1,6,15,166,25.9,0.0,0,0,150,145,162,129,33,20.37,146
2025-06-15,Dinner,A,Rice,0.17,2.0,0.34,Sunday,6,1,6,15,166,25.9,0.0,0,0,242,241,266,235,31,11.65,198
2025-06-15,Dinner,A,Soup,3.4,1.5,5.1,Sunday,6,1,6,15,166,25.9,0.0,0,0,270,266,301,247,54,17.94,213
2025-06-15,Dinner,A,Vegetables,2.33,3.0,6.99,Sunday,6,1,6,15,166,25.9,0.0,0,0,268,260,294,237,57,19.39,213
2025-06-15,Dinner,B,Meat,2.96,8.0,23.68,Sunday,6,1,6,15,166,25.9,0.0,0,0,225,227,257,220,37,14.4,211
2025-06-15,Dinner,B,Rice,3.39,2.0,6.78,Sunday,6,1,6,15,166,25.9,0.0,0,0,236,267,268,258,10,3.73,235
2025-06-15,Dinner,B,Soup,4.71,1.5,7.06,Sunday,6,1,6,15,166,25.9,0.0,0,0,225,234,246,213,33,13.41,185
2025-06-15,Dinner,B,Vegetables,4.13,3.0,12.39,Sunday,6,1,6,15,166,25.9,0.0,0,0,227,221,246,206,40,16.26,193
2025-06-15,Dinner,C,Meat,1.25,8.0,10.0,Sunday,6,1,6,15,166,25.9,0.0,0,0,188,189,212,184,28,13.21,205
2025-06-15,Dinner,C,Rice,0.63,2.0,1.26,Sunday,6,1,6,15,166,25.9,0.0,0,0,194,189,218,183,35,16.06,258
2025-06-15,Dinner,C,Soup,4.43,1.5,6.64,Sunday,6,1,6,15,166,25.9,0.0,0,0,192,186,208,167,41,19.71,247
2025-06-15,Dinner,C,Vegetables,0.22,3.0,0.66,Sunday,6,1,6,15,166,25.9,0.0,0,0,174,175,192,164,28,14.58,206
2025-06-15,Dinner,D,Meat,4.58,8.0,36.64,Sunday,6,1,6,15,166,25.9,0.0,0,0,207,218,225,211,14,6.22,184
2025-06-15,Dinner,D,Rice,2.85,2.0,5.7,Sunday,6,1,6,15,166,25.9,0.0,0,0,198,207,220,198,22,10.0,203
2025-06-15,Dinner,D,Soup,0.41,1.5,0.62,Sunday,6,1,6,15,166,25.9,0.0,0,0,193,207,217,185,32,14.75,162
2025-06-15,Dinner,D,Vegetables,1.18,3.0,3.54,Sunday,6,1,6,15,166,25.9,0.0,0,0,223,208,250,193,57,22.8,237
2025-06-15,Lunch,A,Meat,2.46,8.0,19.68,Sunday,6,1,6,15,166,25.9,0.0,0,0,394,389,446,372,74,16.59,319
2025-06-15,Lunch,A,Rice,4.14,2.0,8.28,Sunday,6,1,6,15,166,25.9,0.0,0,0,380,417,426,403,23,5.4,354
2025-06-15,Lunch,A,Soup,3.76,1.5,5.64,Sunday,6,1,6,15,166,25.9,0.0,0,0,376,352,428,324,104,24.3,336
2025-06-15,Lunch,A,Vegetables,4.05,3.0,12.15,Sunday,6,1,6,15,166,25.9,0.0,0,0,347,349,380,328,52,13.68,218
2025-06-15,Lunch,B,Meat,0.66,8.0,5.28,Sunday,6,1,6,15,166,25.9,0.0,0,0,372,335,413,319,94,22.76,286
2025-06-15,Lunch,B,Rice,1.76,2.0,3.52,Sunday,6,1,6,15,166,25.9,0.0,0,0,370,371,405,354,51,12.59,360
2025-06-15,Lunch,B,Soup,0.79,1.5,1.18,Sunday,6,1,6,15,166,25.9,0.0,0,0,337,342,366,314,52,14.21,306
2025-06-15,Lunch,B,Vegetables,4.82,3.0,14.46,Sunday,6,1,6,15,166,25.9,0.0,0,0,349,342,390,317,73,18.72,320
2025-06-15,Lunch,C,Meat,4.31,8.0,34.48,Sunday,6,1,6,15,166,25.9,0.0,0,0,263,263,288,253,35,12.15,372
2025-06-15,Lunch,C,Rice,4.84,2.0,9.68,Sunday,6,1,6,15,166,25.9,0.0,0,0,310,313,338,301,37,10.95,319
2025-06-15,Lunch,C,Soup,4.9,1.5,7.35,Sunday,6,1,6,15,166,25.9,0.0,0,0,300,334,335,306,29,8.66,324
2025-06-15,Lunch,C,Vegetables,3.65,3.0,10.95,Sunday,6,1,6,15,166,25.9,0.0,0,0,244,237,271,218,53,19.56,323
2025-06-15,Lunch,D,Meat,4.04,8.0,32.32,Sunday,6,1,6,15,166,25.9,0.0,0,0,308,292,349,286,63,18.05,360
2025-06-15,Lunch,D,Rice,4.84,2.0,9.68,Sunday,6,1,6,15,166,25.9,0.0,0,0,327,333,354,319,35,9.89,403
2025-06-15,Lunch,D,Soup,3.97,1.5,5.96,Sunday,6,1,6,15,166,25.9,0.0,0,0,331,324,364,295,69,18.96,314
2025-06-15,Lunch,D,Vegetables,1.89,3.0,5.67,Sunday,6,1,6,15,166,25.9,0.0,0,0,343,345,368,320,48,13.04,328
2025-06-16,Breakfast,A,Rice,4.14,2.0,8.28,Monday,0,0,6,16,167,25.0,0.0,0,1,402,402,438,389,49,11.19,290
2025-06-16,Breakfast,A,Soup,2.1,1.5,3.15,Monday,0,0,6,16,167,25.0,0.0,0,1,448,464,510,415,95,18.63,336
2025-06-16,Breakfast,A,Vegetables,1.58,3.0,4.74,Monday,0,0,6,16,167,25.0,0.0,0,1,400,407,444,383,61,13.74,268
2025-06-16,Breakfast,B,Meat,4.74,8.0,37.92,Monday,0,0,6,16,167,25.0,0.0,0,1,402,405,436,400,36,8.26,275
2025-06-16,Breakfast,B,Rice,0.78,2.0,1.56,Monday,0,0,6,16,167,25.0,0.0,0,1,329,330,359,311,48,13.37,389
2025-06-16,Breakfast,B,Soup,2.51,1.5,3.76,Monday,0,0,6,16,167,25.0,0.0,0,1,382,370,419,336,83,19.81,275
2025-06-16,Breakfast,B,Vegetables,1.59,3.0,4.77,Monday,0,0,6,16,167,25.0,0.0,0,1,352,338,397,320,77,19.4,318
2025-06-16,Breakfast,C,Meat,4.45,8.0,35.6,Monday,0,0,6,16,167,25.0,0.0,0,1,265,278,300,275,25,8.33,160
2025-06-16,Breakfast,C,Rice,0.58,2.0,1.16,Monday,0,0,6,16,167,25.0,0.0,0,1,331,315,367,299,68,18.53,311
2025-06-16,Breakfast,C,Soup,2.32,1.5,3.48,Monday,0,0,6,16,167,25.0,0.0,0,1,297,306,337,275,62,18.4,154
2025-06-16,Breakfast,C,Vegetables,0.76,3.0,2.28,Monday,0,0,6,16,167,25.0,0.0,0,1,300,294,340,268,72,21.18,320
2025-06-16,Breakfast,D,Rice,3.39,2.0,6.78,Monday,0,0,6,16,167,25.0,0.0,0,1,304,307,339,290,49,14.45,128
2025-06-16,Breakfast,D,Soup,2.15,1.5,3.22,Monday,0,0,6,16,167,25.0,0.0,0,1,338,328,384,295,89,23.18,415
2025-06-16,Breakfast,D,Vegetables,4.74,3.0,14.22,Monday,0,0,6,16,167,25.0,0.0,0,1,324,335,348,318,30,8.62,132
2025-06-16,Dinner,A,Meat,2.05,8.0,16.4,Monday,0,0,6,16,167,25.0,0.0,0,1,685,713,736,699,37,5.03,470
2025-06-16,Dinner,A,Rice,1.86,2.0,3.72,Monday,0,0,6,16,167,25.0,0.0,0,1,652,652,742,624,118,15.9,183
2025-06-16,Dinner,A,Soup,0.7,1.5,1.05,Monday,0,0,6,16,167,25.0,0.0,0,1,581,618,623,567,56,8.99,549
2025-06-16,Dinner,A,Vegetables,1.03,3.0,3.09,Monday,0,0,6,16,167,25.0,0.0,0,1,622,583,668,537,131,19.61,507
2025-06-16,Dinner,B,Meat,2.33,8.0,18.64,Monday,0,0,6,16,167,25.0,0.0,0,1,566,584,608,575,33,5.43,699
2025-06-16,Dinner,B,Rice,4.26,2.0,8.52,Monday,0,0,6,16,167,25.0,0.0,0,1,638,662,690,644,46,6.67,624
2025-06-16,Dinner,B,Soup,3.24,1.5,4.86,Monday,0,0,6,16,167,25.0,0.0,0,1,598,610,651,549,102,15.67,438
2025-06-16,Dinner,B,Vegetables,3.35,3.0,10.05,Monday,0,0,6,16,167,25.0,0.0,0,1,582,591,631,557,74,11.73,440
2025-06-16,Dinner,C,Meat,0.2,8.0,1.6,Monday,0,0,6,16,167,25.0,0.0,0,1,486,476,548,470,78,14.23,220
2025-06-16,Dinner,C,Rice,3.03,2.0,6.06,Monday,0,0,6,16,167,25.0,0.0,0,1,534,528,595,503,92,15.46,644
2025-06-16,Dinner,C,Soup,1.29,1.5,1.94,Monday,0,0,6,16,167,25.0,0.0,0,1,476,491,511,438,73,14.29,167
2025-06-16,Dinner,C,Vegetables,3.96,3.0,11.88,Monday,0,0,6,16,167,25.0,0.0,0,1,488,466,533,440,93,17.45,164
2025-06-16,Dinner,D,Meat,2.87,8.0,22.96,Monday,0,0,6,16,167,25.0,0.0,0,1,527,525,600,506,94,15.67,575
2025-06-16,Dinner,D,Rice,0.72,2.0,1.44,Monday,0,0,6,16,167,25.0,0.0,0,1,477,489,537,468,69,12.85,503
2025-06-16,Dinner,D,Soup,3.85,1.5,5.78,Monday,0,0,6,16,167,25.0,0.0,0,1,435,429,495,398,97,19.6,567
2025-06-16,Dinner,D,Vegetables,0.44,3.0,1.32,Monday,0,0,6,16,167,25.0,0.0,0,1,528,541,573,507,66,11.52,557
2025-06-16,Lunch,A,Meat,0.86,8.0,6.88,Monday,0,0,6,16,167,25.0,0.0,0,1,884,839,948,807,141,14.87,253
2025-06-16,Lunch,A,Rice,3.74,2.0,7.48,Monday,0,0,6,16,167,25.0,0.0,0,1,906,940,1016,908,108,10.63,301
2025-06-16,Lunch,A,Soup,0.59,1.5,0.88,Monday,0,0,6,16,167,25.0,0.0,0,1,952,921,1045,847,198,18.95,295
2025-06-16,Lunch,A,Vegetables,2.13,3.0,6.39,Monday,0,0,6,16,167,25.0,0.0,0,1,947,880,1074,821,253,23.56,638
2025-06-16,Lunch,B,Meat,2.1,8.0,16.8,Monday,0,0,6,16,167,25.0,0.0,0,1,907,901,993,874,119,11.98,807
2025-06-16,Lunch,B,Rice,2.5,2.0,5.0,Monday,0,0,6,16,167,25.0,0.0,0,1,887,853,974,827,147,15.09,908
2025-06-16,Lunch,B,Soup,0.26,1.5,0.39,Monday,0,0,6,16,167,25.0,0.0,0,1,961,985,1091,913,178,16.32,847
2025-06-16,Lunch,C,Meat,2.27,8.0,18.16,Monday,0,0,6,16,167,25.0,0.0,0,1,715,660,808,638,170,21.04,874
2025-06-16,Lunch,C,Rice,1.92,2.0,3.84,Monday,0,0,6,16,167,25.0,0.0,0,1,738,706,834,684,150,17.99,827
2025-06-16,Lunch,C,Soup,4.29,1.5,6.44,Monday,0,0,6,16,167,25.0,0.0,0,1,738,719,812,656,156,19.21,699
2025-06-16,Lunch,C,Vegetables,4.76,3.0,14.28,Monday,0,0,6,16,167,25.0,0.0,0,1,694,674,772,638,134,17.36,757
2025-06-16,Lunch,D,Meat,3.46,8.0,27.68,Monday,0,0,6,16,167,25.0,0.0,0,1,786,853,872,842,30,3.44,638
2025-06-16,Lunch,D,Rice,0.59,2.0,1.18,Monday,0,0,6,16,167,25.0,0.0,0,1,732,701,808,685,123,15.22,684
2025-06-16,Lunch,D,Soup,4.89,1.5,7.33,Monday,0,0,6,16,167,25.0,0.0,0,1,738,772,838,699,139,16.59,913
2025-06-16,Lunch,D,Vegetables,2.77,3.0,8.31,Monday,0,0,6,16,167,25.0,0.0,0,1,862,816,976,757,219,22.44,317
2025-06-17,Breakfast,A,Meat,1.16,8.0,9.28,Tuesday,1,0,6,17,168,25.6,41.6,0,0,292,289,321,275,46,14.33,400
2025-06-17,Breakfast,A,Rice,1.12,2.0,2.24,Tuesday,1,0,6,17,168,25.6,41.6,0,0,264,262,291,251,40,13.75,242
2025-06-17,Breakfast,A,Soup,1.71,1.5,2.56,Tuesday,1,0,6,17,168,25.6,41.6,0,0,283,244,310,221,89,28.71,295
2025-06-17,Breakfast,A,Vegetables,4.36,3.0,13.08,Tuesday,1,0,6,17,168,25.6,41.6,0,0,266,271,296,250,46,15.54,172
2025-06-17,Breakfast,B,Rice,0.82,2.0,1.64,Tuesday,1,0,6,17,168,25.6,41.6,0,0,252,249,278,242,36,12.95,245
2025-06-17,Breakfast,B,Soup,4.31,1.5,6.46,Tuesday,1,0,6,17,168,25.6,41.6,0,0,229,223,253,199,54,21.34,196
2025-06-17,Breakfast,B,Vegetables,0.11,3.0,0.33,Tuesday,1,0,6,17,168,25.6,41.6,0,0,251,259,272,239,33,12.13,250
2025-06-17,Breakfast,C,Meat,0.74,8.0,5.92,Tuesday,1,0,6,17,168,25.6,41.6,0,0,198,179,213,174,39,18.31,275
2025-06-17,Breakfast,C,Rice,0.81,2.0,1.62,Tuesday,1,0,6,17,168,25.6,41.6,0,0,216,215,245,209,36,14.69,299
2025-06-17,Breakfast,C,Soup,0.96,1.5,1.44,Tuesday,1,0,6,17,168,25.6,41.6,0,0,218,214,240,198,42,17.5,221
2025-06-17,Breakfast,C,Vegetables,1.33,3.0,3.99,Tuesday,1,0,6,17,168,25.6,41.6,0,0,202,186,231,172,59,25.54,383
2025-06-17,Breakfast,D,Meat,0.23,8.0,1.84,Tuesday,1,0,6,17,168,25.6,41.6,0,0,220,222,249,216,33,13.25,174
2025-06-17,Breakfast,D,Rice,3.34,2.0,6.68,Tuesday,1,0,6,17,168,25.6,41.6,0,0,249,252,270,245,25,9.26,209
2025-06-17,Breakfast,D,Soup,3.97,1.5,5.96,Tuesday,1,0,6,17,168,25.6,41.6,0,0,227,218,250,196,54,21.6,198
2025-06-17,Breakfast,D,Vegetables,0.17,3.0,0.51,Tuesday,1,0,6,17,168,25.6,41.6,0,0,260,234,283,213,70,24.73,239
2025-06-17,Dinner,A,Meat,2.34,8.0,18.72,Tuesday,1,0,6,17,168,25.6,41.6,0,0,461,449,509,438,71,13.95,506
2025-06-17,Dinner,A,Rice,2.66,2.0,5.32,Tuesday,1,0,6,17,168,25.6,41.6,0,0,401,379,450,362,88,19.56,304
2025-06-17,Dinner,A,Soup,0.4,1.5,0.6,Tuesday,1,0,6,17,168,25.6,41.6,0,0,390,396,429,361,68,15.85,372
2025-06-17,Dinner,A,Vegetables,4.82,3.0,14.46,Tuesday,1,0,6,17,168,25.6,41.6,0,0,438,420,470,398,72,15.32,537
2025-06-17,Dinner,B,Meat,2.07,8.0,16.56,Tuesday,1,0,6,17,168,25.6,41.6,0,0,407,384,445,374,71,15.96,438
2025-06-17,Dinner,B,Rice,2.45,2.0,4.9,Tuesday,1,0,6,17,168,25.6,41.6,0,0,372,372,405,363,42,10.37,468
2025-06-17,Dinner,B,Soup,2.5,1.5,3.75,Tuesday,1,0,6,17,168,25.6,41.6,0,0,419,411,476,372,104,21.85,274
2025-06-17,Dinner,B,Vegetables,3.46,3.0,10.38,Tuesday,1,0,6,17,168,25.6,41.6,0,0,439,411,500,379,121,24.2,313
2025-06-17,Dinner,C,Meat,0.46,8.0,3.68,Tuesday,1,0,6,17,168,25.6,41.6,0,0,316,284,355,278,77,21.69,374
2025-06-17,Dinner,C,Rice,4.56,2.0,9.12,Tuesday,1,0,6,17,168,25.6,41.6,0,0,320,311,360,304,56,15.56,394
2025-06-17,Dinner,C,Soup,3.08,1.5,4.62,Tuesday,1,0,6,17,168,25.6,41.6,0,0,305,303,331,274,57,17.22,398
2025-06-17,Dinner,D,Meat,1.45,8.0,11.6,Tuesday,1,0,6,17,168,25.6,41.6,0,0,335,322,362,306,56,15.47,278
2025-06-17,Dinner,D,Rice,0.42,2.0,0.84,Tuesday,1,0,6,17,168,25.6,41.6,0,0,374,412,413,394,19,4.6,363
2025-06-17,Dinner,D,Soup,2.79,1.5,4.19,Tuesday,1,0,6,17,168,25.6,41.6,0,0,343,351,391,319,72,18.41,361
2025-06-17,Dinner,D,Vegetables,3.2,3.0,9.6,Tuesday,1,0,6,17,168,25.6,41.6,0,0,338,338,368,313,55,14.95,398
2025-06-17,Lunch,A,Meat,1.69,8.0,13.52,Tuesday,1,0,6,17,168,25.6,41.6,0,0,644,616,708,606,102,14.41,471
2025-06-17,Lunch,A,Rice,1.27,2.0,2.54,Tuesday,1,0,6,17,168,25.6,41.6,0,0,677,739,737,708,29,3.93,685
2025-06-17,Lunch,A,Soup,0.36,1.5,0.54,Tuesday,1,0,6,17,168,25.6,41.6,0,0,736,746,813,693,120,14.76,465
2025-06-17,Lunch,A,Vegetables,0.95,3.0,2.85,Tuesday,1,0,6,17,168,25.6,41.6,0,0,631,646,687,596,91,13.25,485
2025-06-17,Lunch,B,Meat,2.68,8.0,21.44,Tuesday,1,0,6,17,168,25.6,41.6,0,0,578,595,634,567,67,10.57,842
2025-06-17,Lunch,B,Rice,3.73,2.0,7.46,Tuesday,1,0,6,17,168,25.6,41.6,0,0,532,533,570,507,63,11.05,708
2025-06-17,Lunch,B,Soup,2.43,1.5,3.65,Tuesday,1,0,6,17,168,25.6,41.6,0,0,581,612,660,568,92,13.94,693
2025-06-17,Lunch,B,Vegetables,3.75,3.0,11.25,Tuesday,1,0,6,17,168,25.6,41.6,0,0,614,601,686,558,128,18.66,596
2025-06-17,Lunch,C,Meat,2.61,8.0,20.88,Tuesday,1,0,6,17,168,25.6,41.6,0,0,448,478,484,471,13,2.69,567
2025-06-17,Lunch,C,Rice,3.91,2.0,7.82,Tuesday,1,0,6,17,168,25.6,41.6,0,0,460,516,524,497,27,5.15,455
2025-06-17,Lunch,C,Soup,2.57,1.5,3.85,Tuesday,1,0,6,17,168,25.6,41.6,0,0,526,518,566,465,101,17.84,656
2025-06-17,Lunch,C,Vegetables,0.63,3.0,1.89,Tuesday,1,0,6,17,168,25.6,41.6,0,0,516,517,558,485,73,13.08,420
2025-06-17,Lunch,D,Rice,4.73,2.0,9.46,Tuesday,1,0,6,17,168,25.6,41.6,0,0,520,466,578,455,123,21.28,507
2025-06-17,Lunch,D,Soup,4.35,1.5,6.52,Tuesday,1,0,6,17,168,25.6,41.6,0,0,557,586,598,527,71,11.87,568
2025-06-17,Lunch,D,Vegetables,3.94,3.0,11.82,Tuesday,1,0,6,17,168,25.6,41.6,0,0,515,460,573,420,153,26.7,821
2025-06-18,Breakfast,A,Rice,1.69,2.0,3.38,Wednesday,2,0,6,18,169,28.7,0.0,0,0,312,328,352,313,39,11.08,250
2025-06-18,Breakfast,A,Soup,2.32,1.5,3.48,Wednesday,2,0,6,18,169,28.7,0.0,0,0,259,260,278,235,43,15.47,201
2025-06-18,Breakfast,A,Vegetables,2.7,3.0,8.1,Wednesday,2,0,6,18,169,28.7,0.0,0,0,281,256,320,242,78,24.38,288
2025-06-18,Breakfast,B,Meat,0.59,8.0,4.72,Wednesday,2,0,6,18,169,28.7,0.0,0,0,275,287,297,279,18,6.06,221
2025-06-18,Breakfast,B,Rice,3.07,2.0,6.14,Wednesday,2,0,6,18,169,28.7,0.0,0,0,271,265,295,249,46,15.59,216
2025-06-18,Breakfast,B,Soup,4.28,1.5,6.42,Wednesday,2,0,6,18,169,28.7,0.0,0,0,271,291,296,264,32,10.81,221
2025-06-18,Breakfast,B,Vegetables,3.54,3.0,10.62,Wednesday,2,0,6,18,169,28.7,0.0,0,0,286,308,314,288,26,8.28,221
2025-06-18,Breakfast,C,Meat,3.87,8.0,30.96,Wednesday,2,0,6,18,169,28.7,0.0,0,0,230,221,248,215,33,13.31,279
2025-06-18,Breakfast,C,Rice,3.29,2.0,6.58,Wednesday,2,0,6,18,169,28.7,0.0,0,0,230,226,262,216,46,17.56,251
2025-06-18,Breakfast,C,Soup,1.15,1.5,1.72,Wednesday,2,0,6,18,169,28.7,0.0,0,0,240,241,260,221,39,15.0,199
2025-06-18,Breakfast,C,Vegetables,3.63,3.0,10.89,Wednesday,2,0,6,18,169,28.7,0.0,0,0,215,203,231,188,43,18.61,242
2025-06-18,Breakfast,D,Meat,1.22,8.0,9.76,Wednesday,2,0,6,18,169,28.7,0.0,0,0,240,224,272,221,51,18.75,216
2025-06-18,Breakfast,D,Rice,2.31,2.0,4.62,Wednesday,2,0,6,18,169,28.7,0.0,0,0,254,263,273,250,23,8.42,249
2025-06-18,Breakfast,D,Soup,2.32,1.5,3.48,Wednesday,2,0,6,18,169,28.7,0.0,0,0,245,224,276,201,75,27.17,264
2025-06-18,Breakfast,D,Vegetables,1.76,3.0,5.28,Wednesday,2,0,6,18,169,28.7,0.0,0,0,248,240,268,221,47,17.54,213
2025-06-18,Dinner,A,Meat,0.7,8.0,5.6,Wednesday,2,0,6,18,169,28.7,0.0,0,0,489,517,533,503,30,5.63,431
2025-06-18,Dinner,A,Rice,1.72,2.0,3.44,Wednesday,2,0,6,18,169,28.7,0.0,0,0,424,410,464,388,76,16.38,362
2025-06-18,Dinner,A,Soup,3.36,1.5,5.04,Wednesday,2,0,6,18,169,28.7,0.0,0,0,462,454,517,407,110,21.28,399
2025-06-18,Dinner,A,Vegetables,1.83,3.0,5.49,Wednesday,2,0,6,18,169,28.7,0.0,0,0,446,439,490,417,73,14.9,372
2025-06-18,Dinner,B,Meat,4.35,8.0,34.8,Wednesday,2,0,6,18,169,28.7,0.0,0,0,425,442,484,431,53,10.95,326
2025-06-18,Dinner,B,Rice,3.78,2.0,7.56,Wednesday,2,0,6,18,169,28.7,0.0,0,0,415,460,470,448,22,4.68,344
2025-06-18,Dinner,B,Soup,4.85,1.5,7.28,Wednesday,2,0,6,18,169,28.7,0.0,0,0,420,446,451,408,43,9.53,407
2025-06-18,Dinner,B,Vegetables,3.63,3.0,10.89,Wednesday,2,0,6,18,169,28.7,0.0,0,0,424,428,470,394,76,16.17,379
2025-06-18,Dinner,C,Meat,1.82,8.0,14.56,Wednesday,2,0,6,18,169,28.7,0.0,0,0,364,330,409,326,83,20.29,350
2025-06-18,Dinner,C,Rice,3.04,2.0,6.08,Wednesday,2,0,6,18,169,28.7,0.0,0,0,372,362,419,344,75,17.9,420
2025-06-18,Dinner,D,Meat,1.2,8.0,9.6,Wednesday,2,0,6,18,169,28.7,0.0,0,0,390,368,424,350,74,17.45,306
2025-06-18,Dinner,D,Rice,3.32,2.0,6.64,Wednesday,2,0,6,18,169,28.7,0.0,0,0,417,432,466,420,46,9.87,388
2025-06-18,Dinner,D,Soup,4.24,1.5,6.36,Wednesday,2,0,6,18,169,28.7,0.0,0,0,419,432,459,399,60,13.07,319
2025-06-18,Dinner,D,Vegetables,0.63,3.0,1.89,Wednesday,2,0,6,18,169,28.7,0.0,0,0,384,407,426,372,54,12.68,394
2025-06-18,Lunch,A,Meat,0.57,8.0,4.56,Wednesday,2,0,6,18,169,28.7,0.0,0,0,750,823,839,794,45,5.36,642
2025-06-18,Lunch,A,Rice,2.14,2.0,4.28,Wednesday,2,0,6,18,169,28.7,0.0,0,0,782,789,867,753,114,13.15,538
2025-06-18,Lunch,A,Soup,3.36,1.5,5.04,Wednesday,2,0,6,18,169,28.7,0.0,0,0,730,758,785,703,82,10.45,521
2025-06-18,Lunch,A,Vegetables,2.19,3.0,6.57,Wednesday,2,0,6,18,169,28.7,0.0,0,0,726,721,804,663,141,17.54,558
2025-06-18,Lunch,B,Meat,0.85,8.0,6.8,Wednesday,2,0,6,18,169,28.7,0.0,0,0,649,713,702,696,6,0.85,509
2025-06-18,Lunch,B,Rice,1.93,2.0,3.86,Wednesday,2,0,6,18,169,28.7,0.0,0,0,646,642,698,621,77,11.03,546
2025-06-18,Lunch,B,Soup,0.43,1.5,0.64,Wednesday,2,0,6,18,169,28.7,0.0,0,0,681,636,744,574,170,22.85,703
2025-06-18,Lunch,B,Vegetables,4.62,3.0,13.86,Wednesday,2,0,6,18,169,28.7,0.0,0,0,674,658,742,600,142,19.14,514
2025-06-18,Lunch,C,Meat,0.56,8.0,4.48,Wednesday,2,0,6,18,169,28.7,0.0,0,0,531,528,596,509,87,14.6,794
2025-06-18,Lunch,C,Rice,4.18,2.0,8.36,Wednesday,2,0,6,18,169,28.7,0.0,0,0,558,567,608,538,70,11.51,497
2025-06-18,Lunch,C,Soup,3.72,1.5,5.58,Wednesday,2,0,6,18,169,28.7,0.0,0,0,579,568,642,521,121,18.85,461
2025-06-18,Lunch,C,Vegetables,0.57,3.0,1.71,Wednesday,2,0,6,18,169,28.7,0.0,0,0,539,542,594,493,101,17.0,600
2025-06-18,Lunch,D,Meat,2.83,8.0,22.64,Wednesday,2,0,6,18,169,28.7,0.0,0,0,617,657,691,642,49,7.09,606
2025-06-18,Lunch,D,Rice,4.08,2.0,8.16,Wednesday,2,0,6,18,169,28.7,0.0,0,0,589,580,638,546,92,14.42,753
2025-06-18,Lunch,D,Soup,2.85,1.5,4.28,Wednesday,2,0,6,18,169,28.7,0.0,0,0,562,509,638,461,177,27.74,527
2025-06-18,Lunch,D,Vegetables,2.97,3.0,8.91,Wednesday,2,0,6,18,169,28.7,0.0,0,0,548,546,620,514,106,17.1,663
2025-06-19,Breakfast,A,Meat,3.84,8.0,30.72,Thursday,3,0,6,19,170,26.0,0.0,1,0,98,93,110,89,21,19.09,87
2025-06-19,Breakfast,A,Rice,1.9,2.0,3.8,Thursday,3,0,6,19,170,26.0,0.0,1,0,101,110,114,106,8,7.02,107
2025-06-19,Breakfast,A,Soup,4.06,1.5,6.09,Thursday,3,0,6,19,170,26.0,0.0,1,0,107,114,116,105,11,9.48,235
2025-06-19,Breakfast,A,Vegetables,2.91,3.0,8.73,Thursday,3,0,6,19,170,26.0,0.0,1,0,98,93,111,86,25,22.52,66
2025-06-19,Breakfast,B,Meat,4.88,8.0,39.04,Thursday,3,0,6,19,170,26.0,0.0,1,0,92,93,100,89,11,11.0,89
2025-06-19,Breakfast,B,Rice,4.24,2.0,8.48,Thursday,3,0,6,19,170,26.0,0.0,1,0,101,112,112,107,5,4.46,313
2025-06-19,Breakfast,B,Vegetables,4.11,3.0,12.33,Thursday,3,0,6,19,170,26.0,0.0,1,0,94,96,105,91,14,13.33,86
2025-06-19,Breakfast,C,Meat,0.23,8.0,1.84,Thursday,3,0,6,19,170,26.0,0.0,1,0,86,89,98,87,11,11.22,215
2025-06-19,Breakfast,C,Soup,4.16,1.5,6.24,Thursday,3,0,6,19,170,26.0,0.0,1,0,78,79,87,70,17,19.54,105
2025-06-19,Breakfast,C,Vegetables,4.65,3.0,13.95,Thursday,3,0,6,19,170,26.0,0.0,1,0,69,70,77,66,11,14.29,188
2025-06-19,Breakfast,D,Rice,1.41,2.0,2.82,Thursday,3,0,6,19,170,26.0,0.0,1,0,88,86,100,82,18,18.0,106
2025-06-19,Breakfast,D,Soup,1.61,1.5,2.42,Thursday,3,0,6,19,170,26.0,0.0,1,0,86,86,98,79,19,19.39,70
2025-06-19,Breakfast,D,Vegetables,3.54,3.0,10.62,Thursday,3,0,6,19,170,26.0,0.0,1,0,95,93,105,86,19,18.1,86
2025-06-19,Dinner,A,Meat,0.36,8.0,2.88,Thursday,3,0,6,19,170,26.0,0.0,1,0,164,155,180,153,27,15.0,140
2025-06-19,Dinner,A,Rice,0.52,2.0,1.04,Thursday,3,0,6,19,170,26.0,0.0,1,0,173,161,186,155,31,16.67,112
2025-06-19,Dinner,A,Soup,3.13,1.5,4.7,Thursday,3,0,6,19,170,26.0,0.0,1,0,162,153,184,139,45,24.46,116
2025-06-19,Dinner,B,Meat,1.43,8.0,11.44,Thursday,3,0,6,19,170,26.0,0.0,1,0,149,146,160,140,20,12.5,120
2025-06-19,Dinner,B,Rice,3.4,2.0,6.8,Thursday,3,0,6,19,170,26.0,0.0,1,0,134,123,151,116,35,23.18,448
2025-06-19,Dinner,B,Soup,2.48,1.5,3.72,Thursday,3,0,6,19,170,26.0,0.0,1,0,149,151,162,136,26,16.05,408
2025-06-19,Dinner,B,Vegetables,3.34,3.0,10.02,Thursday,3,0,6,19,170,26.0,0.0,1,0,152,139,164,128,36,21.95,135
2025-06-19,Dinner,C,Meat,1.44,8.0,11.52,Thursday,3,0,6,19,170,26.0,0.0,1,0,124,126,139,120,19,13.67,127
2025-06-19,Dinner,C,Rice,2.27,2.0,4.54,Thursday,3,0,6,19,170,26.0,0.0,1,0,117,116,128,112,16,12.5,116
2025-06-19,Dinner,C,Soup,0.66,1.5,0.99,Thursday,3,0,6,19,170,26.0,0.0,1,0,119,130,132,116,16,12.12,136
2025-06-19,Dinner,C,Vegetables,3.8,3.0,11.4,Thursday,3,0,6,19,170,26.0,0.0,1,0,131,134,142,127,15,10.56,128
2025-06-19,Dinner,D,Meat,1.49,8.0,11.92,Thursday,3,0,6,19,170,26.0,0.0,1,0,133,128,146,127,19,13.01,503
2025-06-19,Dinner,D,Rice,2.21,2.0,4.42,Thursday,3,0,6,19,170,26.0,0.0,1,0,137,141,153,135,18,11.76,155
2025-06-19,Dinner,D,Soup,2.48,1.5,3.72,Thursday,3,0,6,19,170,26.0,0.0,1,0,128,127,138,116,22,15.94,116
2025-06-19,Dinner,D,Vegetables,3.42,3.0,10.26,Thursday,3,0,6,19,170,26.0,0.0,1,0,143,143,163,135,28,17.18,417
2025-06-19,Lunch,A,Meat,0.13,8.0,1.04,Thursday,3,0,6,19,170,26.0,0.0,1,0,253,233,281,226,55,19.57,217
2025-06-19,Lunch,A,Vegetables,4.36,3.0,13.08,Thursday,3,0,6,19,170,26.0,0.0,1,0,239,224,269,206,63,23.42,201
2025-06-19,Lunch,B,Meat,0.8,8.0,6.4,Thursday,3,0,6,19,170,26.0,0.0,1,0,215,221,239,217,22,9.21,187
2025-06-19,Lunch,B,Rice,2.06,2.0,4.12,Thursday,3,0,6,19,170,26.0,0.0,1,0,238,228,262,218,44,16.79,177
2025-06-19,Lunch,B,Soup,0.25,1.5,0.38,Thursday,3,0,6,19,170,26.0,0.0,1,0,222,219,243,203,40,16.46,153
2025-06-19,Lunch,B,Vegetables,3.2,3.0,9.6,Thursday,3,0,6,19,170,26.0,0.0,1,0,215,226,242,214,28,11.57,159
2025-06-19,Lunch,C,Meat,1.15,8.0,9.2,Thursday,3,0,6,19,170,26.0,0.0,1,0,162,160,178,154,24,13.48,696
2025-06-19,Lunch,C,Rice,3.76,2.0,7.52,Thursday,3,0,6,19,170,26.0,0.0,1,0,166,184,189,177,12,6.35,621
2025-06-19,Lunch,C,Soup,1.77,1.5,2.66,Thursday,3,0,6,19,170,26.0,0.0,1,0,176,167,196,153,43,21.94,574
2025-06-19,Lunch,C,Vegetables,2.16,3.0,6.48,Thursday,3,0,6,19,170,26.0,0.0,1,0,198,213,220,201,19,8.64,493
2025-06-19,Lunch,D,Meat,3.64,8.0,29.12,Thursday,3,0,6,19,170,26.0,0.0,1,0,199,197,220,187,33,15.0,154
2025-06-19,Lunch,D,Rice,1.91,2.0,3.82,Thursday,3,0,6,19,170,26.0,0.0,1,0,209,227,233,216,17,7.3,218
2025-06-19,Lunch,D,Soup,2.88,1.5,4.32,Thursday,3,0,6,19,170,26.0,0.0,1,0,201,204,222,189,33,14.86,203
2025-06-19,Lunch,D,Vegetables,3.91,3.0,11.73,Thursday,3,0,6,19,170,26.0,0.0,1,0,185,174,204,159,45,22.06,206
2025-06-20,Breakfast,A,Meat,0.32,8.0,2.56,Friday,4,0,6,20,171,27.7,0.0,0,0,323,349,359,341,18,5.01,89
2025-06-20,Breakfast,A,Rice,3.37,2.0,6.74,Friday,4,0,6,20,171,27.7,0.0,0,0,306,296,332,290,42,12.65,272
2025-06-20,Breakfast,A,Soup,3.04,1.5,4.56,Friday,4,0,6,20,171,27.7,0.0,0,0,326,317,365,286,79,21.64,205
2025-06-20,Breakfast,A,Vegetables,2.04,3.0,6.12,Friday,4,0,6,20,171,27.7,0.0,0,0,296,299,335,283,52,15.52,234
2025-06-20,Breakfast,B,Meat,1.58,8.0,12.64,Friday,4,0,6,20,171,27.7,0.0,0,0,280,273,318,263,55,17.3,224
2025-06-20,Breakfast,B,Rice,0.14,2.0,0.28,Friday,4,0,6,20,171,27.7,0.0,0,0,283,280,310,272,38,12.26,82
2025-06-20,Breakfast,B,Soup,0.77,1.5,1.16,Friday,4,0,6,20,171,27.7,0.0,0,0,282,285,304,257,47,15.46,79
2025-06-20,Breakfast,B,Vegetables,1.14,3.0,3.42,Friday,4,0,6,20,171,27.7,0.0,0,0,274,281,309,262,47,15.21,91
2025-06-20,Breakfast,C,Meat,1.71,8.0,13.68,Friday,4,0,6,20,171,27.7,0.0,0,0,216,236,243,224,19,7.82,232
2025-06-20,Breakfast,C,Rice,1.35,2.0,2.7,Friday,4,0,6,20,171,27.7,0.0,0,0,215,208,240,198,42,17.5,290
2025-06-20,Breakfast,C,Soup,3.76,1.5,5.64,Friday,4,0,6,20,171,27.7,0.0,0,0,218,224,249,205,44,17.67,257
2025-06-20,Breakfast,C,Vegetables,0.14,3.0,0.42,Friday,4,0,6,20,171,27.7,0.0,0,0,204,191,221,174,47,21.27,262
2025-06-20,Breakfast,D,Meat,1.96,8.0,15.68,Friday,4,0,6,20,171,27.7,0.0,0,0,255,242,274,232,42,15.33,341
2025-06-20,Breakfast,D,Rice,0.96,2.0,1.92,Friday,4,0,6,20,171,27.7,0.0,0,0,251,273,286,257,29,10.14,198
2025-06-20,Breakfast,D,Soup,2.55,1.5,3.82,Friday,4,0,6,20,171,27.7,0.0,0,0,234,233,258,217,41,15.89,286
2025-06-20,Breakfast,D,Vegetables,3.55,3.0,10.65,Friday,4,0,6,20,171,27.7,0.0,0,0,246,249,267,234,33,12.36,174
2025-06-20,Dinner,A,Meat,4.18,8.0,33.44,Friday,4,0,6,20,171,27.7,0.0,0,0,442,460,478,452,26,5.44,153
2025-06-20,Dinner,A,Rice,3.13,2.0,6.26,Friday,4,0,6,20,171,27.7,0.0,0,0,517,508,567,479,88,15.52,135
2025-06-20,Dinner,A,Soup,0.53,1.5,0.8,Friday,4,0,6,20,171,27.7,0.0,0,0,504,499,559,464,95,16.99,364
2025-06-20,Dinner,B,Rice,4.24,2.0,8.48,Friday,4,0,6,20,171,27.7,0.0,0,0,432,476,487,466,21,4.31,361
2025-06-20,Dinner,B,Soup,2.67,1.5,4.0,Friday,4,0,6,20,171,27.7,0.0,0,0,425,442,458,409,49,10.7,139
2025-06-20,Dinner,B,Vegetables,2.99,3.0,8.97,Friday,4,0,6,20,171,27.7,0.0,0,0,461,518,509,486,23,4.52,390
2025-06-20,Dinner,C,Meat,1.62,8.0,12.96,Friday,4,0,6,20,171,27.7,0.0,0,0,372,348,422,335,87,20.62,403
2025-06-20,Dinner,C,Rice,2.04,2.0,4.08,Friday,4,0,6,20,171,27.7,0.0,0,0,354,356,385,344,41,10.65,479
2025-06-20,Dinner,C,Soup,1.73,1.5,2.6,Friday,4,0,6,20,171,27.7,0.0,0,0,388,370,418,338,80,19.14,464
2025-06-20,Dinner,D,Meat,2.6,8.0,20.8,Friday,4,0,6,20,171,27.7,0.0,0,0,388,408,429,403,26,6.06,452
2025-06-20,Dinner,D,Rice,0.92,2.0,1.84,Friday,4,0,6,20,171,27.7,0.0,0,0,375,381,407,361,46,11.3,344
2025-06-20,Dinner,D,Soup,2.6,1.5,3.9,Friday,4,0,6,20,171,27.7,0.0,0,0,384,400,414,364,50,12.08,409
2025-06-20,Dinner,D,Vegetables,0.66,3.0,1.98,Friday,4,0,6,20,171,27.7,0.0,0,0,389,420,427,390,37,8.67,127
2025-06-20,Lunch,A,Meat,4.05,8.0,32.4,Friday,4,0,6,20,171,27.7,0.0,0,0,671,743,759,723,36,4.74,548
2025-06-20,Lunch,A,Rice,4.18,2.0,8.36,Friday,4,0,6,20,171,27.7,0.0,0,0,724,717,800,684,116,14.5,546
2025-06-20,Lunch,A,Soup,4.32,1.5,6.48,Friday,4,0,6,20,171,27.7,0.0,0,0,712,655,799,589,210,26.28,537
2025-06-20,Lunch,A,Vegetables,0.45,3.0,1.35,Friday,4,0,6,20,171,27.7,0.0,0,0,680,687,770,643,127,16.49,214
2025-06-20,Lunch,B,Meat,0.19,8.0,1.52,Friday,4,0,6,20,171,27.7,0.0,0,0,590,591,664,575,89,13.4,723
2025-06-20,Lunch,B,Vegetables,4.61,3.0,13.83,Friday,4,0,6,20,171,27.7,0.0,0,0,637,637,698,587,111,15.9,449
2025-06-20,Lunch,C,Meat,2.91,8.0,23.28,Friday,4,0,6,20,171,27.7,0.0,0,0,504,500,543,482,61,11.23,226
2025-06-20,Lunch,C,Rice,2.92,2.0,5.84,Friday,4,0,6,20,171,27.7,0.0,0,0,533,565,600,546,54,9.0,507
2025-06-20,Lunch,C,Vegetables,3.58,3.0,10.74,Friday,4,0,6,20,171,27.7,0.0,0,0,496,493,543,449,94,17.31,457
2025-06-20,Lunch,D,Meat,0.2,8.0,1.6,Friday,4,0,6,20,171,27.7,0.0,0,0,564,562,633,548,85,13.43,482
2025-06-20,Lunch,D,Rice,0.66,2.0,1.32,Friday,4,0,6,20,171,27.7,0.0,0,0,543,535,587,507,80,13.63,216
2025-06-20,Lunch,D,Soup,4.03,1.5,6.04,Friday,4,0,6,20,171,27.7,0.0,0,0,602,597,645,537,108,16.74,189
2025-06-20,Lunch,D,Vegetables,1.69,3.0,5.07,Friday,4,0,6,20,171,27.7,0.0,0,0,551,501,606,457,149,24.59,643
2025-06-21,Breakfast,A,Meat,1.81,8.0,14.48,Saturday,5,1,6,21,172,33.7,48.9,0,0,144,139,156,136,20,12.82,98
2025-06-21,Breakfast,A,Rice,4.54,2.0,9.08,Saturday,5,1,6,21,172,33.7,48.9,0,0,170,185,191,175,16,8.38,257
2025-06-21,Breakfast,A,Soup,4.11,1.5,6.17,Saturday,5,1,6,21,172,33.7,48.9,0,0,133,136,146,122,24,16.44,107
2025-06-21,Breakfast,A,Vegetables,3.66,3.0,10.98,Saturday,5,1,6,21,172,33.7,48.9,0,0,167,176,182,162,20,10.99,126
2025-06-21,Breakfast,B,Meat,1.26,8.0,10.08,Saturday,5,1,6,21,172,33.7,48.9,0,0,142,144,162,140,22,13.58,263
2025-06-21,Breakfast,B,Rice,4.09,2.0,8.18,Saturday,5,1,6,21,172,33.7,48.9,0,0,144,154,159,148,11,6.92,175
2025-06-21,Breakfast,B,Soup,1.07,1.5,1.6,Saturday,5,1,6,21,172,33.7,48.9,0,0,134,138,150,127,23,15.33,122
2025-06-21,Breakfast,B,Vegetables,0.82,3.0,2.46,Saturday,5,1,6,21,172,33.7,48.9,0,0,142,136,153,126,27,17.65,283
2025-06-21,Breakfast,C,Meat,3.83,8.0,30.64,Saturday,5,1,6,21,172,33.7,48.9,0,0,104,102,116,98,18,15.52,140
2025-06-21,Breakfast,C,Soup,0.97,1.5,1.46,Saturday,5,1,6,21,172,33.7,48.9,0,0,117,118,133,107,26,19.55,123
2025-06-21,Breakfast,C,Vegetables,3.31,3.0,9.93,Saturday,5,1,6,21,172,33.7,48.9,0,0,107,107,117,100,17,14.53,115
2025-06-21,Breakfast,D,Meat,2.52,8.0,20.16,Saturday,5,1,6,21,172,33.7,48.9,0,0,128,126,140,122,18,12.86,136
2025-06-21,Breakfast,D,Soup,3.82,1.5,5.73,Saturday,5,1,6,21,172,33.7,48.9,0,0,138,136,156,123,33,21.15,217
2025-06-21,Breakfast,D,Vegetables,3.8,3.0,11.4,Saturday,5,1,6,21,172,33.7,48.9,0,0,121,121,136,115,21,15.44,162
2025-06-21,Dinner,A,Meat,4.18,8.0,33.44,Saturday,5,1,6,21,172,33.7,48.9,0,0,252,251,285,243,42,14.74,186
2025-06-21,Dinner,A,Rice,0.38,2.0,0.76,Saturday,5,1,6,21,172,33.7,48.9,0,0,253,237,287,230,57,19.86,177
2025-06-21,Dinner,A,Soup,4.33,1.5,6.5,Saturday,5,1,6,21,172,33.7,48.9,0,0,221,221,245,205,40,16.33,184
2025-06-21,Dinner,A,Vegetables,0.48,3.0,1.44,Saturday,5,1,6,21,172,33.7,48.9,0,0,225,233,256,216,40,15.62,176
2025-06-21,Dinner,B,Meat,3.11,8.0,24.88,Saturday,5,1,6,21,172,33.7,48.9,0,0,253,263,287,254,33,11.5,193
2025-06-21,Dinner,B,Rice,4.29,2.0,8.58,Saturday,5,1,6,21,172,33.7,48.9,0,0,188,187,204,177,27,13.24,157
2025-06-21,Dinner,B,Soup,2.37,1.5,3.56,Saturday,5,1,6,21,172,33.7,48.9,0,0,201,215,217,200,17,7.83,159
2025-06-21,Dinner,B,Vegetables,2.58,3.0,7.74,Saturday,5,1,6,21,172,33.7,48.9,0,0,213,189,229,173,56,24.45,486
2025-06-21,Dinner,C,Meat,3.98,8.0,31.84,Saturday,5,1,6,21,172,33.7,48.9,0,0,179,193,203,186,17,8.37,335
2025-06-21,Dinner,C,Rice,2.82,2.0,5.64,Saturday,5,1,6,21,172,33.7,48.9,0,0,168,167,182,157,25,13.74,466
2025-06-21,Dinner,C,Soup,2.3,1.5,3.45,Saturday,5,1,6,21,172,33.7,48.9,0,0,199,202,221,184,37,16.74,200
2025-06-21,Dinner,C,Vegetables,4.49,3.0,13.47,Saturday,5,1,6,21,172,33.7,48.9,0,0,190,188,217,176,41,18.89,173
2025-06-21,Dinner,D,Meat,3.29,8.0,26.32,Saturday,5,1,6,21,172,33.7,48.9,0,0,212,202,241,193,48,19.92,243
2025-06-21,Dinner,D,Rice,4.07,2.0,8.14,Saturday,5,1,6,21,172,33.7,48.9,0,0,179,176,200,171,29,14.5,230
2025-06-21,Dinner,D,Soup,2.43,1.5,3.65,Saturday,5,1,6,21,172,33.7,48.9,0,0,180,173,201,159,42,20.9,338
2025-06-21,Dinner,D,Vegetables,1.68,3.0,5.04,Saturday,5,1,6,21,172,33.7,48.9,0,0,190,194,213,184,29,13.62,216
2025-06-21,Lunch,A,Meat,4.63,8.0,37.04,Saturday,5,1,6,21,172,33.7,48.9,0,0,339,342,376,328,48,12.77,293
2025-06-21,Lunch,A,Rice,2.3,2.0,4.6,Saturday,5,1,6,21,172,33.7,48.9,0,0,344,347,386,330,56,14.51,215
2025-06-21,Lunch,A,Soup,3.21,1.5,4.81,Saturday,5,1,6,21,172,33.7,48.9,0,0,367,404,418,364,54,12.92,289
2025-06-21,Lunch,A,Vegetables,2.87,3.0,8.61,Saturday,5,1,6,21,172,33.7,48.9,0,0,340,347,370,321,49,13.24,587
2025-06-21,Lunch,B,Meat,4.33,8.0,34.64,Saturday,5,1,6,21,172,33.7,48.9,0,0,356,355,393,348,45,11.45,278
2025-06-21,Lunch,B,Rice,3.16,2.0,6.32,Saturday,5,1,6,21,172,33.7,48.9,0,0,305,290,339,276,63,18.58,283
2025-06-21,Lunch,B,Soup,0.84,1.5,1.26,Saturday,5,1,6,21,172,33.7,48.9,0,0,341,324,366,289,77,21.04,240
2025-06-21,Lunch,C,Meat,2.27,8.0,18.16,Saturday,5,1,6,21,172,33.7,48.9,0,0,285,283,321,278,43,13.4,328
2025-06-21,Lunch,C,Rice,0.43,2.0,0.86,Saturday,5,1,6,21,172,33.7,48.9,0,0,232,223,255,215,40,15.69,276
2025-06-21,Lunch,C,Soup,1.45,1.5,2.17,Saturday,5,1,6,21,172,33.7,48.9,0,0,288,263,322,240,82,25.47,236
2025-06-21,Lunch,C,Vegetables,1.58,3.0,4.74,Saturday,5,1,6,21,172,33.7,48.9,0,0,267,263,287,240,47,16.38,321
2025-06-21,Lunch,D,Meat,2.59,8.0,20.72,Saturday,5,1,6,21,172,33.7,48.9,0,0,318,305,361,293,68,18.84,575
2025-06-21,Lunch,D,Rice,0.38,2.0,0.76,Saturday,5,1,6,21,172,33.7,48.9,0,0,303,296,342,283,59,17.25,684
2025-06-21,Lunch,D,Soup,2.31,1.5,3.46,Saturday,5,1,6,21,172,33.7,48.9,0,0,272,258,293,236,57,19.45,589
2025-06-21,Lunch,D,Vegetables,1.62,3.0,4.86,Saturday,5,1,6,21,172,33.7,48.9,0,0,306,288,341,266,75,21.99,240
2025-06-22,Breakfast,A,Meat,0.4,8.0,3.2,Sunday,6,1,6,22,173,30.6,0.0,0,0,145,154,165,147,18,10.91,149
2025-06-22,Breakfast,A,Rice,0.84,2.0,1.68,Sunday,6,1,6,22,173,30.6,0.0,0,0,162,166,181,162,19,10.5,153
2025-06-22,Breakfast,A,Soup,4.51,1.5,6.76,Sunday,6,1,6,22,173,30.6,0.0,0,0,158,150,174,139,35,20.11,154
2025-06-22,Breakfast,A,Vegetables,0.61,3.0,1.83,Sunday,6,1,6,22,173,30.6,0.0,0,0,155,151,169,141,28,16.57,119
2025-06-22,Breakfast,B,Meat,3.6,8.0,28.8,Sunday,6,1,6,22,173,30.6,0.0,0,0,146,152,161,149,12,7.45,122
2025-06-22,Breakfast,B,Rice,1.78,2.0,3.56,Sunday,6,1,6,22,173,30.6,0.0,0,0,144,156,157,153,4,2.55,148
2025-06-22,Breakfast,B,Soup,0.95,1.5,1.42,Sunday,6,1,6,22,173,30.6,0.0,0,0,162,170,185,154,31,16.76,128
2025-06-22,Breakfast,B,Vegetables,2.57,3.0,7.71,Sunday,6,1,6,22,173,30.6,0.0,0,0,145,135,159,123,36,22.64,116
2025-06-22,Breakfast,C,Meat,2.25,8.0,18.0,Sunday,6,1,6,22,173,30.6,0.0,0,0,113,108,122,107,15,12.3,132
2025-06-22,Breakfast,C,Rice,1.31,2.0,2.62,Sunday,6,1,6,22,173,30.6,0.0,0,0,119,123,129,117,12,9.3,162
2025-06-22,Breakfast,C,Soup,2.66,1.5,3.99,Sunday,6,1,6,22,173,30.6,0.0,0,0,126,120,139,109,30,21.58,139
2025-06-22,Breakfast,C,Vegetables,2.25,3.0,6.75,Sunday,6,1,6,22,173,30.6,0.0,0,0,130,127,140,116,24,17.14,141
2025-06-22,Breakfast,D,Meat,1.93,8.0,15.44,Sunday,6,1,6,22,173,30.6,0.0,0,0,135,137,153,132,21,13.73,147
2025-06-22,Breakfast,D,Soup,2.1,1.5,3.15,Sunday,6,1,6,22,173,30.6,0.0,0,0,139,140,150,128,22,14.67,127
2025-06-22,Breakfast,D,Vegetables,1.49,3.0,4.47,Sunday,6,1,6,22,173,30.6,0.0,0,0,126,128,142,119,23,16.2,100
2025-06-22,Dinner,A,Meat,3.52,8.0,28.16,Sunday,6,1,6,22,173,30.6,0.0,0,0,252,237,285,234,51,17.89,250
2025-06-22,Dinner,A,Rice,4.84,2.0,9.68,Sunday,6,1,6,22,173,30.6,0.0,0,0,283,294,323,279,44,13.62,201
2025-06-22,Dinner,B,Meat,1.62,8.0,12.96,Sunday,6,1,6,22,173,30.6,0.0,0,0,264,257,292,250,42,14.38,254
2025-06-22,Dinner,B,Rice,4.7,2.0,9.4,Sunday,6,1,6,22,173,30.6,0.0,0,0,228,210,252,204,48,19.05,171
2025-06-22,Dinner,B,Soup,3.98,1.5,5.97,Sunday,6,1,6,22,173,30.6,0.0,0,0,222,222,239,205,34,14.23,205
2025-06-22,Dinner,B,Vegetables,1.95,3.0,5.85,Sunday,6,1,6,22,173,30.6,0.0,0,0,213,205,230,191,39,16.96,188
2025-06-22,Dinner,C,Meat,3.38,8.0,27.04,Sunday,6,1,6,22,173,30.6,0.0,0,0,188,190,208,187,21,10.1,179
2025-06-22,Dinner,C,Rice,4.08,2.0,8.16,Sunday,6,1,6,22,173,30.6,0.0,0,0,197,193,218,187,31,14.22,204
2025-06-22,Dinner,C,Soup,3.72,1.5,5.58,Sunday,6,1,6,22,173,30.6,0.0,0,0,194,202,217,188,29,13.36,213
2025-06-22,Dinner,C,Vegetables,4.16,3.0,12.48,Sunday,6,1,6,22,173,30.6,0.0,0,0,201,206,225,188,37,16.44,184
2025-06-22,Dinner,D,Meat,2.68,8.0,21.44,Sunday,6,1,6,22,173,30.6,0.0,0,0,196,184,216,179,37,17.13,234
2025-06-22,Dinner,D,Rice,3.46,2.0,6.92,Sunday,6,1,6,22,173,30.6,0.0,0,0,222,211,251,201,50,19.92,187
2025-06-22,Dinner,D,Soup,2.17,1.5,3.26,Sunday,6,1,6,22,173,30.6,0.0,0,0,233,233,255,213,42,16.47,205
2025-06-22,Dinner,D,Vegetables,3.27,3.0,9.81,Sunday,6,1,6,22,173,30.6,0.0,0,0,200,205,225,193,32,14.22,191
2025-06-22,Lunch,A,Meat,3.03,8.0,24.24,Sunday,6,1,6,22,173,30.6,0.0,0,0,430,419,477,409,68,14.26,290
2025-06-22,Lunch,A,Rice,1.76,2.0,3.52,Sunday,6,1,6,22,173,30.6,0.0,0,0,367,403,394,392,2,0.51,330
2025-06-22,Lunch,A,Soup,3.27,1.5,4.9,Sunday,6,1,6,22,173,30.6,0.0,0,0,423,431,470,394,76,16.17,246
2025-06-22,Lunch,B,Meat,0.56,8.0,4.48,Sunday,6,1,6,22,173,30.6,0.0,0,0,359,362,398,348,50,12.56,409
2025-06-22,Lunch,B,Rice,0.42,2.0,0.84,Sunday,6,1,6,22,173,30.6,0.0,0,0,324,275,354,269,85,24.01,392
2025-06-22,Lunch,B,Soup,1.49,1.5,2.24,Sunday,6,1,6,22,173,30.6,0.0,0,0,351,349,396,319,77,19.44,394
2025-06-22,Lunch,B,Vegetables,3.42,3.0,10.26,Sunday,6,1,6,22,173,30.6,0.0,0,0,346,381,375,353,22,5.87,258
2025-06-22,Lunch,C,Meat,3.32,8.0,26.56,Sunday,6,1,6,22,173,30.6,0.0,0,0,272,275,304,265,39,12.83,348
2025-06-22,Lunch,C,Rice,3.65,2.0,7.3,Sunday,6,1,6,22,173,30.6,0.0,0,0,259,253,290,241,49,16.9,269
2025-06-22,Lunch,C,Soup,4.38,1.5,6.57,Sunday,6,1,6,22,173,30.6,0.0,0,0,275,274,296,246,50,16.89,364
2025-06-22,Lunch,C,Vegetables,4.54,3.0,13.62,Sunday,6,1,6,22,173,30.6,0.0,0,0,272,294,304,268,36,11.84,266
2025-06-22,Lunch,D,Meat,2.96,8.0,23.68,Sunday,6,1,6,22,173,30.6,0.0,0,0,306,297,332,290,42,12.65,348
2025-06-22,Lunch,D,Rice,1.73,2.0,3.46,Sunday,6,1,6,22,173,30.6,0.0,0,0,319,314,353,305,48,13.6,241
2025-06-22,Lunch,D,Soup,1.81,1.5,2.72,Sunday,6,1,6,22,173,30.6,0.0,0,0,328,323,372,297,75,20.16,319
2025-06-22,Lunch,D,Vegetables,0.79,3.0,2.37,Sunday,6,1,6,22,173,30.6,0.0,0,0,316,283,350,258,92,26.29,268
2025-06-23,Breakfast,A,Meat,1.88,8.0,15.04,Monday,0,0,6,23,174,28.0,0.0,0,0,319,331,353,321,32,9.07,209
2025-06-23,Breakfast,A,Rice,1.87,2.0,3.74,Monday,0,0,6,23,174,28.0,0.0,0,0,299,319,324,312,12,3.7,191
2025-06-23,Breakfast,A,Soup,1.15,1.5,1.72,Monday,0,0,6,23,174,28.0,0.0,0,0,278,276,313,254,59,18.85,240
2025-06-23,Breakfast,A,Vegetables,0.98,3.0,2.94,Monday,0,0,6,23,174,28.0,0.0,0,0,311,289,344,269,75,21.8,235
2025-06-23,Breakfast,B,Meat,2.48,8.0,19.84,Monday,0,0,6,23,174,28.0,0.0,0,0,292,312,327,298,29,8.87,107
2025-06-23,Breakfast,B,Rice,4.74,2.0,9.48,Monday,0,0,6,23,174,28.0,0.0,0,0,259,274,293,267,26,8.87,312
2025-06-23,Breakfast,B,Soup,0.77,1.5,1.16,Monday,0,0,6,23,174,28.0,0.0,0,0,263,268,286,240,46,16.08,205
2025-06-23,Breakfast,B,Vegetables,1.21,3.0,3.63,Monday,0,0,6,23,174,28.0,0.0,0,0,268,266,303,251,52,17.16,123
2025-06-23,Breakfast,C,Meat,4.24,8.0,33.92,Monday,0,0,6,23,174,28.0,0.0,0,0,210,201,225,192,33,14.67,298
2025-06-23,Breakfast,C,Rice,0.48,2.0,0.96,Monday,0,0,6,23,174,28.0,0.0,0,0,191,196,217,191,26,11.98,233
2025-06-23,Breakfast,C,Soup,3.88,1.5,5.82,Monday,0,0,6,23,174,28.0,0.0,0,0,225,223,245,202,43,17.55,254
2025-06-23,Breakfast,D,Meat,4.43,8.0,35.44,Monday,0,0,6,23,174,28.0,0.0,0,0,220,216,239,209,30,12.55,192
2025-06-23,Breakfast,D,Rice,4.19,2.0,8.38,Monday,0,0,6,23,174,28.0,0.0,0,0,255,241,288,233,55,19.1,117
2025-06-23,Breakfast,D,Soup,1.75,1.5,2.62,Monday,0,0,6,23,174,28.0,0.0,0,0,214,227,233,205,28,12.02,109
2025-06-23,Breakfast,D,Vegetables,0.28,3.0,0.84,Monday,0,0,6,23,174,28.0,0.0,0,0,238,248,271,235,36,13.28,251
2025-06-23,Dinner,A,Meat,1.62,8.0,12.96,Monday,0,0,6,23,174,28.0,0.0,0,0,455,443,515,421,94,18.25,444
2025-06-23,Dinner,A,Soup,2.4,1.5,3.6,Monday,0,0,6,23,174,28.0,0.0,0,0,467,422,502,376,126,25.1,188
2025-06-23,Dinner,A,Vegetables,4.06,3.0,12.18,Monday,0,0,6,23,174,28.0,0.0,0,0,521,505,580,462,118,20.34,193
2025-06-23,Dinner,B,Meat,1.9,8.0,15.2,Monday,0,0,6,23,174,28.0,0.0,0,0,472,458,528,444,84,15.91,322
2025-06-23,Dinner,B,Rice,4.19,2.0,8.38,Monday,0,0,6,23,174,28.0,0.0,0,0,478,435,527,425,102,19.35,279
2025-06-23,Dinner,B,Soup,4.92,1.5,7.38,Monday,0,0,6,23,174,28.0,0.0,0,0,424,399,471,360,111,23.57,354
2025-06-23,Dinner,B,Vegetables,4.74,3.0,14.22,Monday,0,0,6,23,174,28.0,0.0,0,0,423,425,461,388,73,15.84,311
2025-06-23,Dinner,C,Meat,1.48,8.0,11.84,Monday,0,0,6,23,174,28.0,0.0,0,0,307,312,330,305,25,7.58,187
2025-06-23,Dinner,C,Rice,2.36,2.0,4.72,Monday,0,0,6,23,174,28.0,0.0,0,0,342,335,369,322,47,12.74,396
2025-06-23,Dinner,C,Soup,2.68,1.5,4.02,Monday,0,0,6,23,174,28.0,0.0,0,0,352,385,391,354,37,9.46,376
2025-06-23,Dinner,C,Vegetables,1.97,3.0,5.91,Monday,0,0,6,23,174,28.0,0.0,0,0,328,333,354,311,43,12.15,462
2025-06-23,Dinner,D,Meat,4.1,8.0,32.8,Monday,0,0,6,23,174,28.0,0.0,0,0,330,326,372,322,50,13.44,305
2025-06-23,Dinner,D,Rice,4.83,2.0,9.66,Monday,0,0,6,23,174,28.0,0.0,0,0,409,407,452,396,56,12.39,425
2025-06-23,Dinner,D,Vegetables,4.03,3.0,12.09,Monday,0,0,6,23,174,28.0,0.0,0,0,346,332,372,307,65,17.47,388
2025-06-23,Lunch,A,Meat,0.74,8.0,5.92,Monday,0,0,6,23,174,28.0,0.0,0,0,728,701,827,686,141,17.05,434
2025-06-23,Lunch,A,Rice,3.85,2.0,7.7,Monday,0,0,6,23,174,28.0,0.0,0,0,711,729,790,692,98,12.41,607
2025-06-23,Lunch,A,Soup,0.9,1.5,1.35,Monday,0,0,6,23,174,28.0,0.0,0,0,743,759,830,677,153,18.43,482
2025-06-23,Lunch,A,Vegetables,1.95,3.0,5.85,Monday,0,0,6,23,174,28.0,0.0,0,0,789,764,894,724,170,19.02,353
2025-06-23,Lunch,B,Meat,3.88,8.0,31.04,Monday,0,0,6,23,174,28.0,0.0,0,0,679,670,740,644,96,12.97,686
2025-06-23,Lunch,B,Rice,4.17,2.0,8.34,Monday,0,0,6,23,174,28.0,0.0,0,0,705,709,785,692,93,11.85,305
2025-06-23,Lunch,B,Soup,0.91,1.5,1.36,Monday,0,0,6,23,174,28.0,0.0,0,0,611,604,675,547,128,18.96,297
2025-06-23,Lunch,B,Vegetables,4.06,3.0,12.18,Monday,0,0,6,23,174,28.0,0.0,0,0,573,538,638,504,134,21.0,407
2025-06-23,Lunch,C,Meat,2.11,8.0,16.88,Monday,0,0,6,23,174,28.0,0.0,0,0,480,456,544,434,110,20.22,628
2025-06-23,Lunch,C,Soup,1.26,1.5,1.89,Monday,0,0,6,23,174,28.0,0.0,0,0,545,536,618,482,136,22.01,514
2025-06-23,Lunch,C,Vegetables,3.41,3.0,10.23,Monday,0,0,6,23,174,28.0,0.0,0,0,484,439,532,407,125,23.5,724
2025-06-23,Lunch,D,Meat,1.5,8.0,12.0,Monday,0,0,6,23,174,28.0,0.0,0,0,605,640,682,628,54,7.92,265
2025-06-23,Lunch,D,Rice,2.28,2.0,4.56,Monday,0,0,6,23,174,28.0,0.0,0,0,645,641,698,607,91,13.04,692
2025-06-23,Lunch,D,Soup,2.3,1.5,3.45,Monday,0,0,6,23,174,28.0,0.0,0,0,575,568,623,514,109,17.5,547
2025-06-23,Lunch,D,Vegetables,3.77,3.0,11.31,Monday,0,0,6,23,174,28.0,0.0,0,0,523,505,588,471,117,19.9,504
2025-06-24,Breakfast,A,Meat,3.24,8.0,25.92,Tuesday,1,0,6,24,175,27.7,0.0,0,0,282,289,320,284,36,11.25,190
2025-06-24,Breakfast,A,Rice,1.33,2.0,2.66,Tuesday,1,0,6,24,175,27.7,0.0,0,0,316,311,340,305,35,10.29,263
2025-06-24,Breakfast,A,Vegetables,4.38,3.0,13.14,Tuesday,1,0,6,24,175,27.7,0.0,0,0,311,303,342,283,59,17.25,210
2025-06-24,Breakfast,B,Meat,4.24,8.0,33.92,Tuesday,1,0,6,24,175,27.7,0.0,0,0,278,306,301,295,6,1.99,238
2025-06-24,Breakfast,B,Rice,0.6,2.0,1.2,Tuesday,1,0,6,24,175,27.7,0.0,0,0,272,271,310,263,47,15.16,246
2025-06-24,Breakfast,B,Soup,1.5,1.5,2.25,Tuesday,1,0,6,24,175,27.7,0.0,0,0,275,268,301,243,58,19.27,202
2025-06-24,Breakfast,B,Vegetables,4.27,3.0,12.81,Tuesday,1,0,6,24,175,27.7,0.0,0,0,269,273,291,259,32,11.0,269
2025-06-24,Breakfast,C,Meat,1.44,8.0,11.52,Tuesday,1,0,6,24,175,27.7,0.0,0,0,207,195,225,190,35,15.56,295
2025-06-24,Breakfast,C,Rice,3.84,2.0,7.68,Tuesday,1,0,6,24,175,27.7,0.0,0,0,223,235,252,227,25,9.92,267
2025-06-24,Breakfast,C,Soup,0.82,1.5,1.23,Tuesday,1,0,6,24,175,27.7,0.0,0,0,212,211,228,194,34,14.91,243
2025-06-24,Breakfast,C,Vegetables,4.54,3.0,13.62,Tuesday,1,0,6,24,175,27.7,0.0,0,0,212,222,236,210,26,11.02,259
2025-06-24,Breakfast,D,Meat,4.74,8.0,37.92,Tuesday,1,0,6,24,175,27.7,0.0,0,0,259,246,278,238,40,14.39,321
2025-06-24,Breakfast,D,Rice,2.24,2.0,4.48,Tuesday,1,0,6,24,175,27.7,0.0,0,0,243,253,267,246,21,7.87,227
2025-06-24,Breakfast,D,Vegetables,1.19,3.0,3.57,Tuesday,1,0,6,24,175,27.7,0.0,0,0,267,237,295,223,72,24.41,283
2025-06-24,Dinner,A,Meat,3.56,8.0,28.48,Tuesday,1,0,6,24,175,27.7,0.0,0,0,523,582,575,563,12,2.09,421
2025-06-24,Dinner,A,Rice,0.78,2.0,1.56,Tuesday,1,0,6,24,175,27.7,0.0,0,0,486,515,544,485,59,10.85,332
2025-06-24,Dinner,B,Meat,1.35,8.0,10.8,Tuesday,1,0,6,24,175,27.7,0.0,0,0,437,459,486,448,38,7.82,352
2025-06-24,Dinner,B,Rice,0.49,2.0,0.98,Tuesday,1,0,6,24,175,27.7,0.0,0,0,409,417,450,396,54,12.0,340
2025-06-24,Dinner,B,Vegetables,4.19,3.0,12.57,Tuesday,1,0,6,24,175,27.7,0.0,0,0,398,388,449,366,83,18.49,351
2025-06-24,Dinner,C,Meat,2.69,8.0,21.52,Tuesday,1,0,6,24,175,27.7,0.0,0,0,342,366,379,352,27,7.12,334
2025-06-24,Dinner,C,Rice,3.66,2.0,7.32,Tuesday,1,0,6,24,175,27.7,0.0,0,0,356,350,403,332,71,17.62,396
2025-06-24,Dinner,C,Soup,1.51,1.5,2.26,Tuesday,1,0,6,24,175,27.7,0.0,0,0,320,314,352,287,65,18.47,311
2025-06-24,Dinner,C,Vegetables,0.64,3.0,1.92,Tuesday,1,0,6,24,175,27.7,0.0,0,0,379,372,416,344,72,17.31,366
2025-06-24,Dinner,D,Meat,0.33,8.0,2.64,Tuesday,1,0,6,24,175,27.7,0.0,0,0,384,338,423,334,89,21.04,563
2025-06-24,Dinner,D,Rice,1.58,2.0,3.16,Tuesday,1,0,6,24,175,27.7,0.0,0,0,347,355,382,340,42,10.99,322
2025-06-24,Dinner,D,Soup,3.99,1.5,5.98,Tuesday,1,0,6,24,175,27.7,0.0,0,0,367,346,406,311,95,23.4,360
2025-06-24,Dinner,D,Vegetables,2.16,3.0,6.48,Tuesday,1,0,6,24,175,27.7,0.0,0,0,396,381,438,351,87,19.86,307
2025-06-24,Lunch,A,Soup,2.56,1.5,3.84,Tuesday,1,0,6,24,175,27.7,0.0,0,0,662,601,736,549,187,25.41,545
2025-06-24,Lunch,A,Vegetables,0.36,3.0,1.08,Tuesday,1,0,6,24,175,27.7,0.0,0,0,651,697,720,658,62,8.61,471
2025-06-24,Lunch,B,Meat,4.97,8.0,39.76,Tuesday,1,0,6,24,175,27.7,0.0,0,0,689,662,761,649,112,14.72,571
2025-06-24,Lunch,B,Rice,1.26,2.0,2.52,Tuesday,1,0,6,24,175,27.7,0.0,0,0,712,719,784,697,87,11.1,692
2025-06-24,Lunch,B,Soup,0.24,1.5,0.36,Tuesday,1,0,6,24,175,27.7,0.0,0,0,569,558,641,516,125,19.5,549
2025-06-24,Lunch,C,Meat,4.21,8.0,33.68,Tuesday,1,0,6,24,175,27.7,0.0,0,0,585,587,658,563,95,14.44,644
2025-06-24,Lunch,C,Soup,3.98,1.5,5.97,Tuesday,1,0,6,24,175,27.7,0.0,0,0,522,507,581,461,120,20.65,677
2025-06-24,Lunch,C,Vegetables,3.28,3.0,9.84,Tuesday,1,0,6,24,175,27.7,0.0,0,0,523,524,582,485,97,16.67,658
2025-06-24,Lunch,D,Meat,1.51,8.0,12.08,Tuesday,1,0,6,24,175,27.7,0.0,0,0,558,584,615,571,44,7.15,563
2025-06-24,Lunch,D,Rice,0.77,2.0,1.54,Tuesday,1,0,6,24,175,27.7,0.0,0,0,564,606,616,577,39,6.33,697
2025-06-24,Lunch,D,Soup,3.51,1.5,5.26,Tuesday,1,0,6,24,175,27.7,0.0,0,0,626,593,691,545,146,21.13,461
2025-06-24,Lunch,D,Vegetables,4.17,3.0,12.51,Tuesday,1,0,6,24,175,27.7,0.0,0,0,541,528,586,483,103,17.58,485
2025-06-25,Breakfast,A,Meat,0.64,8.0,5.12,Wednesday,2,0,6,25,176,29.0,60.7,0,0,311,311,343,300,43,12.54,213
2025-06-25,Breakfast,A,Rice,2.34,2.0,4.68,Wednesday,2,0,6,25,176,29.0,60.7,0,0,289,273,329,264,65,19.76,190
2025-06-25,Breakfast,A,Soup,3.02,1.5,4.53,Wednesday,2,0,6,25,176,29.0,60.7,0,0,249,238,284,212,72,25.35,194
2025-06-25,Breakfast,A,Vegetables,4.54,3.0,13.62,Wednesday,2,0,6,25,176,29.0,60.7,0,0,282,289,314,269,45,14.33,216
2025-06-25,Breakfast,B,Meat,2.63,8.0,21.04,Wednesday,2,0,6,25,176,29.0,60.7,0,0,250,239,270,236,34,12.59,284
2025-06-25,Breakfast,B,Rice,0.18,2.0,0.36,Wednesday,2,0,6,25,176,29.0,60.7,0,0,266,275,286,268,18,6.29,305
2025-06-25,Breakfast,B,Soup,0.8,1.5,1.2,Wednesday,2,0,6,25,176,29.0,60.7,0,0,238,235,271,217,54,19.93,194
2025-06-25,Breakfast,B,Vegetables,1.29,3.0,3.87,Wednesday,2,0,6,25,176,29.0,60.7,0,0,281,295,306,278,28,9.15,223
2025-06-25,Breakfast,C,Meat,3.11,8.0,24.88,Wednesday,2,0,6,25,176,29.0,60.7,0,0,199,190,219,184,35,15.98,300
2025-06-25,Breakfast,C,Rice,2.2,2.0,4.4,Wednesday,2,0,6,25,176,29.0,60.7,0,0,206,197,229,190,39,17.03,268
2025-06-25,Breakfast,C,Vegetables,1.28,3.0,3.84,Wednesday,2,0,6,25,176,29.0,60.7,0,0,219,222,246,209,37,15.04,269
2025-06-25,Breakfast,D,Meat,0.52,8.0,4.16,Wednesday,2,0,6,25,176,29.0,60.7,0,0,245,222,276,213,63,22.83,236
2025-06-25,Breakfast,D,Rice,3.36,2.0,6.72,Wednesday,2,0,6,25,176,29.0,60.7,0,0,237,232,255,218,37,14.51,264
2025-06-25,Breakfast,D,Soup,0.43,1.5,0.64,Wednesday,2,0,6,25,176,29.0,60.7,0,0,203,217,228,194,34,14.91,217
2025-06-25,Breakfast,D,Vegetables,4.88,3.0,14.64,Wednesday,2,0,6,25,176,29.0,60.7,0,0,227,232,259,216,43,16.6,278
2025-06-25,Dinner,A,Meat,0.32,8.0,2.56,Wednesday,2,0,6,25,176,29.0,60.7,0,0,462,458,521,435,86,16.51,448
2025-06-25,Dinner,A,Rice,1.73,2.0,3.46,Wednesday,2,0,6,25,176,29.0,60.7,0,0,464,426,512,405,107,20.9,485
2025-06-25,Dinner,A,Soup,4.09,1.5,6.14,Wednesday,2,0,6,25,176,29.0,60.7,0,0,400,411,433,371,62,14.32,287
2025-06-25,Dinner,A,Vegetables,2.78,3.0,8.34,Wednesday,2,0,6,25,176,29.0,60.7,0,0,435,455,472,418,54,11.44,354
2025-06-25,Dinner,B,Rice,0.96,2.0,1.92,Wednesday,2,0,6,25,176,29.0,60.7,0,0,395,374,423,355,68,16.08,292
2025-06-25,Dinner,B,Soup,3.51,1.5,5.26,Wednesday,2,0,6,25,176,29.0,60.7,0,0,373,386,416,352,64,15.38,300
2025-06-25,Dinner,B,Vegetables,2.38,3.0,7.14,Wednesday,2,0,6,25,176,29.0,60.7,0,0,387,376,425,354,71,16.71,290
2025-06-25,Dinner,C,Meat,4.08,8.0,32.64,Wednesday,2,0,6,25,176,29.0,60.7,0,0,305,308,337,297,40,11.87,435
2025-06-25,Dinner,C,Rice,3.2,2.0,6.4,Wednesday,2,0,6,25,176,29.0,60.7,0,0,310,295,334,286,48,14.37,405
2025-06-25,Dinner,C,Soup,3.9,1.5,5.85,Wednesday,2,0,6,25,176,29.0,60.7,0,0,319,323,345,300,45,13.04,314
2025-06-25,Dinner,C,Vegetables,0.41,3.0,1.23,Wednesday,2,0,6,25,176,29.0,60.7,0,0,334,318,364,290,74,20.33,318
2025-06-25,Dinner,D,Meat,1.54,8.0,12.32,Wednesday,2,0,6,25,176,29.0,60.7,0,0,377,400,411,385,26,6.33,297
2025-06-25,Dinner,D,Rice,2.34,2.0,4.68,Wednesday,2,0,6,25,176,29.0,60.7,0,0,335,310,365,292,73,20.0,286
2025-06-25,Dinner,D,Soup,1.08,1.5,1.62,Wednesday,2,0,6,25,176,29.0,60.7,0,0,349,352,387,314,73,18.86,371
2025-06-25,Dinner,D,Vegetables,0.31,3.0,0.93,Wednesday,2,0,6,25,176,29.0,60.7,0,0,353,338,388,318,70,18.04,344
2025-06-25,Lunch,A,Meat,2.59,8.0,20.72,Wednesday,2,0,6,25,176,29.0,60.7,0,0,635,644,693,617,76,10.97,531
2025-06-25,Lunch,A,Rice,2.68,2.0,5.36,Wednesday,2,0,6,25,176,29.0,60.7,0,0,649,732,719,698,21,2.92,564
2025-06-25,Lunch,A,Soup,2.82,1.5,4.23,Wednesday,2,0,6,25,176,29.0,60.7,0,0,668,662,723,608,115,15.91,522
2025-06-25,Lunch,A,Vegetables,4.94,3.0,14.82,Wednesday,2,0,6,25,176,29.0,60.7,0,0,647,657,733,612,121,16.51,483
2025-06-25,Lunch,B,Meat,2.4,8.0,19.2,Wednesday,2,0,6,25,176,29.0,60.7,0,0,626,629,695,605,90,12.95,649
2025-06-25,Lunch,B,Rice,2.01,2.0,4.02,Wednesday,2,0,6,25,176,29.0,60.7,0,0,609,578,677,564,113,16.69,475
2025-06-25,Lunch,B,Soup,4.91,1.5,7.36,Wednesday,2,0,6,25,176,29.0,60.7,0,0,607,563,685,522,163,23.8,516
2025-06-25,Lunch,B,Vegetables,3.21,3.0,9.63,Wednesday,2,0,6,25,176,29.0,60.7,0,0,579,602,657,548,109,16.59,612
2025-06-25,Lunch,C,Meat,0.18,8.0,1.44,Wednesday,2,0,6,25,176,29.0,60.7,0,0,448,476,501,459,42,8.38,605
2025-06-25,Lunch,C,Rice,1.34,2.0,2.68,Wednesday,2,0,6,25,176,29.0,60.7,0,0,482,505,543,475,68,12.52,540
2025-06-25,Lunch,C,Soup,1.79,1.5,2.68,Wednesday,2,0,6,25,176,29.0,60.7,0,0,448,480,507,446,61,12.03,461
2025-06-25,Lunch,D,Meat,3.18,8.0,25.44,Wednesday,2,0,6,25,176,29.0,60.7,0,0,554,545,606,531,75,12.38,459
2025-06-25,Lunch,D,Rice,3.69,2.0,7.38,Wednesday,2,0,6,25,176,29.0,60.7,0,0,556,553,620,540,80,12.9,577
2025-06-25,Lunch,D,Soup,3.7,1.5,5.55,Wednesday,2,0,6,25,176,29.0,60.7,0,0,524,507,561,461,100,17.83,608
2025-06-26,Breakfast,A,Meat,4.67,8.0,37.36,Thursday,3,0,6,26,177,27.7,23.7,0,0,285,274,310,269,41,13.23,245
2025-06-26,Breakfast,A,Rice,0.31,2.0,0.62,Thursday,3,0,6,26,177,27.7,23.7,0,0,269,261,295,245,50,16.95,218
2025-06-26,Breakfast,A,Soup,4.95,1.5,7.43,Thursday,3,0,6,26,177,27.7,23.7,0,0,283,304,308,280,28,9.09,214
2025-06-26,Breakfast,A,Vegetables,2.63,3.0,7.89,Thursday,3,0,6,26,177,27.7,23.7,0,0,299,275,325,250,75,23.08,211
2025-06-26,Breakfast,B,Meat,1.34,8.0,10.72,Thursday,3,0,6,26,177,27.7,23.7,0,0,253,256,285,250,35,12.28,269
2025-06-26,Breakfast,B,Rice,2.76,2.0,5.52,Thursday,3,0,6,26,177,27.7,23.7,0,0,246,261,279,252,27,9.68,245
2025-06-26,Breakfast,B,Soup,1.04,1.5,1.56,Thursday,3,0,6,26,177,27.7,23.7,0,0,249,252,281,227,54,19.22,212
2025-06-26,Breakfast,B,Vegetables,3.79,3.0,11.37,Thursday,3,0,6,26,177,27.7,23.7,0,0,261,256,297,242,55,18.52,209
2025-06-26,Breakfast,C,Meat,3.93,8.0,31.44,Thursday,3,0,6,26,177,27.7,23.7,0,0,195,191,222,185,37,16.67,184
2025-06-26,Breakfast,C,Rice,1.85,2.0,3.7,Thursday,3,0,6,26,177,27.7,23.7,0,0,193,190,220,181,39,17.73,226
2025-06-26,Breakfast,C,Soup,1.73,1.5,2.6,Thursday,3,0,6,26,177,27.7,23.7,0,0,218,217,241,201,40,16.6,227
2025-06-26,Breakfast,C,Vegetables,4.34,3.0,13.02,Thursday,3,0,6,26,177,27.7,23.7,0,0,212,213,238,196,42,17.65,242
2025-06-26,Breakfast,D,Meat,1.9,8.0,15.2,Thursday,3,0,6,26,177,27.7,23.7,0,0,241,255,269,245,24,8.92,185
2025-06-26,Breakfast,D,Rice,0.71,2.0,1.42,Thursday,3,0,6,26,177,27.7,23.7,0,0,239,237,264,226,38,14.39,252
2025-06-26,Breakfast,D,Soup,3.74,1.5,5.61,Thursday,3,0,6,26,177,27.7,23.7,0,0,212,236,237,214,23,9.7,201
2025-06-26,Breakfast,D,Vegetables,4.46,3.0,13.38,Thursday,3,0,6,26,177,27.7,23.7,0,0,224,222,249,211,38,15.26,196
2025-06-26,Dinner,A,Meat,3.05,8.0,24.4,Thursday,3,0,6,26,177,27.7,23.7,0,0,402,396,442,379,63,14.25,366
2025-06-26,Dinner,A,Rice,1.6,2.0,3.2,Thursday,3,0,6,26,177,27.7,23.7,0,0,411,430,448,411,37,8.26,384
2025-06-26,Dinner,A,Soup,3.48,1.5,5.22,Thursday,3,0,6,26,177,27.7,23.7,0,0,453,437,495,396,99,20.0,352
2025-06-26,Dinner,A,Vegetables,2.19,3.0,6.57,Thursday,3,0,6,26,177,27.7,23.7,0,0,424,406,458,375,83,18.12,418
2025-06-26,Dinner,B,Meat,0.31,8.0,2.48,Thursday,3,0,6,26,177,27.7,23.7,0,0,369,380,406,366,40,9.85,299
2025-06-26,Dinner,B,Rice,1.82,2.0,3.64,Thursday,3,0,6,26,177,27.7,23.7,0,0,398,402,442,384,58,13.12,358
2025-06-26,Dinner,B,Soup,1.83,1.5,2.74,Thursday,3,0,6,26,177,27.7,23.7,0,0,368,347,410,321,89,21.71,356
2025-06-26,Dinner,B,Vegetables,4.36,3.0,13.08,Thursday,3,0,6,26,177,27.7,23.7,0,0,392,387,429,363,66,15.38,375
2025-06-26,Dinner,C,Meat,1.45,8.0,11.6,Thursday,3,0,6,26,177,27.7,23.7,0,0,316,312,340,299,41,12.06,345
2025-06-26,Dinner,C,Rice,4.99,2.0,9.98,Thursday,3,0,6,26,177,27.7,23.7,0,0,339,358,386,340,46,11.92,411
2025-06-26,Dinner,C,Vegetables,4.9,3.0,14.7,Thursday,3,0,6,26,177,27.7,23.7,0,0,312,313,348,292,56,16.09,363
2025-06-26,Dinner,D,Meat,3.22,8.0,25.76,Thursday,3,0,6,26,177,27.7,23.7,0,0,355,362,396,345,51,12.88,385
2025-06-26,Dinner,D,Rice,0.47,2.0,0.94,Thursday,3,0,6,26,177,27.7,23.7,0,0,367,371,394,358,36,9.14,355
2025-06-26,Dinner,D,Soup,4.03,1.5,6.04,Thursday,3,0,6,26,177,27.7,23.7,0,0,375,399,411,356,55,13.38,396
2025-06-26,Lunch,A,Meat,1.99,8.0,15.92,Thursday,3,0,6,26,177,27.7,23.7,0,0,655,659,741,644,97,13.09,516
2025-06-26,Lunch,A,Rice,4.48,2.0,8.96,Thursday,3,0,6,26,177,27.7,23.7,0,0,655,682,706,648,58,8.22,528
2025-06-26,Lunch,A,Soup,2.53,1.5,3.8,Thursday,3,0,6,26,177,27.7,23.7,0,0,622,597,690,538,152,22.03,476
2025-06-26,Lunch,A,Vegetables,4.87,3.0,14.61,Thursday,3,0,6,26,177,27.7,23.7,0,0,657,661,717,605,112,15.62,516
2025-06-26,Lunch,B,Meat,4.63,8.0,37.04,Thursday,3,0,6,26,177,27.7,23.7,0,0,551,596,614,577,37,6.03,617
2025-06-26,Lunch,B,Rice,2.54,2.0,5.08,Thursday,3,0,6,26,177,27.7,23.7,0,0,611,657,675,628,47,6.96,534
2025-06-26,Lunch,B,Soup,4.03,1.5,6.04,Thursday,3,0,6,26,177,27.7,23.7,0,0,543,526,597,476,121,20.27,480
2025-06-26,Lunch,B,Vegetables,2.64,3.0,7.92,Thursday,3,0,6,26,177,27.7,23.7,0,0,643,639,700,588,112,16.0,548
2025-06-26,Lunch,C,Meat,0.49,8.0,3.92,Thursday,3,0,6,26,177,27.7,23.7,0,0,527,495,574,476,98,17.07,644
2025-06-26,Lunch,C,Rice,3.66,2.0,7.32,Thursday,3,0,6,26,177,27.7,23.7,0,0,508,541,555,528,27,4.86,698
2025-06-26,Lunch,C,Vegetables,3.05,3.0,9.15,Thursday,3,0,6,26,177,27.7,23.7,0,0,534,559,587,516,71,12.1,588
2025-06-26,Lunch,D,Meat,1.67,8.0,13.36,Thursday,3,0,6,26,177,27.7,23.7,0,0,526,534,583,516,67,11.49,577
2025-06-26,Lunch,D,Rice,2.77,2.0,5.54,Thursday,3,0,6,26,177,27.7,23.7,0,0,533,556,597,534,63,10.55,648
2025-06-26,Lunch,D,Soup,3.34,1.5,5.01,Thursday,3,0,6,26,177,27.7,23.7,0,0,550,522,624,480,144,23.08,446
2025-06-26,Lunch,D,Vegetables,0.49,3.0,1.47,Thursday,3,0,6,26,177,27.7,23.7,0,0,534,573,599,530,69,11.52,605
2025-06-27,Breakfast,A,Rice,3.43,2.0,6.86,Friday,4,0,6,27,178,26.8,0.0,0,0,303,327,334,318,16,4.79,210
2025-06-27,Breakfast,A,Soup,3.08,1.5,4.62,Friday,4,0,6,27,178,26.8,0.0,0,0,310,335,347,303,44,12.68,249
2025-06-27,Breakfast,A,Vegetables,0.8,3.0,2.4,Friday,4,0,6,27,178,26.8,0.0,0,0,303,299,337,276,61,18.1,228
2025-06-27,Breakfast,B,Meat,0.27,8.0,2.16,Friday,4,0,6,27,178,26.8,0.0,0,0,245,235,266,227,39,14.66,223
2025-06-27,Breakfast,B,Rice,3.93,2.0,7.86,Friday,4,0,6,27,178,26.8,0.0,0,0,250,242,269,235,34,12.64,181
2025-06-27,Breakfast,B,Vegetables,0.43,3.0,1.29,Friday,4,0,6,27,178,26.8,0.0,0,0,255,228,281,213,68,24.2,233
2025-06-27,Breakfast,C,Meat,1.98,8.0,15.84,Friday,4,0,6,27,178,26.8,0.0,0,0,239,229,257,223,34,13.23,230
2025-06-27,Breakfast,C,Rice,1.9,2.0,3.8,Friday,4,0,6,27,178,26.8,0.0,0,0,215,217,232,212,20,8.62,235
2025-06-27,Breakfast,C,Vegetables,2.88,3.0,8.64,Friday,4,0,6,27,178,26.8,0.0,0,0,232,242,255,228,27,10.59,213
2025-06-27,Breakfast,D,Meat,4.75,8.0,38.0,Friday,4,0,6,27,178,26.8,0.0,0,0,265,237,286,230,56,19.58,250
2025-06-27,Breakfast,D,Rice,3.43,2.0,6.86,Friday,4,0,6,27,178,26.8,0.0,0,0,219,221,249,210,39,15.66,212
2025-06-27,Breakfast,D,Soup,3.84,1.5,5.76,Friday,4,0,6,27,178,26.8,0.0,0,0,259,270,291,249,42,14.43,280
2025-06-27,Breakfast,D,Vegetables,1.92,3.0,5.76,Friday,4,0,6,27,178,26.8,0.0,0,0,244,252,262,233,29,11.07,250
2025-06-27,Dinner,A,Meat,0.7,8.0,5.6,Friday,4,0,6,27,178,26.8,0.0,0,0,480,505,523,485,38,7.27,362
2025-06-27,Dinner,A,Rice,2.51,2.0,5.02,Friday,4,0,6,27,178,26.8,0.0,0,0,479,509,524,486,38,7.25,359
2025-06-27,Dinner,A,Soup,2.32,1.5,3.48,Friday,4,0,6,27,178,26.8,0.0,0,0,509,538,579,491,88,15.2,318
2025-06-27,Dinner,A,Vegetables,4.28,3.0,12.84,Friday,4,0,6,27,178,26.8,0.0,0,0,430,423,485,395,90,18.56,292
2025-06-27,Dinner,B,Meat,2.28,8.0,18.24,Friday,4,0,6,27,178,26.8,0.0,0,0,432,394,486,383,103,21.19,383
2025-06-27,Dinner,B,Soup,3.44,1.5,5.16,Friday,4,0,6,27,178,26.8,0.0,0,0,440,439,475,400,75,15.79,321
2025-06-27,Dinner,B,Vegetables,0.53,3.0,1.59,Friday,4,0,6,27,178,26.8,0.0,0,0,460,463,498,422,76,15.26,344
2025-06-27,Dinner,C,Meat,1.67,8.0,13.36,Friday,4,0,6,27,178,26.8,0.0,0,0,372,366,401,362,39,9.73,379
2025-06-27,Dinner,C,Rice,4.24,2.0,8.48,Friday,4,0,6,27,178,26.8,0.0,0,0,370,368,407,359,48,11.79,364
2025-06-27,Dinner,C,Soup,0.42,1.5,0.63,Friday,4,0,6,27,178,26.8,0.0,0,0,338,347,373,318,55,14.75,400
2025-06-27,Dinner,C,Vegetables,1.8,3.0,5.4,Friday,4,0,6,27,178,26.8,0.0,0,0,358,376,392,344,48,12.24,395
2025-06-27,Dinner,D,Meat,4.47,8.0,35.76,Friday,4,0,6,27,178,26.8,0.0,0,0,388,396,428,383,45,10.51,485
2025-06-27,Dinner,D,Rice,2.76,2.0,5.52,Friday,4,0,6,27,178,26.8,0.0,0,0,388,372,430,364,66,15.35,340
2025-06-27,Dinner,D,Vegetables,4.27,3.0,12.81,Friday,4,0,6,27,178,26.8,0.0,0,0,434,435,472,398,74,15.68,422
2025-06-27,Lunch,A,Meat,2.69,8.0,21.52,Friday,4,0,6,27,178,26.8,0.0,0,0,769,776,866,752,114,13.16,476
2025-06-27,Lunch,A,Rice,2.91,2.0,5.82,Friday,4,0,6,27,178,26.8,0.0,0,0,743,766,838,727,111,13.25,503
2025-06-27,Lunch,A,Soup,3.28,1.5,4.92,Friday,4,0,6,27,178,26.8,0.0,0,0,666,645,752,581,171,22.74,538
2025-06-27,Lunch,A,Vegetables,2.05,3.0,6.15,Friday,4,0,6,27,178,26.8,0.0,0,0,681,701,767,657,110,14.34,564
2025-06-27,Lunch,B,Meat,0.66,8.0,5.28,Friday,4,0,6,27,178,26.8,0.0,0,0,653,658,704,637,67,9.52,752
2025-06-27,Lunch,B,Rice,1.32,2.0,2.64,Friday,4,0,6,27,178,26.8,0.0,0,0,623,615,699,586,113,16.17,628
2025-06-27,Lunch,B,Vegetables,3.7,3.0,11.1,Friday,4,0,6,27,178,26.8,0.0,0,0,677,694,767,644,123,16.04,414
2025-06-27,Lunch,C,Meat,2.85,8.0,22.8,Friday,4,0,6,27,178,26.8,0.0,0,0,532,566,583,557,26,4.46,637
2025-06-27,Lunch,C,Rice,2.0,2.0,4.0,Friday,4,0,6,27,178,26.8,0.0,0,0,564,551,629,519,110,17.49,586
2025-06-27,Lunch,C,Vegetables,1.38,3.0,4.14,Friday,4,0,6,27,178,26.8,0.0,0,0,480,447,526,414,112,21.29,530
2025-06-27,Lunch,D,Rice,2.29,2.0,4.58,Friday,4,0,6,27,178,26.8,0.0,0,0,518,517,577,503,74,12.82,519
2025-06-27,Lunch,D,Soup,4.59,1.5,6.88,Friday,4,0,6,27,178,26.8,0.0,0,0,603,626,662,557,105,15.86,581
2025-06-27,Lunch,D,Vegetables,1.5,3.0,4.5,Friday,4,0,6,27,178,26.8,0.0,0,0,595,601,647,564,83,12.83,644
2025-06-28,Breakfast,A,Meat,3.22,8.0,25.76,Saturday,5,1,6,28,179,27.9,5.2,0,0,161,149,179,145,34,18.99,227
2025-06-28,Breakfast,A,Rice,4.64,2.0,9.28,Saturday,5,1,6,28,179,27.9,5.2,0,0,148,153,161,147,14,8.7,318
2025-06-28,Breakfast,A,Soup,2.59,1.5,3.88,Saturday,5,1,6,28,179,27.9,5.2,0,0,165,162,187,149,38,20.32,303
2025-06-28,Breakfast,A,Vegetables,3.99,3.0,11.97,Saturday,5,1,6,28,179,27.9,5.2,0,0,169,178,184,166,18,9.78,118
2025-06-28,Breakfast,B,Meat,1.08,8.0,8.64,Saturday,5,1,6,28,179,27.9,5.2,0,0,162,159,178,152,26,14.61,123
2025-06-28,Breakfast,B,Rice,0.69,2.0,1.38,Saturday,5,1,6,28,179,27.9,5.2,0,0,160,162,179,155,24,13.41,130
2025-06-28,Breakfast,B,Soup,3.97,1.5,5.96,Saturday,5,1,6,28,179,27.9,5.2,0,0,141,125,152,114,38,25.0,108
2025-06-28,Breakfast,B,Vegetables,0.78,3.0,2.34,Saturday,5,1,6,28,179,27.9,5.2,0,0,129,127,145,119,26,17.93,166
2025-06-28,Breakfast,C,Meat,2.81,8.0,22.48,Saturday,5,1,6,28,179,27.9,5.2,0,0,120,111,134,106,28,20.9,152
2025-06-28,Breakfast,C,Rice,0.23,2.0,0.46,Saturday,5,1,6,28,179,27.9,5.2,0,0,147,137,160,130,30,18.75,147
2025-06-28,Breakfast,C,Soup,4.04,1.5,6.06,Saturday,5,1,6,28,179,27.9,5.2,0,0,121,119,131,108,23,17.56,114
2025-06-28,Breakfast,C,Vegetables,1.91,3.0,5.73,Saturday,5,1,6,28,179,27.9,5.2,0,0,123,127,137,118,19,13.87,276
2025-06-28,Breakfast,D,Meat,3.1,8.0,24.8,Saturday,5,1,6,28,179,27.9,5.2,0,0,143,127,155,123,32,20.65,145
2025-06-28,Breakfast,D,Rice,2.8,2.0,5.6,Saturday,5,1,6,28,179,27.9,5.2,0,0,129,130,146,123,23,15.75,155
2025-06-28,Breakfast,D,Soup,1.62,1.5,2.43,Saturday,5,1,6,28,179,27.9,5.2,0,0,133,128,149,114,35,23.49,149
2025-06-28,Breakfast,D,Vegetables,0.52,3.0,1.56,Saturday,5,1,6,28,179,27.9,5.2,0,0,143,132,162,125,37,22.84,119
2025-06-28,Dinner,A,Meat,4.56,8.0,36.48,Saturday,5,1,6,28,179,27.9,5.2,0,0,273,275,303,268,35,11.55,205
2025-06-28,Dinner,A,Rice,2.22,2.0,4.44,Saturday,5,1,6,28,179,27.9,5.2,0,0,248,245,269,237,32,11.9,165
2025-06-28,Dinner,A,Soup,0.71,1.5,1.06,Saturday,5,1,6,28,179,27.9,5.2,0,0,241,244,262,223,39,14.89,221
2025-06-28,Dinner,A,Vegetables,0.37,3.0,1.11,Saturday,5,1,6,28,179,27.9,5.2,0,0,255,248,290,227,63,21.72,190
2025-06-28,Dinner,B,Meat,0.91,8.0,7.28,Saturday,5,1,6,28,179,27.9,5.2,0,0,242,265,273,252,21,7.69,268
2025-06-28,Dinner,B,Rice,0.85,2.0,1.7,Saturday,5,1,6,28,179,27.9,5.2,0,0,228,253,246,243,3,1.22,237
2025-06-28,Dinner,B,Soup,3.58,1.5,5.37,Saturday,5,1,6,28,179,27.9,5.2,0,0,250,244,272,221,51,18.75,184
2025-06-28,Dinner,C,Meat,4.71,8.0,37.68,Saturday,5,1,6,28,179,27.9,5.2,0,0,191,200,215,191,24,11.16,383
2025-06-28,Dinner,C,Rice,1.8,2.0,3.6,Saturday,5,1,6,28,179,27.9,5.2,0,0,181,170,196,165,31,15.82,486
2025-06-28,Dinner,C,Soup,4.25,1.5,6.38,Saturday,5,1,6,28,179,27.9,5.2,0,0,196,207,218,184,34,15.6,491
2025-06-28,Dinner,C,Vegetables,4.49,3.0,13.47,Saturday,5,1,6,28,179,27.9,5.2,0,0,207,201,225,190,35,15.56,218
2025-06-28,Dinner,D,Meat,3.21,8.0,25.68,Saturday,5,1,6,28,179,27.9,5.2,0,0,220,215,239,205,34,14.23,191
2025-06-28,Dinner,D,Vegetables,2.8,3.0,8.4,Saturday,5,1,6,28,179,27.9,5.2,0,0,214,233,233,218,15,6.44,398
2025-06-28,Lunch,A,Meat,3.62,8.0,28.96,Saturday,5,1,6,28,179,27.9,5.2,0,0,368,359,400,348,52,13.0,351
2025-06-28,Lunch,A,Rice,5.0,2.0,10.0,Saturday,5,1,6,28,179,27.9,5.2,0,0,384,348,419,337,82,19.57,336
2025-06-28,Lunch,A,Vegetables,2.68,3.0,8.04,Saturday,5,1,6,28,179,27.9,5.2,0,0,419,432,475,407,68,14.32,657
2025-06-28,Lunch,B,Meat,0.46,8.0,3.68,Saturday,5,1,6,28,179,27.9,5.2,0,0,366,357,406,351,55,13.55,290
2025-06-28,Lunch,B,Rice,4.13,2.0,8.26,Saturday,5,1,6,28,179,27.9,5.2,0,0,375,353,422,336,86,20.38,263
2025-06-28,Lunch,B,Soup,3.25,1.5,4.88,Saturday,5,1,6,28,179,27.9,5.2,0,0,366,356,405,318,87,21.48,335
2025-06-28,Lunch,B,Vegetables,4.86,3.0,14.58,Saturday,5,1,6,28,179,27.9,5.2,0,0,389,380,426,350,76,17.84,407
2025-06-28,Lunch,C,Meat,3.43,8.0,27.44,Saturday,5,1,6,28,179,27.9,5.2,0,0,288,294,320,290,30,9.38,292
2025-06-28,Lunch,C,Rice,2.3,2.0,4.6,Saturday,5,1,6,28,179,27.9,5.2,0,0,272,270,297,263,34,11.45,299
2025-06-28,Lunch,C,Soup,4.4,1.5,6.6,Saturday,5,1,6,28,179,27.9,5.2,0,0,313,313,336,280,56,16.67,318
2025-06-28,Lunch,C,Vegetables,1.79,3.0,5.37,Saturday,5,1,6,28,179,27.9,5.2,0,0,262,250,297,237,60,20.2,350
2025-06-28,Lunch,D,Meat,3.23,8.0,25.84,Saturday,5,1,6,28,179,27.9,5.2,0,0,309,306,337,292,45,13.35,557
2025-06-28,Lunch,D,Rice,3.92,2.0,7.84,Saturday,5,1,6,28,179,27.9,5.2,0,0,341,316,379,299,80,21.11,727
2025-06-28,Lunch,D,Soup,4.83,1.5,7.24,Saturday,5,1,6,28,179,27.9,5.2,0,0,349,371,385,335,50,12.99,557
2025-06-28,Lunch,D,Vegetables,0.99,3.0,2.97,Saturday,5,1,6,28,179,27.9,5.2,0,0,308,323,333,306,27,8.11,237
2025-06-29,Breakfast,A,Meat,2.71,8.0,21.68,Sunday,6,1,6,29,180,30.3,0.0,0,0,185,184,205,177,28,13.66,120
2025-06-29,Breakfast,A,Rice,1.58,2.0,3.16,Sunday,6,1,6,29,180,30.3,0.0,0,0,175,163,200,157,43,21.5,123
2025-06-29,Breakfast,A,Soup,0.93,1.5,1.4,Sunday,6,1,6,29,180,30.3,0.0,0,0,170,174,185,160,25,13.51,114
2025-06-29,Breakfast,A,Vegetables,2.56,3.0,7.68,Sunday,6,1,6,29,180,30.3,0.0,0,0,163,160,177,152,25,14.12,115
2025-06-29,Breakfast,B,Meat,0.86,8.0,6.88,Sunday,6,1,6,29,180,30.3,0.0,0,0,152,151,172,148,24,13.95,106
2025-06-29,Breakfast,B,Rice,4.71,2.0,9.42,Sunday,6,1,6,29,180,30.3,0.0,0,0,144,136,160,133,27,16.88,157
2025-06-29,Breakfast,B,Soup,3.63,1.5,5.44,Sunday,6,1,6,29,180,30.3,0.0,0,0,144,144,156,134,22,14.1,120
2025-06-29,Breakfast,C,Meat,4.23,8.0,33.84,Sunday,6,1,6,29,180,30.3,0.0,0,0,123,124,138,120,18,13.04,148
2025-06-29,Breakfast,C,Rice,3.07,2.0,6.14,Sunday,6,1,6,29,180,30.3,0.0,0,0,122,123,133,118,15,11.28,133
2025-06-29,Breakfast,C,Soup,4.14,1.5,6.21,Sunday,6,1,6,29,180,30.3,0.0,0,0,124,134,141,120,21,14.89,120
2025-06-29,Breakfast,C,Vegetables,2.86,3.0,8.58,Sunday,6,1,6,29,180,30.3,0.0,0,0,126,124,143,115,28,19.58,125
2025-06-29,Breakfast,D,Rice,0.24,2.0,0.48,Sunday,6,1,6,29,180,30.3,0.0,0,0,127,135,144,128,16,11.11,118
2025-06-29,Breakfast,D,Soup,2.93,1.5,4.4,Sunday,6,1,6,29,180,30.3,0.0,0,0,144,133,163,120,43,26.38,160
2025-06-29,Dinner,A,Meat,3.07,8.0,24.56,Sunday,6,1,6,29,180,30.3,0.0,0,0,257,250,289,247,42,14.53,252
2025-06-29,Dinner,A,Rice,1.1,2.0,2.2,Sunday,6,1,6,29,180,30.3,0.0,0,0,253,249,285,236,49,17.19,197
2025-06-29,Dinner,A,Soup,3.62,1.5,5.43,Sunday,6,1,6,29,180,30.3,0.0,0,0,260,254,293,228,65,22.18,152
2025-06-29,Dinner,A,Vegetables,1.63,3.0,4.89,Sunday,6,1,6,29,180,30.3,0.0,0,0,249,246,278,228,50,17.99,239
2025-06-29,Dinner,B,Meat,4.32,8.0,34.56,Sunday,6,1,6,29,180,30.3,0.0,0,0,226,221,250,214,36,14.4,228
2025-06-29,Dinner,B,Rice,3.7,2.0,7.4,Sunday,6,1,6,29,180,30.3,0.0,0,0,258,236,290,224,66,22.76,243
2025-06-29,Dinner,B,Soup,0.74,1.5,1.11,Sunday,6,1,6,29,180,30.3,0.0,0,0,238,240,257,222,35,13.62,223
2025-06-29,Dinner,B,Vegetables,4.88,3.0,14.64,Sunday,6,1,6,29,180,30.3,0.0,0,0,248,260,274,239,35,12.77,173
2025-06-29,Dinner,C,Meat,2.85,8.0,22.8,Sunday,6,1,6,29,180,30.3,0.0,0,0,201,223,216,216,0,0.0,247
2025-06-29,Dinner,C,Rice,1.92,2.0,3.84,Sunday,6,1,6,29,180,30.3,0.0,0,0,195,208,221,197,24,10.86,245
2025-06-29,Dinner,C,Soup,2.39,1.5,3.58,Sunday,6,1,6,29,180,30.3,0.0,0,0,167,171,180,152,28,15.56,195
2025-06-29,Dinner,C,Vegetables,1.66,3.0,4.98,Sunday,6,1,6,29,180,30.3,0.0,0,0,190,199,216,182,34,15.74,228
2025-06-29,Dinner,D,Meat,1.31,8.0,10.48,Sunday,6,1,6,29,180,30.3,0.0,0,0,228,238,246,228,18,7.32,216
2025-06-29,Dinner,D,Rice,1.41,2.0,2.82,Sunday,6,1,6,29,180,30.3,0.0,0,0,229,250,254,245,9,3.54,224
2025-06-29,Dinner,D,Soup,1.52,1.5,2.28,Sunday,6,1,6,29,180,30.3,0.0,0,0,214,215,241,195,46,19.09,222
2025-06-29,Dinner,D,Vegetables,0.57,3.0,1.71,Sunday,6,1,6,29,180,30.3,0.0,0,0,188,184,204,173,31,15.2,227
2025-06-29,Lunch,A,Meat,3.86,8.0,30.88,Sunday,6,1,6,29,180,30.3,0.0,0,0,378,362,418,344,74,17.7,348
2025-06-29,Lunch,A,Soup,3.23,1.5,4.84,Sunday,6,1,6,29,180,30.3,0.0,0,0,391,386,445,352,93,20.9,238
2025-06-29,Lunch,A,Vegetables,2.14,3.0,6.42,Sunday,6,1,6,29,180,30.3,0.0,0,0,364,365,409,343,66,16.14,306
2025-06-29,Lunch,B,Meat,3.17,8.0,25.36,Sunday,6,1,6,29,180,30.3,0.0,0,0,363,381,392,370,22,5.61,286
2025-06-29,Lunch,B,Rice,2.54,2.0,5.08,Sunday,6,1,6,29,180,30.3,0.0,0,0,362,374,388,362,26,6.7,284
2025-06-29,Lunch,B,Soup,4.79,1.5,7.18,Sunday,6,1,6,29,180,30.3,0.0,0,0,343,318,368,287,81,22.01,352
2025-06-29,Lunch,B,Vegetables,1.52,3.0,4.56,Sunday,6,1,6,29,180,30.3,0.0,0,0,347,335,384,306,78,20.31,280
2025-06-29,Lunch,C,Meat,4.04,8.0,32.32,Sunday,6,1,6,29,180,30.3,0.0,0,0,311,290,352,286,66,18.75,344
2025-06-29,Lunch,C,Rice,2.47,2.0,4.94,Sunday,6,1,6,29,180,30.3,0.0,0,0,275,250,296,242,54,18.24,337
2025-06-29,Lunch,C,Soup,1.56,1.5,2.34,Sunday,6,1,6,29,180,30.3,0.0,0,0,292,260,321,238,83,25.86,280
2025-06-29,Lunch,C,Vegetables,3.46,3.0,10.38,Sunday,6,1,6,29,180,30.3,0.0,0,0,284,307,314,280,34,10.83,306
2025-06-29,Lunch,D,Meat,0.39,8.0,3.12,Sunday,6,1,6,29,180,30.3,0.0,0,0,299,266,336,262,74,22.02,370
2025-06-29,Lunch,D,Rice,0.46,2.0,0.92,Sunday,6,1,6,29,180,30.3,0.0,0,0,302,295,338,284,54,15.98,242
2025-06-29,Lunch,D,Soup,2.47,1.5,3.7,Sunday,6,1,6,29,180,30.3,0.0,0,0,326,298,370,270,100,27.03,287
2025-06-29,Lunch,D,Vegetables,2.25,3.0,6.75,Sunday,6,1,6,29,180,30.3,0.0,0,0,346,302,391,278,113,28.9,343
2025-06-30,Breakfast,A,Meat,3.12,8.0,24.96,Monday,0,0,6,30,181,29.3,0.0,0,0,317,301,342,292,50,14.62,264
2025-06-30,Breakfast,A,Rice,1.98,2.0,3.96,Monday,0,0,6,30,181,29.3,0.0,0,0,316,329,361,313,48,13.3,278
2025-06-30,Breakfast,A,Soup,4.34,1.5,6.51,Monday,0,0,6,30,181,29.3,0.0,0,0,297,293,334,263,71,21.26,196
2025-06-30,Breakfast,A,Vegetables,1.32,3.0,3.96,Monday,0,0,6,30,181,29.3,0.0,0,0,273,292,299,273,26,8.7,253
2025-06-30,Breakfast,B,Meat,1.7,8.0,13.6,Monday,0,0,6,30,181,29.3,0.0,0,0,273,272,302,264,38,12.58,177
2025-06-30,Breakfast,B,Rice,0.88,2.0,1.76,Monday,0,0,6,30,181,29.3,0.0,0,0,276,289,313,278,35,11.18,128
2025-06-30,Breakfast,B,Soup,1.63,1.5,2.44,Monday,0,0,6,30,181,29.3,0.0,0,0,275,269,300,245,55,18.33,263
2025-06-30,Breakfast,B,Vegetables,2.93,3.0,8.79,Monday,0,0,6,30,181,29.3,0.0,0,0,268,251,288,237,51,17.71,193
2025-06-30,Breakfast,C,Meat,2.54,8.0,20.32,Monday,0,0,6,30,181,29.3,0.0,0,0,209,218,225,208,17,7.56,245
2025-06-30,Breakfast,C,Rice,3.84,2.0,7.68,Monday,0,0,6,30,181,29.3,0.0,0,0,220,213,240,203,37,15.42,211
2025-06-30,Breakfast,C,Soup,2.54,1.5,3.81,Monday,0,0,6,30,181,29.3,0.0,0,0,225,220,254,196,58,22.83,233
2025-06-30,Breakfast,C,Vegetables,2.62,3.0,7.86,Monday,0,0,6,30,181,29.3,0.0,0,0,220,211,236,193,43,18.22,273
2025-06-30,Breakfast,D,Meat,0.21,8.0,1.68,Monday,0,0,6,30,181,29.3,0.0,0,0,251,257,278,245,33,11.87,292
2025-06-30,Breakfast,D,Rice,1.61,2.0,3.22,Monday,0,0,6,30,181,29.3,0.0,0,0,246,224,272,211,61,22.43,313
2025-06-30,Breakfast,D,Soup,2.58,1.5,3.87,Monday,0,0,6,30,181,29.3,0.0,0,0,242,252,274,233,41,14.96,134
2025-06-30,Breakfast,D,Vegetables,4.73,3.0,14.19,Monday,0,0,6,30,181,29.3,0.0,0,0,273,269,296,253,43,14.53,152
2025-06-30,Dinner,A,Meat,1.05,8.0,8.4,Monday,0,0,6,30,181,29.3,0.0,0,0,480,510,526,494,32,6.08,389
2025-06-30,Dinner,A,Rice,2.89,2.0,5.78,Monday,0,0,6,30,181,29.3,0.0,0,0,470,531,524,514,10,1.91,236
2025-06-30,Dinner,A,Soup,0.46,1.5,0.69,Monday,0,0,6,30,181,29.3,0.0,0,0,488,516,527,465,62,11.76,402
2025-06-30,Dinner,A,Vegetables,2.81,3.0,8.43,Monday,0,0,6,30,181,29.3,0.0,0,0,454,468,508,426,82,16.14,410
2025-06-30,Dinner,B,Meat,3.85,8.0,30.8,Monday,0,0,6,30,181,29.3,0.0,0,0,420,403,459,389,70,15.25,214
2025-06-30,Dinner,B,Rice,2.57,2.0,5.14,Monday,0,0,6,30,181,29.3,0.0,0,0,440,443,497,422,75,15.09,317
2025-06-30,Dinner,B,Soup,4.95,1.5,7.43,Monday,0,0,6,30,181,29.3,0.0,0,0,442,433,477,402,75,15.72,228
2025-06-30,Dinner,B,Vegetables,1.47,3.0,4.41,Monday,0,0,6,30,181,29.3,0.0,0,0,430,437,482,410,72,14.94,373
2025-06-30,Dinner,C,Meat,0.68,8.0,5.44,Monday,0,0,6,30,181,29.3,0.0,0,0,309,312,353,301,52,14.73,494
2025-06-30,Dinner,C,Rice,3.43,2.0,6.86,Monday,0,0,6,30,181,29.3,0.0,0,0,341,330,373,317,56,15.01,514
2025-06-30,Dinner,D,Meat,1.76,8.0,14.08,Monday,0,0,6,30,181,29.3,0.0,0,0,393,368,422,358,64,15.17,301
2025-06-30,Dinner,D,Vegetables,4.7,3.0,14.1,Monday,0,0,6,30,181,29.3,0.0,0,0,399,409,438,373,65,14.84,182
2025-06-30,Lunch,A,Meat,1.15,8.0,9.2,Monday,0,0,6,30,181,29.3,0.0,0,0,735,694,825,669,156,18.91,642
2025-06-30,Lunch,A,Rice,4.84,2.0,9.68,Monday,0,0,6,30,181,29.3,0.0,0,0,764,764,823,748,75,9.11,493
2025-06-30,Lunch,A,Soup,0.35,1.5,0.52,Monday,0,0,6,30,181,29.3,0.0,0,0,687,635,750,590,160,21.33,270
2025-06-30,Lunch,A,Vegetables,1.83,3.0,5.49,Monday,0,0,6,30,181,29.3,0.0,0,0,626,592,694,543,151,21.76,565
2025-06-30,Lunch,B,Meat,4.42,8.0,35.36,Monday,0,0,6,30,181,29.3,0.0,0,0,583,594,663,572,91,13.73,480
2025-06-30,Lunch,B,Rice,2.52,2.0,5.04,Monday,0,0,6,30,181,29.3,0.0,0,0,606,659,664,621,43,6.48,464
2025-06-30,Lunch,B,Soup,2.41,1.5,3.62,Monday,0,0,6,30,181,29.3,0.0,0,0,677,631,733,580,153,20.87,542
2025-06-30,Lunch,B,Vegetables,3.31,3.0,9.93,Monday,0,0,6,30,181,29.3,0.0,0,0,654,648,715,614,101,14.13,543
2025-06-30,Lunch,C,Meat,4.25,8.0,34.0,Monday,0,0,6,30,181,29.3,0.0,0,0,516,485,556,480,76,13.67,669
2025-06-30,Lunch,C,Rice,2.73,2.0,5.46,Monday,0,0,6,30,181,29.3,0.0,0,0,503,512,551,493,58,10.53,621
2025-06-30,Lunch,C,Soup,4.42,1.5,6.63,Monday,0,0,6,30,181,29.3,0.0,0,0,556,539,627,496,131,20.89,590
2025-06-30,Lunch,C,Vegetables,2.21,3.0,6.63,Monday,0,0,6,30,181,29.3,0.0,0,0,490,511,539,484,55,10.2,614
2025-06-30,Lunch,D,Meat,3.84,8.0,30.72,Monday,0,0,6,30,181,29.3,0.0,0,0,613,674,697,642,55,7.89,262
2025-06-30,Lunch,D,Rice,3.66,2.0,7.32,Monday,0,0,6,30,181,29.3,0.0,0,0,534,480,584,464,120,20.55,362
2025-06-30,Lunch,D,Soup,2.06,1.5,3.09,Monday,0,0,6,30,181,29.3,0.0,0,0,613,605,670,542,128,19.1,496
2025-06-30,Lunch,D,Vegetables,1.89,3.0,5.67,Monday,0,0,6,30,181,29.3,0.0,0,0,606,598,680,565,115,16.91,278
2025-07-01,Breakfast,A,Meat,2.59,8.0,20.72,Tuesday,1,0,7,1,182,35.5,0.0,1,0,105,97,115,95,20,17.39,208
2025-07-01,Breakfast,A,Soup,0.32,1.5,0.48,Tuesday,1,0,7,1,182,35.5,0.0,1,0,101,99,109,92,17,15.6,245
2025-07-01,Breakfast,A,Vegetables,2.55,3.0,7.65,Tuesday,1,0,7,1,182,35.5,0.0,1,0,97,88,106,83,23,21.7,237
2025-07-01,Breakfast,B,Meat,1.73,8.0,13.84,Tuesday,1,0,7,1,182,35.5,0.0,1,0,97,100,110,99,11,10.0,95
2025-07-01,Breakfast,B,Rice,0.77,2.0,1.54,Tuesday,1,0,7,1,182,35.5,0.0,1,0,92,93,101,90,11,10.89,203
2025-07-01,Breakfast,B,Soup,2.34,1.5,3.51,Tuesday,1,0,7,1,182,35.5,0.0,1,0,99,101,109,93,16,14.68,92
2025-07-01,Breakfast,B,Vegetables,2.42,3.0,7.26,Tuesday,1,0,7,1,182,35.5,0.0,1,0,98,102,108,94,14,12.96,91
2025-07-01,Breakfast,C,Meat,2.63,8.0,21.04,Tuesday,1,0,7,1,182,35.5,0.0,1,0,77,81,85,77,8,9.41,99
2025-07-01,Breakfast,C,Rice,3.07,2.0,6.14,Tuesday,1,0,7,1,182,35.5,0.0,1,0,81,88,92,84,8,8.7,90
2025-07-01,Breakfast,C,Soup,3.1,1.5,4.65,Tuesday,1,0,7,1,182,35.5,0.0,1,0,76,72,85,66,19,22.35,93
2025-07-01,Breakfast,C,Vegetables,1.71,3.0,5.13,Tuesday,1,0,7,1,182,35.5,0.0,1,0,80,80,89,76,13,14.61,83
2025-07-01,Breakfast,D,Meat,4.95,8.0,39.6,Tuesday,1,0,7,1,182,35.5,0.0,1,0,71,70,80,68,12,15.0,77
2025-07-01,Breakfast,D,Vegetables,3.72,3.0,11.16,Tuesday,1,0,7,1,182,35.5,0.0,1,0,95,99,108,91,17,15.74,76
2025-07-01,Dinner,A,Meat,3.9,8.0,31.2,Tuesday,1,0,7,1,182,35.5,0.0,1,0,154,160,166,153,13,7.83,135
2025-07-01,Dinner,A,Rice,3.94,2.0,7.88,Tuesday,1,0,7,1,182,35.5,0.0,1,0,164,168,177,164,13,7.34,149
2025-07-01,Dinner,A,Vegetables,2.93,3.0,8.79,Tuesday,1,0,7,1,182,35.5,0.0,1,0,182,191,200,177,23,11.5,129
2025-07-01,Dinner,B,Meat,0.94,8.0,7.52,Tuesday,1,0,7,1,182,35.5,0.0,1,0,150,148,171,144,27,15.79,153
2025-07-01,Dinner,B,Rice,2.96,2.0,5.92,Tuesday,1,0,7,1,182,35.5,0.0,1,0,147,158,166,149,17,10.24,139
2025-07-01,Dinner,B,Soup,3.14,1.5,4.71,Tuesday,1,0,7,1,182,35.5,0.0,1,0,145,139,165,126,39,23.64,465
2025-07-01,Dinner,B,Vegetables,3.18,3.0,9.54,Tuesday,1,0,7,1,182,35.5,0.0,1,0,136,139,150,129,21,14.0,426
2025-07-01,Dinner,C,Meat,0.82,8.0,6.56,Tuesday,1,0,7,1,182,35.5,0.0,1,0,110,108,126,106,20,15.87,358
2025-07-01,Dinner,C,Rice,4.22,2.0,8.44,Tuesday,1,0,7,1,182,35.5,0.0,1,0,121,126,134,121,13,9.7,422
2025-07-01,Dinner,C,Soup,0.25,1.5,0.38,Tuesday,1,0,7,1,182,35.5,0.0,1,0,108,111,122,102,20,16.39,118
2025-07-01,Dinner,C,Vegetables,3.44,3.0,10.32,Tuesday,1,0,7,1,182,35.5,0.0,1,0,121,124,133,115,18,13.53,177
2025-07-01,Dinner,D,Meat,0.64,8.0,5.12,Tuesday,1,0,7,1,182,35.5,0.0,1,0,136,137,150,135,15,10.0,106
2025-07-01,Dinner,D,Rice,4.75,2.0,9.5,Tuesday,1,0,7,1,182,35.5,0.0,1,0,134,144,147,139,8,5.44,121
2025-07-01,Dinner,D,Soup,1.64,1.5,2.46,Tuesday,1,0,7,1,182,35.5,0.0,1,0,133,132,143,118,25,17.48,126
2025-07-01,Dinner,D,Vegetables,0.19,3.0,0.57,Tuesday,1,0,7,1,182,35.5,0.0,1,0,132,129,148,120,28,18.92,115
2025-07-01,Lunch,A,Meat,4.16,8.0,33.28,Tuesday,1,0,7,1,182,35.5,0.0,1,0,247,243,270,234,36,13.33,189
2025-07-01,Lunch,A,Rice,1.75,2.0,3.5,Tuesday,1,0,7,1,182,35.5,0.0,1,0,232,261,250,250,0,0.0,748
2025-07-01,Lunch,A,Soup,3.57,1.5,5.36,Tuesday,1,0,7,1,182,35.5,0.0,1,0,247,234,276,216,60,21.74,580
2025-07-01,Lunch,A,Vegetables,2.71,3.0,8.13,Tuesday,1,0,7,1,182,35.5,0.0,1,0,241,243,260,229,31,11.92,484
2025-07-01,Lunch,B,Meat,4.1,8.0,32.8,Tuesday,1,0,7,1,182,35.5,0.0,1,0,226,240,258,236,22,8.53,572
2025-07-01,Lunch,B,Rice,1.57,2.0,3.14,Tuesday,1,0,7,1,182,35.5,0.0,1,0,220,215,250,205,45,18.0,154
2025-07-01,Lunch,B,Soup,3.4,1.5,5.1,Tuesday,1,0,7,1,182,35.5,0.0,1,0,228,239,255,222,33,12.94,216
2025-07-01,Lunch,B,Vegetables,1.9,3.0,5.7,Tuesday,1,0,7,1,182,35.5,0.0,1,0,233,224,253,208,45,17.79,159
2025-07-01,Lunch,C,Meat,2.96,8.0,23.68,Tuesday,1,0,7,1,182,35.5,0.0,1,0,191,190,217,185,32,14.75,236
2025-07-01,Lunch,C,Rice,4.9,2.0,9.8,Tuesday,1,0,7,1,182,35.5,0.0,1,0,171,159,186,154,32,17.2,193
2025-07-01,Lunch,C,Soup,3.65,1.5,5.48,Tuesday,1,0,7,1,182,35.5,0.0,1,0,196,193,221,175,46,20.81,222
2025-07-01,Lunch,C,Vegetables,4.0,3.0,12.0,Tuesday,1,0,7,1,182,35.5,0.0,1,0,179,171,192,159,33,17.19,198
2025-07-01,Lunch,D,Meat,0.23,8.0,1.84,Tuesday,1,0,7,1,182,35.5,0.0,1,0,205,196,229,189,40,17.47,185
2025-07-01,Lunch,D,Rice,3.47,2.0,6.94,Tuesday,1,0,7,1,182,35.5,0.0,1,0,196,199,215,193,22,10.23,250
2025-07-01,Lunch,D,Soup,4.84,1.5,7.26,Tuesday,1,0,7,1,182,35.5,0.0,1,0,192,195,219,181,38,17.35,175
2025-07-01,Lunch,D,Vegetables,2.43,3.0,7.29,Tuesday,1,0,7,1,182,35.5,0.0,1,0,206,213,232,198,34,14.66,229
2025-07-02,Breakfast,A,Meat,3.48,8.0,27.84,Wednesday,2,0,7,2,183,26.9,14.2,0,0,322,356,364,339,25,6.87,201
2025-07-02,Breakfast,A,Rice,0.84,2.0,1.68,Wednesday,2,0,7,2,183,26.9,14.2,0,0,292,314,315,306,9,2.86,84
2025-07-02,Breakfast,A,Soup,3.9,1.5,5.85,Wednesday,2,0,7,2,183,26.9,14.2,0,0,275,253,313,230,83,26.52,66
2025-07-02,Breakfast,A,Vegetables,2.11,3.0,6.33,Wednesday,2,0,7,2,183,26.9,14.2,0,0,281,292,317,275,42,13.25,249
2025-07-02,Breakfast,B,Meat,4.38,8.0,35.04,Wednesday,2,0,7,2,183,26.9,14.2,0,0,302,342,343,326,17,4.96,339
2025-07-02,Breakfast,B,Rice,4.61,2.0,9.22,Wednesday,2,0,7,2,183,26.9,14.2,0,0,264,262,300,249,51,17.0,306
2025-07-02,Breakfast,B,Soup,0.41,1.5,0.62,Wednesday,2,0,7,2,183,26.9,14.2,0,0,277,272,306,251,55,17.97,206
2025-07-02,Breakfast,B,Vegetables,3.71,3.0,11.13,Wednesday,2,0,7,2,183,26.9,14.2,0,0,269,265,293,249,44,15.02,94
2025-07-02,Breakfast,C,Meat,1.12,8.0,8.96,Wednesday,2,0,7,2,183,26.9,14.2,0,0,211,204,240,201,39,16.25,68
2025-07-02,Breakfast,C,Soup,3.34,1.5,5.01,Wednesday,2,0,7,2,183,26.9,14.2,0,0,220,229,250,206,44,17.6,246
2025-07-02,Breakfast,C,Vegetables,1.69,3.0,5.07,Wednesday,2,0,7,2,183,26.9,14.2,0,0,220,230,241,216,25,10.37,275
2025-07-02,Breakfast,D,Soup,4.57,1.5,6.86,Wednesday,2,0,7,2,183,26.9,14.2,0,0,259,269,290,246,44,15.17,230
2025-07-02,Breakfast,D,Vegetables,0.95,3.0,2.85,Wednesday,2,0,7,2,183,26.9,14.2,0,0,257,253,290,239,51,17.59,216
2025-07-02,Dinner,A,Meat,1.81,8.0,14.48,Wednesday,2,0,7,2,183,26.9,14.2,0,0,441,448,489,431,58,11.86,355
2025-07-02,Dinner,A,Rice,1.65,2.0,3.3,Wednesday,2,0,7,2,183,26.9,14.2,0,0,473,478,537,453,84,15.64,366
2025-07-02,Dinner,A,Soup,4.0,1.5,6.0,Wednesday,2,0,7,2,183,26.9,14.2,0,0,440,447,479,398,81,16.91,356
2025-07-02,Dinner,A,Vegetables,4.68,3.0,14.04,Wednesday,2,0,7,2,183,26.9,14.2,0,0,479,514,533,476,57,10.69,381
2025-07-02,Dinner,B,Rice,1.44,2.0,2.88,Wednesday,2,0,7,2,183,26.9,14.2,0,0,422,447,467,431,36,7.71,164
2025-07-02,Dinner,B,Soup,1.96,1.5,2.94,Wednesday,2,0,7,2,183,26.9,14.2,0,0,426,435,486,395,91,18.72,102
2025-07-02,Dinner,B,Vegetables,3.42,3.0,10.26,Wednesday,2,0,7,2,183,26.9,14.2,0,0,383,390,431,358,73,16.94,476
2025-07-02,Dinner,C,Meat,4.11,8.0,32.88,Wednesday,2,0,7,2,183,26.9,14.2,0,0,340,326,370,312,58,15.68,431
2025-07-02,Dinner,C,Rice,4.9,2.0,9.8,Wednesday,2,0,7,2,183,26.9,14.2,0,0,359,379,389,366,23,5.91,431
2025-07-02,Dinner,C,Vegetables,4.78,3.0,14.34,Wednesday,2,0,7,2,183,26.9,14.2,0,0,384,399,438,366,72,16.44,120
2025-07-02,Dinner,D,Meat,1.51,8.0,12.08,Wednesday,2,0,7,2,183,26.9,14.2,0,0,379,373,410,355,55,13.41,144
2025-07-02,Dinner,D,Rice,1.52,2.0,3.04,Wednesday,2,0,7,2,183,26.9,14.2,0,0,405,375,444,359,85,19.14,453
2025-07-02,Dinner,D,Soup,1.8,1.5,2.7,Wednesday,2,0,7,2,183,26.9,14.2,0,0,381,389,411,356,55,13.38,395
2025-07-02,Dinner,D,Vegetables,3.6,3.0,10.8,Wednesday,2,0,7,2,183,26.9,14.2,0,0,386,407,430,381,49,11.4,366
2025-07-02,Lunch,A,Meat,1.84,8.0,14.72,Wednesday,2,0,7,2,183,26.9,14.2,0,0,682,678,746,668,78,10.46,617
2025-07-02,Lunch,A,Rice,1.78,2.0,3.56,Wednesday,2,0,7,2,183,26.9,14.2,0,0,790,829,854,783,71,8.31,587
2025-07-02,Lunch,A,Soup,3.63,1.5,5.44,Wednesday,2,0,7,2,183,26.9,14.2,0,0,701,685,798,615,183,22.93,181
2025-07-02,Lunch,A,Vegetables,3.88,3.0,11.64,Wednesday,2,0,7,2,183,26.9,14.2,0,0,689,642,756,593,163,21.56,394
2025-07-02,Lunch,B,Meat,3.5,8.0,28.0,Wednesday,2,0,7,2,183,26.9,14.2,0,0,661,678,713,667,46,6.45,668
2025-07-02,Lunch,B,Soup,1.04,1.5,1.56,Wednesday,2,0,7,2,183,26.9,14.2,0,0,711,727,773,662,111,14.36,457
2025-07-02,Lunch,B,Vegetables,3.09,3.0,9.27,Wednesday,2,0,7,2,183,26.9,14.2,0,0,632,644,698,608,90,12.89,593
2025-07-02,Lunch,C,Meat,2.83,8.0,22.64,Wednesday,2,0,7,2,183,26.9,14.2,0,0,567,576,636,568,68,10.69,667
2025-07-02,Lunch,C,Rice,1.31,2.0,2.62,Wednesday,2,0,7,2,183,26.9,14.2,0,0,554,572,610,552,58,9.51,205
2025-07-02,Lunch,C,Soup,4.87,1.5,7.3,Wednesday,2,0,7,2,183,26.9,14.2,0,0,509,522,566,472,94,16.61,662
2025-07-02,Lunch,C,Vegetables,1.2,3.0,3.6,Wednesday,2,0,7,2,183,26.9,14.2,0,0,436,428,497,394,103,20.72,208
2025-07-02,Lunch,D,Meat,1.52,8.0,12.16,Wednesday,2,0,7,2,183,26.9,14.2,0,0,629,647,674,617,57,8.46,234
2025-07-02,Lunch,D,Rice,1.56,2.0,3.12,Wednesday,2,0,7,2,183,26.9,14.2,0,0,605,624,653,587,66,10.11,552
2025-07-02,Lunch,D,Soup,3.55,1.5,5.32,Wednesday,2,0,7,2,183,26.9,14.2,0,0,536,502,584,457,127,21.75,615
2025-07-03,Breakfast,A,Meat,1.36,8.0,10.88,Thursday,3,0,7,3,184,28.4,0.0,0,0,294,289,331,275,56,16.92,234
2025-07-03,Breakfast,A,Rice,2.27,2.0,4.54,Thursday,3,0,7,3,184,28.4,0.0,0,0,273,280,300,272,28,9.33,217
2025-07-03,Breakfast,A,Vegetables,2.45,3.0,7.35,Thursday,3,0,7,3,184,28.4,0.0,0,0,300,302,336,279,57,16.96,239
2025-07-03,Breakfast,B,Meat,4.67,8.0,37.36,Thursday,3,0,7,3,184,28.4,0.0,0,0,250,239,275,234,41,14.91,326
2025-07-03,Breakfast,B,Soup,0.77,1.5,1.16,Thursday,3,0,7,3,184,28.4,0.0,0,0,281,290,317,260,57,17.98,194
2025-07-03,Breakfast,B,Vegetables,3.51,3.0,10.53,Thursday,3,0,7,3,184,28.4,0.0,0,0,285,273,313,255,58,18.53,222
2025-07-03,Breakfast,C,Meat,2.98,8.0,23.84,Thursday,3,0,7,3,184,28.4,0.0,0,0,203,202,226,199,27,11.95,275
2025-07-03,Breakfast,C,Rice,3.12,2.0,6.24,Thursday,3,0,7,3,184,28.4,0.0,0,0,227,229,259,217,42,16.22,228
2025-07-03,Breakfast,C,Soup,3.38,1.5,5.07,Thursday,3,0,7,3,184,28.4,0.0,0,0,209,213,238,194,44,18.49,212
2025-07-03,Breakfast,C,Vegetables,1.29,3.0,3.87,Thursday,3,0,7,3,184,28.4,0.0,0,0,240,232,261,218,43,16.48,255
2025-07-03,Breakfast,D,Rice,2.7,2.0,5.4,Thursday,3,0,7,3,184,28.4,0.0,0,0,239,233,258,228,30,11.63,249
2025-07-03,Breakfast,D,Soup,2.13,1.5,3.2,Thursday,3,0,7,3,184,28.4,0.0,0,0,249,235,280,212,68,24.29,251
2025-07-03,Breakfast,D,Vegetables,0.36,3.0,1.08,Thursday,3,0,7,3,184,28.4,0.0,0,0,231,237,257,222,35,13.62,279
2025-07-03,Dinner,A,Meat,2.72,8.0,21.76,Thursday,3,0,7,3,184,28.4,0.0,0,0,485,476,551,456,95,17.24,312
2025-07-03,Dinner,A,Rice,2.91,2.0,5.82,Thursday,3,0,7,3,184,28.4,0.0,0,0,428,419,474,402,72,15.19,329
2025-07-03,Dinner,A,Soup,4.69,1.5,7.04,Thursday,3,0,7,3,184,28.4,0.0,0,0,523,538,591,497,94,15.91,371
2025-07-03,Dinner,A,Vegetables,3.64,3.0,10.92,Thursday,3,0,7,3,184,28.4,0.0,0,0,467,436,515,398,117,22.72,358
2025-07-03,Dinner,B,Meat,0.96,8.0,7.68,Thursday,3,0,7,3,184,28.4,0.0,0,0,467,457,509,439,70,13.75,456
2025-07-03,Dinner,B,Rice,4.57,2.0,9.14,Thursday,3,0,7,3,184,28.4,0.0,0,0,441,481,502,454,48,9.56,344
2025-07-03,Dinner,B,Vegetables,4.42,3.0,13.26,Thursday,3,0,7,3,184,28.4,0.0,0,0,381,384,430,358,72,16.74,347
2025-07-03,Dinner,C,Meat,4.99,8.0,39.92,Thursday,3,0,7,3,184,28.4,0.0,0,0,357,312,387,305,82,21.19,439
2025-07-03,Dinner,C,Rice,4.61,2.0,9.22,Thursday,3,0,7,3,184,28.4,0.0,0,0,341,361,384,344,40,10.42,402
2025-07-03,Dinner,C,Soup,2.53,1.5,3.8,Thursday,3,0,7,3,184,28.4,0.0,0,0,357,347,391,322,69,17.65,497
2025-07-03,Dinner,C,Vegetables,2.05,3.0,6.15,Thursday,3,0,7,3,184,28.4,0.0,0,0,361,373,390,345,45,11.54,398
2025-07-03,Dinner,D,Meat,4.81,8.0,38.48,Thursday,3,0,7,3,184,28.4,0.0,0,0,403,427,449,417,32,7.13,305
2025-07-03,Dinner,D,Rice,4.69,2.0,9.38,Thursday,3,0,7,3,184,28.4,0.0,0,0,351,342,379,329,50,13.19,359
2025-07-03,Dinner,D,Soup,4.4,1.5,6.6,Thursday,3,0,7,3,184,28.4,0.0,0,0,400,405,445,371,74,16.63,398
2025-07-03,Dinner,D,Vegetables,4.64,3.0,13.92,Thursday,3,0,7,3,184,28.4,0.0,0,0,411,377,447,347,100,22.37,358
2025-07-03,Lunch,A,Meat,0.59,8.0,4.72,Thursday,3,0,7,3,184,28.4,0.0,0,0,735,746,809,712,97,11.99,568
2025-07-03,Lunch,A,Rice,3.62,2.0,7.24,Thursday,3,0,7,3,184,28.4,0.0,0,0,761,806,839,771,68,8.1,645
2025-07-03,Lunch,A,Soup,0.13,1.5,0.2,Thursday,3,0,7,3,184,28.4,0.0,0,0,707,764,775,699,76,9.81,472
2025-07-03,Lunch,A,Vegetables,3.88,3.0,11.64,Thursday,3,0,7,3,184,28.4,0.0,0,0,699,716,772,660,112,14.51,627
2025-07-03,Lunch,B,Meat,4.65,8.0,37.2,Thursday,3,0,7,3,184,28.4,0.0,0,0,691,676,740,643,97,13.11,476
2025-07-03,Lunch,B,Soup,4.68,1.5,7.02,Thursday,3,0,7,3,184,28.4,0.0,0,0,663,630,722,574,148,20.5,454
2025-07-03,Lunch,B,Vegetables,2.09,3.0,6.27,Thursday,3,0,7,3,184,28.4,0.0,0,0,668,669,725,627,98,13.52,608
2025-07-03,Lunch,C,Meat,2.44,8.0,19.52,Thursday,3,0,7,3,184,28.4,0.0,0,0,473,497,509,476,33,6.48,598
2025-07-03,Lunch,C,Rice,4.4,2.0,8.8,Thursday,3,0,7,3,184,28.4,0.0,0,0,595,602,677,574,103,15.21,783
2025-07-03,Lunch,C,Soup,4.82,1.5,7.23,Thursday,3,0,7,3,184,28.4,0.0,0,0,519,488,562,454,108,19.22,536
2025-07-03,Lunch,D,Meat,3.26,8.0,26.08,Thursday,3,0,7,3,184,28.4,0.0,0,0,615,608,689,598,91,13.21,712
2025-07-03,Lunch,D,Rice,1.67,2.0,3.34,Thursday,3,0,7,3,184,28.4,0.0,0,0,626,681,697,645,52,7.46,574
2025-07-03,Lunch,D,Soup,0.54,1.5,0.81,Thursday,3,0,7,3,184,28.4,0.0,0,0,599,597,680,536,144,21.18,699
2025-07-03,Lunch,D,Vegetables,4.55,3.0,13.65,Thursday,3,0,7,3,184,28.4,0.0,0,0,556,566,599,530,69,11.52,660
2025-07-04,Breakfast,A,Meat,2.88,8.0,23.04,Friday,4,0,7,4,185,29.6,4.8,0,0,293,301,325,288,37,11.38,251
2025-07-04,Breakfast,A,Rice,0.15,2.0,0.3,Friday,4,0,7,4,185,29.6,4.8,0,0,295,303,328,285,43,13.11,211
2025-07-04,Breakfast,A,Soup,4.92,1.5,7.38,Friday,4,0,7,4,185,29.6,4.8,0,0,286,292,307,267,40,13.03,249
2025-07-04,Breakfast,A,Vegetables,0.63,3.0,1.89,Friday,4,0,7,4,185,29.6,4.8,0,0,344,312,386,284,102,26.42,215
2025-07-04,Breakfast,B,Meat,4.95,8.0,39.6,Friday,4,0,7,4,185,29.6,4.8,0,0,294,284,325,272,53,16.31,250
2025-07-04,Breakfast,B,Rice,1.49,2.0,2.98,Friday,4,0,7,4,185,29.6,4.8,0,0,271,269,309,260,49,15.86,285
2025-07-04,Breakfast,B,Soup,2.52,1.5,3.78,Friday,4,0,7,4,185,29.6,4.8,0,0,271,275,303,249,54,17.82,260
2025-07-04,Breakfast,B,Vegetables,2.76,3.0,8.28,Friday,4,0,7,4,185,29.6,4.8,0,0,284,265,323,243,80,24.77,218
2025-07-04,Breakfast,C,Meat,4.27,8.0,34.16,Friday,4,0,7,4,185,29.6,4.8,0,0,239,253,269,250,19,7.06,288
2025-07-04,Breakfast,C,Rice,4.7,2.0,9.4,Friday,4,0,7,4,185,29.6,4.8,0,0,224,224,245,211,34,13.88,249
2025-07-04,Breakfast,C,Soup,1.04,1.5,1.56,Friday,4,0,7,4,185,29.6,4.8,0,0,215,199,242,180,62,25.62,252
2025-07-04,Breakfast,C,Vegetables,2.39,3.0,7.17,Friday,4,0,7,4,185,29.6,4.8,0,0,219,229,250,215,35,14.0,243
2025-07-04,Breakfast,D,Meat,0.9,8.0,7.2,Friday,4,0,7,4,185,29.6,4.8,0,0,253,258,278,251,27,9.71,199
2025-07-04,Breakfast,D,Rice,0.65,2.0,1.3,Friday,4,0,7,4,185,29.6,4.8,0,0,252,265,277,249,28,10.11,272
2025-07-04,Breakfast,D,Soup,1.36,1.5,2.04,Friday,4,0,7,4,185,29.6,4.8,0,0,264,272,292,252,40,13.7,267
2025-07-04,Breakfast,D,Vegetables,2.35,3.0,7.05,Friday,4,0,7,4,185,29.6,4.8,0,0,232,235,255,217,38,14.9,284
2025-07-04,Dinner,A,Meat,1.25,8.0,10.0,Friday,4,0,7,4,185,29.6,4.8,0,0,470,487,510,480,30,5.88,394
2025-07-04,Dinner,A,Soup,4.77,1.5,7.15,Friday,4,0,7,4,185,29.6,4.8,0,0,472,480,537,434,103,19.18,367
2025-07-04,Dinner,A,Vegetables,3.79,3.0,11.37,Friday,4,0,7,4,185,29.6,4.8,0,0,467,460,502,422,80,15.94,294
2025-07-04,Dinner,B,Meat,3.64,8.0,29.12,Friday,4,0,7,4,185,29.6,4.8,0,0,418,447,460,425,35,7.61,359
2025-07-04,Dinner,B,Rice,1.58,2.0,3.16,Friday,4,0,7,4,185,29.6,4.8,0,0,430,439,482,415,67,13.9,326
2025-07-04,Dinner,B,Soup,3.3,1.5,4.95,Friday,4,0,7,4,185,29.6,4.8,0,0,409,401,460,367,93,20.22,363
2025-07-04,Dinner,B,Vegetables,0.16,3.0,0.48,Friday,4,0,7,4,185,29.6,4.8,0,0,432,451,492,422,70,14.23,422
2025-07-04,Dinner,C,Meat,0.4,8.0,3.2,Friday,4,0,7,4,185,29.6,4.8,0,0,377,375,410,359,51,12.44,480
2025-07-04,Dinner,C,Rice,3.49,2.0,6.98,Friday,4,0,7,4,185,29.6,4.8,0,0,363,346,396,326,70,17.68,454
2025-07-04,Dinner,C,Vegetables,0.68,3.0,2.04,Friday,4,0,7,4,185,29.6,4.8,0,0,333,323,374,294,80,21.39,345
2025-07-04,Dinner,D,Meat,2.56,8.0,20.48,Friday,4,0,7,4,185,29.6,4.8,0,0,412,402,459,394,65,14.16,417
2025-07-04,Dinner,D,Rice,2.09,2.0,4.18,Friday,4,0,7,4,185,29.6,4.8,0,0,372,374,421,362,59,14.01,415
2025-07-04,Dinner,D,Soup,3.55,1.5,5.32,Friday,4,0,7,4,185,29.6,4.8,0,0,407,391,458,363,95,20.74,322
2025-07-04,Dinner,D,Vegetables,4.49,3.0,13.47,Friday,4,0,7,4,185,29.6,4.8,0,0,387,353,416,322,94,22.6,422
2025-07-04,Lunch,A,Meat,3.71,8.0,29.68,Friday,4,0,7,4,185,29.6,4.8,0,0,670,658,735,636,99,13.47,677
2025-07-04,Lunch,A,Rice,1.01,2.0,2.02,Friday,4,0,7,4,185,29.6,4.8,0,0,713,707,765,674,91,11.9,573
2025-07-04,Lunch,A,Soup,2.88,1.5,4.32,Friday,4,0,7,4,185,29.6,4.8,0,0,727,718,807,653,154,19.08,558
2025-07-04,Lunch,A,Vegetables,3.97,3.0,11.91,Friday,4,0,7,4,185,29.6,4.8,0,0,800,757,909,697,212,23.32,546
2025-07-04,Lunch,B,Meat,0.96,8.0,7.68,Friday,4,0,7,4,185,29.6,4.8,0,0,667,701,758,677,81,10.69,594
2025-07-04,Lunch,B,Rice,3.81,2.0,7.62,Friday,4,0,7,4,185,29.6,4.8,0,0,652,673,734,635,99,13.49,771
2025-07-04,Lunch,B,Soup,4.5,1.5,6.75,Friday,4,0,7,4,185,29.6,4.8,0,0,636,601,688,558,130,18.9,598
2025-07-04,Lunch,B,Vegetables,4.3,3.0,12.9,Friday,4,0,7,4,185,29.6,4.8,0,0,632,719,702,666,36,5.13,697
2025-07-04,Lunch,C,Rice,4.15,2.0,8.3,Friday,4,0,7,4,185,29.6,4.8,0,0,537,528,587,502,85,14.48,635
2025-07-04,Lunch,C,Soup,3.38,1.5,5.07,Friday,4,0,7,4,185,29.6,4.8,0,0,577,581,656,536,120,18.29,653
2025-07-04,Lunch,D,Meat,0.79,8.0,6.32,Friday,4,0,7,4,185,29.6,4.8,0,0,584,621,639,594,45,7.04,643
2025-07-04,Lunch,D,Rice,1.01,2.0,2.02,Friday,4,0,7,4,185,29.6,4.8,0,0,587,586,643,573,70,10.89,502
2025-07-04,Lunch,D,Soup,1.32,1.5,1.98,Friday,4,0,7,4,185,29.6,4.8,0,0,626,659,710,598,112,15.77,574
2025-07-04,Lunch,D,Vegetables,1.69,3.0,5.07,Friday,4,0,7,4,185,29.6,4.8,0,0,596,593,673,546,127,18.87,530
2025-07-05,Breakfast,A,Soup,1.55,1.5,2.33,Saturday,5,1,7,5,186,30.0,0.0,0,0,172,175,192,160,32,16.67,112
2025-07-05,Breakfast,B,Meat,1.17,8.0,9.36,Saturday,5,1,7,5,186,30.0,0.0,0,0,161,165,182,161,21,11.54,139
2025-07-05,Breakfast,B,Rice,3.11,2.0,6.22,Saturday,5,1,7,5,186,30.0,0.0,0,0,155,159,175,152,23,13.14,132
2025-07-05,Breakfast,B,Soup,0.85,1.5,1.27,Saturday,5,1,7,5,186,30.0,0.0,0,0,144,129,163,116,47,28.83,180
2025-07-05,Breakfast,C,Meat,3.07,8.0,24.56,Saturday,5,1,7,5,186,30.0,0.0,0,0,123,118,138,113,25,18.12,272
2025-07-05,Breakfast,C,Rice,3.76,2.0,7.52,Saturday,5,1,7,5,186,30.0,0.0,0,0,131,136,149,132,17,11.41,130
2025-07-05,Breakfast,C,Soup,2.79,1.5,4.19,Saturday,5,1,7,5,186,30.0,0.0,0,0,130,124,141,112,29,20.57,116
2025-07-05,Breakfast,D,Meat,2.73,8.0,21.84,Saturday,5,1,7,5,186,30.0,0.0,0,0,141,145,153,139,14,9.15,113
2025-07-05,Breakfast,D,Rice,2.41,2.0,4.82,Saturday,5,1,7,5,186,30.0,0.0,0,0,130,133,145,130,15,10.34,260
2025-07-05,Breakfast,D,Soup,1.17,1.5,1.76,Saturday,5,1,7,5,186,30.0,0.0,0,0,141,138,156,128,28,17.95,160
2025-07-05,Breakfast,D,Vegetables,3.35,3.0,10.05,Saturday,5,1,7,5,186,30.0,0.0,0,0,138,139,152,131,21,13.82,217
2025-07-05,Dinner,A,Meat,2.96,8.0,23.68,Saturday,5,1,7,5,186,30.0,0.0,0,0,279,275,311,268,43,13.83,242
2025-07-05,Dinner,A,Soup,2.6,1.5,3.9,Saturday,5,1,7,5,186,30.0,0.0,0,0,249,271,280,251,29,10.36,164
2025-07-05,Dinner,A,Vegetables,0.55,3.0,1.65,Saturday,5,1,7,5,186,30.0,0.0,0,0,225,221,254,206,48,18.9,225
2025-07-05,Dinner,B,Meat,2.32,8.0,18.56,Saturday,5,1,7,5,186,30.0,0.0,0,0,245,248,267,242,25,9.36,425
2025-07-05,Dinner,B,Rice,4.06,2.0,8.12,Saturday,5,1,7,5,186,30.0,0.0,0,0,240,233,259,222,37,14.29,189
2025-07-05,Dinner,B,Soup,2.34,1.5,3.51,Saturday,5,1,7,5,186,30.0,0.0,0,0,255,258,280,239,41,14.64,205
2025-07-05,Dinner,B,Vegetables,2.61,3.0,7.83,Saturday,5,1,7,5,186,30.0,0.0,0,0,227,241,255,225,30,11.76,322
2025-07-05,Dinner,C,Meat,2.37,8.0,18.96,Saturday,5,1,7,5,186,30.0,0.0,0,0,204,204,226,197,29,12.83,268
2025-07-05,Dinner,C,Rice,0.38,2.0,0.76,Saturday,5,1,7,5,186,30.0,0.0,0,0,204,196,228,185,43,18.86,362
2025-07-05,Dinner,C,Soup,3.64,1.5,5.46,Saturday,5,1,7,5,186,30.0,0.0,0,0,198,177,216,164,52,24.07,434
2025-07-05,Dinner,C,Vegetables,4.05,3.0,12.15,Saturday,5,1,7,5,186,30.0,0.0,0,0,200,193,227,183,44,19.38,206
2025-07-05,Dinner,D,Meat,4.1,8.0,32.8,Saturday,5,1,7,5,186,30.0,0.0,0,0,209,213,230,203,27,11.74,197
2025-07-05,Dinner,D,Rice,2.04,2.0,4.08,Saturday,5,1,7,5,186,30.0,0.0,0,0,205,201,221,189,32,14.48,185
2025-07-05,Dinner,D,Soup,2.93,1.5,4.4,Saturday,5,1,7,5,186,30.0,0.0,0,0,215,225,245,205,40,16.33,251
2025-07-05,Dinner,D,Vegetables,3.75,3.0,11.25,Saturday,5,1,7,5,186,30.0,0.0,0,0,208,209,226,193,33,14.6,183
2025-07-05,Lunch,A,Meat,3.8,8.0,30.4,Saturday,5,1,7,5,186,30.0,0.0,0,0,395,386,446,378,68,15.25,288
2025-07-05,Lunch,A,Rice,1.31,2.0,2.62,Saturday,5,1,7,5,186,30.0,0.0,0,0,322,324,352,310,42,11.93,251
2025-07-05,Lunch,A,Soup,0.5,1.5,0.75,Saturday,5,1,7,5,186,30.0,0.0,0,0,356,328,402,292,110,27.36,323
2025-07-05,Lunch,A,Vegetables,4.38,3.0,13.14,Saturday,5,1,7,5,186,30.0,0.0,0,0,381,394,426,372,54,12.68,348
2025-07-05,Lunch,B,Meat,3.55,8.0,28.4,Saturday,5,1,7,5,186,30.0,0.0,0,0,374,391,415,380,35,8.43,262
2025-07-05,Lunch,B,Rice,2.29,2.0,4.58,Saturday,5,1,7,5,186,30.0,0.0,0,0,328,328,352,320,32,9.09,310
2025-07-05,Lunch,B,Soup,2.86,1.5,4.29,Saturday,5,1,7,5,186,30.0,0.0,0,0,342,362,374,323,51,13.64,287
2025-07-05,Lunch,B,Vegetables,0.48,3.0,1.44,Saturday,5,1,7,5,186,30.0,0.0,0,0,342,369,375,348,27,7.2,277
2025-07-05,Lunch,C,Meat,2.78,8.0,22.24,Saturday,5,1,7,5,186,30.0,0.0,0,0,269,270,293,262,31,10.58,636
2025-07-05,Lunch,C,Rice,0.4,2.0,0.8,Saturday,5,1,7,5,186,30.0,0.0,0,0,274,258,294,251,43,14.63,674
2025-07-05,Lunch,C,Soup,2.91,1.5,4.36,Saturday,5,1,7,5,186,30.0,0.0,0,0,304,309,344,287,57,16.57,536
2025-07-05,Lunch,C,Vegetables,2.58,3.0,7.74,Saturday,5,1,7,5,186,30.0,0.0,0,0,303,302,333,277,56,16.82,666
2025-07-05,Lunch,D,Meat,1.71,8.0,13.68,Saturday,5,1,7,5,186,30.0,0.0,0,0,298,298,336,288,48,14.29,380
2025-07-05,Lunch,D,Vegetables,2.65,3.0,7.95,Saturday,5,1,7,5,186,30.0,0.0,0,0,343,350,377,327,50,13.26,372
2025-07-06,Breakfast,A,Meat,1.79,8.0,14.32,Sunday,6,1,7,6,187,31.3,0.0,0,0,189,192,204,187,17,8.33,128
2025-07-06,Breakfast,A,Rice,0.32,2.0,0.64,Sunday,6,1,7,6,187,31.3,0.0,0,0,157,157,176,148,28,15.91,152
2025-07-06,Breakfast,A,Soup,4.97,1.5,7.46,Sunday,6,1,7,6,187,31.3,0.0,0,0,155,147,170,131,39,22.94,140
2025-07-06,Breakfast,A,Vegetables,0.41,3.0,1.23,Sunday,6,1,7,6,187,31.3,0.0,0,0,176,181,198,165,33,16.67,122
2025-07-06,Breakfast,B,Meat,0.44,8.0,3.52,Sunday,6,1,7,6,187,31.3,0.0,0,0,148,145,169,142,27,15.98,187
2025-07-06,Breakfast,B,Rice,4.68,2.0,9.36,Sunday,6,1,7,6,187,31.3,0.0,0,0,139,149,155,142,13,8.39,114
2025-07-06,Breakfast,B,Soup,0.26,1.5,0.39,Sunday,6,1,7,6,187,31.3,0.0,0,0,149,154,163,140,23,14.11,101
2025-07-06,Breakfast,B,Vegetables,4.68,3.0,14.04,Sunday,6,1,7,6,187,31.3,0.0,0,0,140,134,155,122,33,21.29,110
2025-07-06,Breakfast,C,Meat,3.87,8.0,30.96,Sunday,6,1,7,6,187,31.3,0.0,0,0,123,128,138,123,15,10.87,142
2025-07-06,Breakfast,C,Rice,2.1,2.0,4.2,Sunday,6,1,7,6,187,31.3,0.0,0,0,118,117,128,114,14,10.94,148
2025-07-06,Breakfast,C,Soup,4.89,1.5,7.33,Sunday,6,1,7,6,187,31.3,0.0,0,0,119,112,136,101,35,25.74,128
2025-07-06,Breakfast,C,Vegetables,3.85,3.0,11.55,Sunday,6,1,7,6,187,31.3,0.0,0,0,120,119,130,110,20,15.38,131
2025-07-06,Breakfast,D,Meat,2.16,8.0,17.28,Sunday,6,1,7,6,187,31.3,0.0,0,0,139,130,152,128,24,15.79,161
2025-07-06,Breakfast,D,Rice,3.26,2.0,6.52,Sunday,6,1,7,6,187,31.3,0.0,0,0,142,143,155,137,18,11.61,142
2025-07-06,Breakfast,D,Vegetables,4.96,3.0,14.88,Sunday,6,1,7,6,187,31.3,0.0,0,0,140,153,151,145,6,3.97,165
2025-07-06,Dinner,A,Meat,2.77,8.0,22.16,Sunday,6,1,7,6,187,31.3,0.0,0,0,251,271,271,267,4,1.48,198
2025-07-06,Dinner,A,Rice,3.4,2.0,6.8,Sunday,6,1,7,6,187,31.3,0.0,0,0,242,209,266,198,68,25.56,226
2025-07-06,Dinner,A,Soup,4.13,1.5,6.2,Sunday,6,1,7,6,187,31.3,0.0,0,0,268,284,289,258,31,10.73,239
2025-07-06,Dinner,A,Vegetables,2.71,3.0,8.13,Sunday,6,1,7,6,187,31.3,0.0,0,0,279,277,311,256,55,17.68,173
2025-07-06,Dinner,B,Meat,1.8,8.0,14.4,Sunday,6,1,7,6,187,31.3,0.0,0,0,240,252,260,242,18,6.92,182
2025-07-06,Dinner,B,Rice,1.31,2.0,2.62,Sunday,6,1,7,6,187,31.3,0.0,0,0,246,257,264,248,16,6.06,222
2025-07-06,Dinner,B,Soup,4.69,1.5,7.04,Sunday,6,1,7,6,187,31.3,0.0,0,0,225,225,251,205,46,18.33,258
2025-07-06,Dinner,C,Meat,0.65,8.0,5.2,Sunday,6,1,7,6,187,31.3,0.0,0,0,181,190,202,182,20,9.9,203
2025-07-06,Dinner,C,Rice,3.65,2.0,7.3,Sunday,6,1,7,6,187,31.3,0.0,0,0,176,172,198,166,32,16.16,198
2025-07-06,Dinner,C,Vegetables,4.07,3.0,12.21,Sunday,6,1,7,6,187,31.3,0.0,0,0,183,184,200,173,27,13.5,193
2025-07-06,Dinner,D,Meat,4.43,8.0,35.44,Sunday,6,1,7,6,187,31.3,0.0,0,0,203,202,220,198,22,10.0,242
2025-07-06,Dinner,D,Rice,3.85,2.0,7.7,Sunday,6,1,7,6,187,31.3,0.0,0,0,219,232,246,226,20,8.13,248
2025-07-06,Dinner,D,Soup,1.11,1.5,1.66,Sunday,6,1,7,6,187,31.3,0.0,0,0,198,187,218,169,49,22.48,205
2025-07-06,Dinner,D,Vegetables,0.18,3.0,0.54,Sunday,6,1,7,6,187,31.3,0.0,0,0,195,198,217,186,31,14.29,256
2025-07-06,Lunch,A,Meat,4.54,8.0,36.32,Sunday,6,1,7,6,187,31.3,0.0,0,0,371,349,398,333,65,16.33,257
2025-07-06,Lunch,A,Rice,4.36,2.0,8.72,Sunday,6,1,7,6,187,31.3,0.0,0,0,384,357,414,341,73,17.63,391
2025-07-06,Lunch,A,Soup,3.45,1.5,5.18,Sunday,6,1,7,6,187,31.3,0.0,0,0,431,435,469,393,76,16.2,303
2025-07-06,Lunch,B,Meat,2.74,8.0,21.92,Sunday,6,1,7,6,187,31.3,0.0,0,0,347,347,382,343,39,10.21,378
2025-07-06,Lunch,B,Rice,3.34,2.0,6.68,Sunday,6,1,7,6,187,31.3,0.0,0,0,389,400,439,391,48,10.93,320
2025-07-06,Lunch,B,Soup,1.8,1.5,2.7,Sunday,6,1,7,6,187,31.3,0.0,0,0,366,374,400,341,59,14.75,282
2025-07-06,Lunch,B,Vegetables,3.3,3.0,9.9,Sunday,6,1,7,6,187,31.3,0.0,0,0,361,372,398,343,55,13.82,329
2025-07-06,Lunch,C,Meat,2.73,8.0,21.84,Sunday,6,1,7,6,187,31.3,0.0,0,0,272,260,301,257,44,14.62,331
2025-07-06,Lunch,C,Rice,0.97,2.0,1.94,Sunday,6,1,7,6,187,31.3,0.0,0,0,293,281,318,269,49,15.41,330
2025-07-06,Lunch,C,Soup,3.67,1.5,5.5,Sunday,6,1,7,6,187,31.3,0.0,0,0,324,335,363,303,60,16.53,341
2025-07-06,Lunch,C,Vegetables,2.69,3.0,8.07,Sunday,6,1,7,6,187,31.3,0.0,0,0,289,278,327,259,68,20.8,327
2025-07-06,Lunch,D,Meat,0.12,8.0,0.96,Sunday,6,1,7,6,187,31.3,0.0,0,0,322,339,350,331,19,5.43,343
2025-07-06,Lunch,D,Rice,1.19,2.0,2.38,Sunday,6,1,7,6,187,31.3,0.0,0,0,331,350,369,330,39,10.57,341
2025-07-06,Lunch,D,Soup,1.56,1.5,2.34,Sunday,6,1,7,6,187,31.3,0.0,0,0,326,311,362,282,80,22.1,292
2025-07-06,Lunch,D,Vegetables,0.21,3.0,0.63,Sunday,6,1,7,6,187,31.3,0.0,0,0,353,360,394,329,65,16.5,259
2025-07-07,Breakfast,A,Meat,0.26,8.0,2.08,Monday,0,0,7,7,188,28.4,3.6,0,0,317,358,348,347,1,0.29,228
2025-07-07,Breakfast,A,Rice,0.59,2.0,1.18,Monday,0,0,7,7,188,28.4,3.6,0,0,264,270,284,265,19,6.69,206
2025-07-07,Breakfast,A,Soup,3.55,1.5,5.32,Monday,0,0,7,7,188,28.4,3.6,0,0,296,306,324,278,46,14.2,257
2025-07-07,Breakfast,A,Vegetables,3.03,3.0,9.09,Monday,0,0,7,7,188,28.4,3.6,0,0,280,294,301,279,22,7.31,231
2025-07-07,Breakfast,B,Meat,3.73,8.0,29.84,Monday,0,0,7,7,188,28.4,3.6,0,0,246,235,269,228,41,15.24,222
2025-07-07,Breakfast,B,Rice,0.34,2.0,0.68,Monday,0,0,7,7,188,28.4,3.6,0,0,249,264,269,257,12,4.46,210
2025-07-07,Breakfast,B,Soup,1.25,1.5,1.88,Monday,0,0,7,7,188,28.4,3.6,0,0,266,286,287,257,30,10.45,216
2025-07-07,Breakfast,B,Vegetables,2.07,3.0,6.21,Monday,0,0,7,7,188,28.4,3.6,0,0,297,287,328,269,59,17.99,193
2025-07-07,Breakfast,C,Rice,1.16,2.0,2.32,Monday,0,0,7,7,188,28.4,3.6,0,0,228,223,248,210,38,15.32,265
2025-07-07,Breakfast,C,Soup,2.57,1.5,3.85,Monday,0,0,7,7,188,28.4,3.6,0,0,223,228,240,211,29,12.08,278
2025-07-07,Breakfast,C,Vegetables,0.38,3.0,1.14,Monday,0,0,7,7,188,28.4,3.6,0,0,208,209,228,193,35,15.35,145
2025-07-07,Breakfast,D,Meat,4.1,8.0,32.8,Monday,0,0,7,7,188,28.4,3.6,0,0,253,225,274,222,52,18.98,123
2025-07-07,Breakfast,D,Rice,1.52,2.0,3.04,Monday,0,0,7,7,188,28.4,3.6,0,0,218,211,243,206,37,15.23,137
2025-07-07,Breakfast,D,Soup,1.66,1.5,2.49,Monday,0,0,7,7,188,28.4,3.6,0,0,230,240,258,216,42,16.28,131
2025-07-07,Breakfast,D,Vegetables,3.68,3.0,11.04,Monday,0,0,7,7,188,28.4,3.6,0,0,240,246,266,231,35,13.16,269
2025-07-07,Dinner,A,Meat,3.39,8.0,27.12,Monday,0,0,7,7,188,28.4,3.6,0,0,460,448,496,437,59,11.9,355
2025-07-07,Dinner,A,Rice,4.71,2.0,9.42,Monday,0,0,7,7,188,28.4,3.6,0,0,530,532,594,509,85,14.31,447
2025-07-07,Dinner,A,Soup,1.66,1.5,2.49,Monday,0,0,7,7,188,28.4,3.6,0,0,491,482,545,433,112,20.55,411
2025-07-07,Dinner,B,Meat,0.83,8.0,6.64,Monday,0,0,7,7,188,28.4,3.6,0,0,426,460,457,447,10,2.19,437
2025-07-07,Dinner,B,Rice,2.14,2.0,4.28,Monday,0,0,7,7,188,28.4,3.6,0,0,447,473,489,447,42,8.59,330
2025-07-07,Dinner,B,Soup,3.8,1.5,5.7,Monday,0,0,7,7,188,28.4,3.6,0,0,429,441,478,404,74,15.48,433
2025-07-07,Dinner,B,Vegetables,1.94,3.0,5.82,Monday,0,0,7,7,188,28.4,3.6,0,0,428,397,463,374,89,19.22,186
2025-07-07,Dinner,C,Meat,4.26,8.0,34.08,Monday,0,0,7,7,188,28.4,3.6,0,0,359,366,391,355,36,9.21,356
2025-07-07,Dinner,C,Rice,2.42,2.0,4.84,Monday,0,0,7,7,188,28.4,3.6,0,0,341,340,368,330,38,10.33,390
2025-07-07,Dinner,C,Vegetables,1.57,3.0,4.71,Monday,0,0,7,7,188,28.4,3.6,0,0,330,315,367,293,74,20.16,374
2025-07-07,Dinner,D,Meat,4.58,8.0,36.64,Monday,0,0,7,7,188,28.4,3.6,0,0,352,367,390,356,34,8.72,267
2025-07-07,Dinner,D,Rice,4.05,2.0,8.1,Monday,0,0,7,7,188,28.4,3.6,0,0,400,401,438,390,48,10.96,166
2025-07-07,Dinner,D,Soup,4.84,1.5,7.26,Monday,0,0,7,7,188,28.4,3.6,0,0,401,444,446,411,35,7.85,169
2025-07-07,Lunch,A,Meat,3.4,8.0,27.2,Monday,0,0,7,7,188,28.4,3.6,0,0,724,741,803,715,88,10.96,636
2025-07-07,Lunch,A,Rice,3.03,2.0,6.06,Monday,0,0,7,7,188,28.4,3.6,0,0,699,710,769,693,76,9.88,269
2025-07-07,Lunch,A,Vegetables,1.67,3.0,5.01,Monday,0,0,7,7,188,28.4,3.6,0,0,743,698,840,644,196,23.33,572
2025-07-07,Lunch,B,Meat,3.34,8.0,26.72,Monday,0,0,7,7,188,28.4,3.6,0,0,664,733,717,697,20,2.79,333
2025-07-07,Lunch,B,Rice,0.8,2.0,1.6,Monday,0,0,7,7,188,28.4,3.6,0,0,628,611,692,588,104,15.03,693
2025-07-07,Lunch,B,Soup,1.57,1.5,2.36,Monday,0,0,7,7,188,28.4,3.6,0,0,601,630,673,562,111,16.49,393
2025-07-07,Lunch,B,Vegetables,1.18,3.0,3.54,Monday,0,0,7,7,188,28.4,3.6,0,0,717,697,811,648,163,20.1,343
2025-07-07,Lunch,C,Meat,4.75,8.0,38.0,Monday,0,0,7,7,188,28.4,3.6,0,0,607,653,674,636,38,5.64,697
2025-07-07,Lunch,C,Rice,0.4,2.0,0.8,Monday,0,0,7,7,188,28.4,3.6,0,0,550,551,619,537,82,13.25,588
2025-07-07,Lunch,C,Vegetables,4.41,3.0,13.23,Monday,0,0,7,7,188,28.4,3.6,0,0,600,602,678,572,106,15.63,500
2025-07-07,Lunch,D,Meat,2.19,8.0,17.52,Monday,0,0,7,7,188,28.4,3.6,0,0,573,548,623,538,85,13.64,715
2025-07-07,Lunch,D,Rice,3.17,2.0,6.34,Monday,0,0,7,7,188,28.4,3.6,0,0,604,637,668,622,46,6.89,537
2025-07-07,Lunch,D,Soup,4.86,1.5,7.29,Monday,0,0,7,7,188,28.4,3.6,0,0,541,513,603,472,131,21.72,562
2025-07-07,Lunch,D,Vegetables,2.53,3.0,7.59,Monday,0,0,7,7,188,28.4,3.6,0,0,559,542,600,500,100,16.67,648
2025-07-08,Breakfast,A,Rice,2.83,2.0,5.66,Tuesday,1,0,7,8,189,30.5,0.0,1,0,108,99,117,95,22,18.8,84
2025-07-08,Breakfast,A,Soup,1.1,1.5,1.65,Tuesday,1,0,7,8,189,30.5,0.0,1,0,104,106,113,98,15,13.27,78
2025-07-08,Breakfast,A,Vegetables,1.29,3.0,3.87,Tuesday,1,0,7,8,189,30.5,0.0,1,0,101,98,110,91,19,17.27,279
2025-07-08,Breakfast,B,Meat,4.62,8.0,36.96,Tuesday,1,0,7,8,189,30.5,0.0,1,0,100,107,111,105,6,5.41,85
2025-07-08,Breakfast,B,Soup,0.55,1.5,0.82,Tuesday,1,0,7,8,189,30.5,0.0,1,0,93,96,100,89,11,11.0,98
2025-07-08,Breakfast,B,Vegetables,4.25,3.0,12.75,Tuesday,1,0,7,8,189,30.5,0.0,1,0,90,76,99,70,29,29.29,91
2025-07-08,Breakfast,C,Meat,1.03,8.0,8.24,Tuesday,1,0,7,8,189,30.5,0.0,1,0,75,69,86,66,20,23.26,105
2025-07-08,Breakfast,C,Rice,3.65,2.0,7.3,Tuesday,1,0,7,8,189,30.5,0.0,1,0,71,70,79,68,11,13.92,257
2025-07-08,Breakfast,C,Soup,3.4,1.5,5.1,Tuesday,1,0,7,8,189,30.5,0.0,1,0,86,85,95,78,17,17.89,211
2025-07-08,Breakfast,D,Meat,4.38,8.0,35.04,Tuesday,1,0,7,8,189,30.5,0.0,1,0,87,86,97,85,12,12.37,347
2025-07-08,Breakfast,D,Rice,3.05,2.0,6.1,Tuesday,1,0,7,8,189,30.5,0.0,1,0,83,88,94,84,10,10.64,68
2025-07-08,Breakfast,D,Soup,3.83,1.5,5.74,Tuesday,1,0,7,8,189,30.5,0.0,1,0,89,88,100,79,21,21.0,89
2025-07-08,Breakfast,D,Vegetables,1.02,3.0,3.06,Tuesday,1,0,7,8,189,30.5,0.0,1,0,83,85,95,80,15,15.79,70
2025-07-08,Dinner,A,Meat,3.9,8.0,31.2,Tuesday,1,0,7,8,189,30.5,0.0,1,0,154,152,171,150,21,12.28,116
2025-07-08,Dinner,A,Rice,2.81,2.0,5.62,Tuesday,1,0,7,8,189,30.5,0.0,1,0,174,180,194,173,21,10.82,143
2025-07-08,Dinner,A,Soup,2.71,1.5,4.06,Tuesday,1,0,7,8,189,30.5,0.0,1,0,171,165,188,148,40,21.28,135
2025-07-08,Dinner,A,Vegetables,1.97,3.0,5.91,Tuesday,1,0,7,8,189,30.5,0.0,1,0,172,163,189,154,35,18.52,113
2025-07-08,Dinner,B,Meat,1.38,8.0,11.04,Tuesday,1,0,7,8,189,30.5,0.0,1,0,136,127,147,121,26,17.69,109
2025-07-08,Dinner,B,Rice,1.86,2.0,3.72,Tuesday,1,0,7,8,189,30.5,0.0,1,0,165,159,185,152,33,17.84,173
2025-07-08,Dinner,B,Soup,2.54,1.5,3.81,Tuesday,1,0,7,8,189,30.5,0.0,1,0,148,150,168,135,33,19.64,115
2025-07-08,Dinner,B,Vegetables,2.61,3.0,7.83,Tuesday,1,0,7,8,189,30.5,0.0,1,0,135,135,145,127,18,12.41,154
2025-07-08,Dinner,C,Meat,4.91,8.0,39.28,Tuesday,1,0,7,8,189,30.5,0.0,1,0,113,110,126,109,17,13.49,447
2025-07-08,Dinner,C,Rice,0.58,2.0,1.16,Tuesday,1,0,7,8,189,30.5,0.0,1,0,124,127,140,123,17,12.14,509
2025-07-08,Dinner,C,Soup,4.21,1.5,6.32,Tuesday,1,0,7,8,189,30.5,0.0,1,0,133,125,152,115,37,24.34,133
2025-07-08,Dinner,C,Vegetables,2.4,3.0,7.2,Tuesday,1,0,7,8,189,30.5,0.0,1,0,128,124,139,113,26,18.71,293
2025-07-08,Dinner,D,Meat,1.92,8.0,15.36,Tuesday,1,0,7,8,189,30.5,0.0,1,0,119,121,134,116,18,13.43,121
2025-07-08,Dinner,D,Rice,4.58,2.0,9.16,Tuesday,1,0,7,8,189,30.5,0.0,1,0,138,147,157,143,14,8.92,123
2025-07-08,Dinner,D,Soup,2.86,1.5,4.29,Tuesday,1,0,7,8,189,30.5,0.0,1,0,151,144,172,133,39,22.67,404
2025-07-08,Dinner,D,Vegetables,2.13,3.0,6.39,Tuesday,1,0,7,8,189,30.5,0.0,1,0,122,119,134,112,22,16.42,127
2025-07-08,Lunch,A,Meat,2.84,8.0,22.72,Tuesday,1,0,7,8,189,30.5,0.0,1,0,246,246,275,234,41,14.91,538
2025-07-08,Lunch,A,Rice,3.65,2.0,7.3,Tuesday,1,0,7,8,189,30.5,0.0,1,0,244,233,272,226,46,16.91,205
2025-07-08,Lunch,A,Soup,4.36,1.5,6.54,Tuesday,1,0,7,8,189,30.5,0.0,1,0,235,255,254,236,18,7.09,183
2025-07-08,Lunch,A,Vegetables,2.45,3.0,7.35,Tuesday,1,0,7,8,189,30.5,0.0,1,0,256,252,283,230,53,18.73,221
2025-07-08,Lunch,B,Meat,4.79,8.0,38.32,Tuesday,1,0,7,8,189,30.5,0.0,1,0,240,244,258,238,20,7.75,169
2025-07-08,Lunch,B,Rice,1.73,2.0,3.46,Tuesday,1,0,7,8,189,30.5,0.0,1,0,210,208,239,203,36,15.06,622
2025-07-08,Lunch,B,Soup,4.69,1.5,7.04,Tuesday,1,0,7,8,189,30.5,0.0,1,0,224,235,255,215,40,15.69,236
2025-07-08,Lunch,B,Vegetables,0.18,3.0,0.54,Tuesday,1,0,7,8,189,30.5,0.0,1,0,241,237,262,221,41,15.65,174
2025-07-08,Lunch,C,Meat,0.67,8.0,5.36,Tuesday,1,0,7,8,189,30.5,0.0,1,0,175,174,197,169,28,14.21,234
2025-07-08,Lunch,C,Rice,4.81,2.0,9.62,Tuesday,1,0,7,8,189,30.5,0.0,1,0,170,181,189,173,16,8.47,203
2025-07-08,Lunch,C,Soup,2.45,1.5,3.68,Tuesday,1,0,7,8,189,30.5,0.0,1,0,190,197,207,183,24,11.59,472
2025-07-08,Lunch,C,Vegetables,5.0,3.0,15.0,Tuesday,1,0,7,8,189,30.5,0.0,1,0,178,184,194,174,20,10.31,188
2025-07-08,Lunch,D,Meat,3.06,8.0,24.48,Tuesday,1,0,7,8,189,30.5,0.0,1,0,194,191,216,182,34,15.74,238
2025-07-08,Lunch,D,Rice,1.29,2.0,2.58,Tuesday,1,0,7,8,189,30.5,0.0,1,0,216,215,245,205,40,16.33,173
2025-07-08,Lunch,D,Vegetables,1.1,3.0,3.3,Tuesday,1,0,7,8,189,30.5,0.0,1,0,196,205,211,188,23,10.9,644
2025-07-09,Breakfast,A,Meat,0.82,8.0,6.56,Wednesday,2,0,7,9,190,26.4,5.8,0,0,254,257,273,254,19,6.96,263
2025-07-09,Breakfast,A,Rice,1.18,2.0,2.36,Wednesday,2,0,7,9,190,26.4,5.8,0,0,286,279,325,266,59,18.15,224
2025-07-09,Breakfast,A,Soup,4.68,1.5,7.02,Wednesday,2,0,7,9,190,26.4,5.8,0,0,316,306,345,283,62,17.97,199
2025-07-09,Breakfast,A,Vegetables,1.38,3.0,4.14,Wednesday,2,0,7,9,190,26.4,5.8,0,0,282,283,319,267,52,16.3,218
2025-07-09,Breakfast,B,Meat,2.15,8.0,17.2,Wednesday,2,0,7,9,190,26.4,5.8,0,0,279,270,305,263,42,13.77,66
2025-07-09,Breakfast,B,Rice,2.94,2.0,5.88,Wednesday,2,0,7,9,190,26.4,5.8,0,0,295,298,322,287,35,10.87,266
2025-07-09,Breakfast,B,Soup,1.72,1.5,2.58,Wednesday,2,0,7,9,190,26.4,5.8,0,0,248,250,269,225,44,16.36,250
2025-07-09,Breakfast,B,Vegetables,0.85,3.0,2.55,Wednesday,2,0,7,9,190,26.4,5.8,0,0,271,277,298,254,44,14.77,80
2025-07-09,Breakfast,C,Meat,4.18,8.0,33.44,Wednesday,2,0,7,9,190,26.4,5.8,0,0,211,209,237,200,37,15.61,244
2025-07-09,Breakfast,C,Rice,1.96,2.0,3.92,Wednesday,2,0,7,9,190,26.4,5.8,0,0,221,232,241,224,17,7.05,95
2025-07-09,Breakfast,C,Soup,3.31,1.5,4.96,Wednesday,2,0,7,9,190,26.4,5.8,0,0,220,216,237,199,38,16.03,225
2025-07-09,Breakfast,D,Meat,1.36,8.0,10.88,Wednesday,2,0,7,9,190,26.4,5.8,0,0,243,253,261,244,17,6.51,254
2025-07-09,Breakfast,D,Rice,3.46,2.0,6.92,Wednesday,2,0,7,9,190,26.4,5.8,0,0,241,236,270,224,46,17.04,224
2025-07-09,Breakfast,D,Soup,4.84,1.5,7.26,Wednesday,2,0,7,9,190,26.4,5.8,0,0,269,270,294,250,44,14.97,79
2025-07-09,Breakfast,D,Vegetables,4.13,3.0,12.39,Wednesday,2,0,7,9,190,26.4,5.8,0,0,238,231,261,218,43,16.48,254
2025-07-09,Dinner,A,Meat,4.23,8.0,33.84,Wednesday,2,0,7,9,190,26.4,5.8,0,0,475,513,513,495,18,3.51,150
2025-07-09,Dinner,A,Rice,2.12,2.0,4.24,Wednesday,2,0,7,9,190,26.4,5.8,0,0,431,457,473,432,41,8.67,152
2025-07-09,Dinner,A,Soup,3.57,1.5,5.36,Wednesday,2,0,7,9,190,26.4,5.8,0,0,450,460,486,417,69,14.2,317
2025-07-09,Dinner,A,Vegetables,1.23,3.0,3.69,Wednesday,2,0,7,9,190,26.4,5.8,0,0,488,463,523,428,95,18.16,112
2025-07-09,Dinner,B,Meat,2.58,8.0,20.64,Wednesday,2,0,7,9,190,26.4,5.8,0,0,417,373,474,364,110,23.21,345
2025-07-09,Dinner,B,Rice,0.14,2.0,0.28,Wednesday,2,0,7,9,190,26.4,5.8,0,0,430,426,471,409,62,13.16,432
2025-07-09,Dinner,B,Soup,3.13,1.5,4.7,Wednesday,2,0,7,9,190,26.4,5.8,0,0,414,431,452,384,68,15.04,308
2025-07-09,Dinner,B,Vegetables,1.93,3.0,5.79,Wednesday,2,0,7,9,190,26.4,5.8,0,0,441,432,479,408,71,14.82,280
2025-07-09,Dinner,C,Meat,3.12,8.0,24.96,Wednesday,2,0,7,9,190,26.4,5.8,0,0,336,360,376,345,31,8.24,495
2025-07-09,Dinner,C,Rice,3.37,2.0,6.74,Wednesday,2,0,7,9,190,26.4,5.8,0,0,332,342,370,327,43,11.62,409
2025-07-09,Dinner,C,Soup,2.49,1.5,3.74,Wednesday,2,0,7,9,190,26.4,5.8,0,0,335,339,368,308,60,16.3,417
2025-07-09,Dinner,C,Vegetables,2.47,3.0,7.41,Wednesday,2,0,7,9,190,26.4,5.8,0,0,323,305,353,280,73,20.68,428
2025-07-09,Dinner,D,Meat,2.8,8.0,22.4,Wednesday,2,0,7,9,190,26.4,5.8,0,0,376,350,417,340,77,18.47,364
2025-07-09,Dinner,D,Rice,0.13,2.0,0.26,Wednesday,2,0,7,9,190,26.4,5.8,0,0,410,407,463,383,80,17.28,327
2025-07-09,Dinner,D,Soup,2.69,1.5,4.04,Wednesday,2,0,7,9,190,26.4,5.8,0,0,388,353,423,317,106,25.06,148
2025-07-09,Lunch,A,Meat,2.5,8.0,20.0,Wednesday,2,0,7,9,190,26.4,5.8,0,0,800,797,870,772,98,11.26,570
2025-07-09,Lunch,A,Rice,3.24,2.0,6.48,Wednesday,2,0,7,9,190,26.4,5.8,0,0,686,665,740,644,96,12.97,226
2025-07-09,Lunch,A,Vegetables,0.92,3.0,2.76,Wednesday,2,0,7,9,190,26.4,5.8,0,0,730,699,798,643,155,19.42,555
2025-07-09,Lunch,B,Meat,3.63,8.0,29.04,Wednesday,2,0,7,9,190,26.4,5.8,0,0,627,649,681,627,54,7.93,772
2025-07-09,Lunch,B,Rice,0.93,2.0,1.86,Wednesday,2,0,7,9,190,26.4,5.8,0,0,650,717,735,680,55,7.48,644
2025-07-09,Lunch,B,Vegetables,2.49,3.0,7.47,Wednesday,2,0,7,9,190,26.4,5.8,0,0,607,602,686,557,129,18.8,453
2025-07-09,Lunch,C,Rice,2.76,2.0,5.52,Wednesday,2,0,7,9,190,26.4,5.8,0,0,519,535,560,507,53,9.46,680
2025-07-09,Lunch,C,Soup,0.27,1.5,0.4,Wednesday,2,0,7,9,190,26.4,5.8,0,0,492,506,539,455,84,15.58,574
2025-07-09,Lunch,C,Vegetables,0.39,3.0,1.17,Wednesday,2,0,7,9,190,26.4,5.8,0,0,492,494,530,453,77,14.53,643
2025-07-09,Lunch,D,Meat,4.73,8.0,37.84,Wednesday,2,0,7,9,190,26.4,5.8,0,0,569,593,625,570,55,8.8,182
2025-07-09,Lunch,D,Rice,4.25,2.0,8.5,Wednesday,2,0,7,9,190,26.4,5.8,0,0,571,577,636,547,89,13.99,507
2025-07-09,Lunch,D,Soup,3.85,1.5,5.78,Wednesday,2,0,7,9,190,26.4,5.8,0,0,627,638,676,574,102,15.09,215
2025-07-09,Lunch,D,Vegetables,3.37,3.0,10.11,Wednesday,2,0,7,9,190,26.4,5.8,0,0,562,592,621,555,66,10.63,230
2025-07-10,Breakfast,A,Meat,4.89,8.0,39.12,Thursday,3,0,7,10,191,28.4,0.0,0,0,335,337,374,321,53,14.17,238
2025-07-10,Breakfast,A,Rice,1.45,2.0,2.9,Thursday,3,0,7,10,191,28.4,0.0,0,0,308,297,343,284,59,17.2,287
2025-07-10,Breakfast,A,Soup,4.08,1.5,6.12,Thursday,3,0,7,10,191,28.4,0.0,0,0,275,272,310,247,63,20.32,283
2025-07-10,Breakfast,A,Vegetables,0.18,3.0,0.54,Thursday,3,0,7,10,191,28.4,0.0,0,0,319,323,343,296,47,13.7,238
2025-07-10,Breakfast,B,Meat,4.05,8.0,32.4,Thursday,3,0,7,10,191,28.4,0.0,0,0,254,247,284,237,47,16.55,200
2025-07-10,Breakfast,B,Rice,3.4,2.0,6.8,Thursday,3,0,7,10,191,28.4,0.0,0,0,265,246,288,231,57,19.79,228
2025-07-10,Breakfast,B,Soup,0.62,1.5,0.93,Thursday,3,0,7,10,191,28.4,0.0,0,0,238,254,261,231,30,11.49,213
2025-07-10,Breakfast,B,Vegetables,4.56,3.0,13.68,Thursday,3,0,7,10,191,28.4,0.0,0,0,266,258,297,238,59,19.87,235
2025-07-10,Breakfast,C,Meat,0.83,8.0,6.64,Thursday,3,0,7,10,191,28.4,0.0,0,0,222,234,242,231,11,4.55,321
2025-07-10,Breakfast,C,Soup,2.68,1.5,4.02,Thursday,3,0,7,10,191,28.4,0.0,0,0,204,214,222,199,23,10.36,231
2025-07-10,Breakfast,C,Vegetables,1.04,3.0,3.12,Thursday,3,0,7,10,191,28.4,0.0,0,0,216,214,244,203,41,16.8,296
2025-07-10,Breakfast,D,Meat,1.41,8.0,11.28,Thursday,3,0,7,10,191,28.4,0.0,0,0,225,246,254,238,16,6.3,237
2025-07-10,Breakfast,D,Rice,4.09,2.0,8.18,Thursday,3,0,7,10,191,28.4,0.0,0,0,248,242,280,228,52,18.57,284
2025-07-10,Breakfast,D,Soup,1.93,1.5,2.9,Thursday,3,0,7,10,191,28.4,0.0,0,0,240,229,262,213,49,18.7,247
2025-07-10,Breakfast,D,Vegetables,2.04,3.0,6.12,Thursday,3,0,7,10,191,28.4,0.0,0,0,247,257,282,235,47,16.67,267
2025-07-10,Dinner,A,Meat,3.94,8.0,31.52,Thursday,3,0,7,10,191,28.4,0.0,0,0,391,414,441,400,41,9.3,368
2025-07-10,Dinner,A,Rice,2.23,2.0,4.46,Thursday,3,0,7,10,191,28.4,0.0,0,0,423,440,474,425,49,10.34,370
2025-07-10,Dinner,A,Soup,4.3,1.5,6.45,Thursday,3,0,7,10,191,28.4,0.0,0,0,497,534,561,489,72,12.83,384
2025-07-10,Dinner,A,Vegetables,2.87,3.0,8.61,Thursday,3,0,7,10,191,28.4,0.0,0,0,459,424,496,402,94,18.95,408
2025-07-10,Dinner,B,Meat,2.69,8.0,21.52,Thursday,3,0,7,10,191,28.4,0.0,0,0,460,458,521,446,75,14.4,400
2025-07-10,Dinner,B,Rice,0.57,2.0,1.14,Thursday,3,0,7,10,191,28.4,0.0,0,0,408,407,463,389,74,15.98,425
2025-07-10,Dinner,B,Soup,1.14,1.5,1.71,Thursday,3,0,7,10,191,28.4,0.0,0,0,457,449,495,416,79,15.96,489
2025-07-10,Dinner,B,Vegetables,0.31,3.0,0.93,Thursday,3,0,7,10,191,28.4,0.0,0,0,401,385,443,366,77,17.38,402
2025-07-10,Dinner,C,Meat,4.45,8.0,35.6,Thursday,3,0,7,10,191,28.4,0.0,0,0,361,360,396,350,46,11.62,446
2025-07-10,Dinner,C,Rice,4.35,2.0,8.7,Thursday,3,0,7,10,191,28.4,0.0,0,0,362,383,407,370,37,9.09,349
2025-07-10,Dinner,C,Soup,0.33,1.5,0.5,Thursday,3,0,7,10,191,28.4,0.0,0,0,373,393,414,351,63,15.22,416
2025-07-10,Dinner,D,Meat,4.64,8.0,37.12,Thursday,3,0,7,10,191,28.4,0.0,0,0,368,378,399,368,31,7.77,340
2025-07-10,Dinner,D,Rice,0.46,2.0,0.92,Thursday,3,0,7,10,191,28.4,0.0,0,0,377,358,430,349,81,18.84,383
2025-07-10,Lunch,A,Meat,2.87,8.0,22.96,Thursday,3,0,7,10,191,28.4,0.0,0,0,692,716,741,681,60,8.1,551
2025-07-10,Lunch,A,Soup,1.21,1.5,1.82,Thursday,3,0,7,10,191,28.4,0.0,0,0,760,747,858,665,193,22.49,540
2025-07-10,Lunch,A,Vegetables,4.95,3.0,14.85,Thursday,3,0,7,10,191,28.4,0.0,0,0,703,706,788,645,143,18.15,557
2025-07-10,Lunch,B,Meat,4.25,8.0,34.0,Thursday,3,0,7,10,191,28.4,0.0,0,0,674,666,724,659,65,8.98,627
2025-07-10,Lunch,B,Rice,3.45,2.0,6.9,Thursday,3,0,7,10,191,28.4,0.0,0,0,647,652,701,632,69,9.84,547
2025-07-10,Lunch,B,Vegetables,3.3,3.0,9.9,Thursday,3,0,7,10,191,28.4,0.0,0,0,571,591,620,548,72,11.61,599
2025-07-10,Lunch,C,Meat,0.56,8.0,4.48,Thursday,3,0,7,10,191,28.4,0.0,0,0,507,489,572,483,89,15.56,659
2025-07-10,Lunch,C,Rice,3.82,2.0,7.64,Thursday,3,0,7,10,191,28.4,0.0,0,0,516,544,588,519,69,11.73,526
2025-07-10,Lunch,C,Soup,2.81,1.5,4.22,Thursday,3,0,7,10,191,28.4,0.0,0,0,576,589,637,540,97,15.23,455
2025-07-10,Lunch,C,Vegetables,1.96,3.0,5.88,Thursday,3,0,7,10,191,28.4,0.0,0,0,565,635,623,599,24,3.85,515
2025-07-10,Lunch,D,Meat,0.15,8.0,1.2,Thursday,3,0,7,10,191,28.4,0.0,0,0,622,570,706,551,155,21.95,483
2025-07-10,Lunch,D,Rice,0.37,2.0,0.74,Thursday,3,0,7,10,191,28.4,0.0,0,0,565,540,625,526,99,15.84,632
2025-07-10,Lunch,D,Soup,2.55,1.5,3.82,Thursday,3,0,7,10,191,28.4,0.0,0,0,548,560,609,505,104,17.08,665
2025-07-10,Lunch,D,Vegetables,0.94,3.0,2.82,Thursday,3,0,7,10,191,28.4,0.0,0,0,557,547,597,515,82,13.74,645
2025-07-11,Breakfast,A,Meat,4.65,8.0,37.2,Friday,4,0,7,11,192,29.3,0.0,0,1,398,423,429,418,11,2.56,258
2025-07-11,Breakfast,A,Rice,0.26,2.0,0.52,Friday,4,0,7,11,192,29.3,0.0,0,1,402,395,456,378,78,17.11,290
2025-07-11,Breakfast,A,Vegetables,1.64,3.0,4.92,Friday,4,0,7,11,192,29.3,0.0,0,1,359,358,400,329,71,17.75,311
2025-07-11,Breakfast,B,Rice,2.98,2.0,5.96,Friday,4,0,7,11,192,29.3,0.0,0,1,392,377,441,356,85,19.27,294
2025-07-11,Breakfast,B,Soup,2.05,1.5,3.08,Friday,4,0,7,11,192,29.3,0.0,0,1,354,345,394,313,81,20.56,230
2025-07-11,Breakfast,B,Vegetables,3.59,3.0,10.77,Friday,4,0,7,11,192,29.3,0.0,0,1,369,340,402,311,91,22.64,289
2025-07-11,Breakfast,C,Meat,0.9,8.0,7.2,Friday,4,0,7,11,192,29.3,0.0,0,1,273,266,301,258,43,14.29,309
2025-07-11,Breakfast,C,Rice,0.48,2.0,0.96,Friday,4,0,7,11,192,29.3,0.0,0,1,304,307,339,294,45,13.27,231
2025-07-11,Breakfast,C,Soup,4.19,1.5,6.28,Friday,4,0,7,11,192,29.3,0.0,0,1,247,253,266,230,36,13.53,276
2025-07-11,Breakfast,C,Vegetables,1.28,3.0,3.84,Friday,4,0,7,11,192,29.3,0.0,0,1,324,314,357,289,68,19.05,203
2025-07-11,Breakfast,D,Meat,4.49,8.0,35.92,Friday,4,0,7,11,192,29.3,0.0,0,1,339,320,369,309,60,16.26,231
2025-07-11,Breakfast,D,Rice,2.01,2.0,4.02,Friday,4,0,7,11,192,29.3,0.0,0,1,322,307,366,290,76,20.77,356
2025-07-11,Breakfast,D,Soup,3.8,1.5,5.7,Friday,4,0,7,11,192,29.3,0.0,0,1,337,305,366,276,90,24.59,199
2025-07-11,Breakfast,D,Vegetables,1.73,3.0,5.19,Friday,4,0,7,11,192,29.3,0.0,0,1,338,356,367,329,38,10.35,329
2025-07-11,Dinner,A,Meat,1.84,8.0,14.72,Friday,4,0,7,11,192,29.3,0.0,0,1,645,659,735,627,108,14.69,444
2025-07-11,Dinner,A,Rice,2.5,2.0,5.0,Friday,4,0,7,11,192,29.3,0.0,0,1,727,806,807,782,25,3.1,539
2025-07-11,Dinner,A,Soup,2.22,1.5,3.33,Friday,4,0,7,11,192,29.3,0.0,0,1,635,615,716,568,148,20.67,541
2025-07-11,Dinner,A,Vegetables,4.71,3.0,14.13,Friday,4,0,7,11,192,29.3,0.0,0,1,615,614,675,578,97,14.37,482
2025-07-11,Dinner,B,Meat,3.34,8.0,26.72,Friday,4,0,7,11,192,29.3,0.0,0,1,574,546,637,536,101,15.86,350
2025-07-11,Dinner,B,Rice,3.43,2.0,6.86,Friday,4,0,7,11,192,29.3,0.0,0,1,559,552,628,539,89,14.17,457
2025-07-11,Dinner,C,Meat,3.59,8.0,28.72,Friday,4,0,7,11,192,29.3,0.0,0,1,484,454,539,444,95,17.63,536
2025-07-11,Dinner,C,Rice,4.01,2.0,8.02,Friday,4,0,7,11,192,29.3,0.0,0,1,449,470,502,457,45,8.96,389
2025-07-11,Dinner,C,Soup,0.86,1.5,1.29,Friday,4,0,7,11,192,29.3,0.0,0,1,463,500,517,458,59,11.41,568
2025-07-11,Dinner,D,Soup,1.65,1.5,2.47,Friday,4,0,7,11,192,29.3,0.0,0,1,552,585,605,541,64,10.58,351
2025-07-11,Dinner,D,Vegetables,3.72,3.0,11.16,Friday,4,0,7,11,192,29.3,0.0,0,1,535,512,601,482,119,19.8,366
2025-07-11,Lunch,A,Meat,4.94,8.0,39.52,Friday,4,0,7,11,192,29.3,0.0,0,1,849,833,949,805,144,15.17,785
2025-07-11,Lunch,A,Rice,0.79,2.0,1.58,Friday,4,0,7,11,192,29.3,0.0,0,1,979,972,1088,932,156,14.34,866
2025-07-11,Lunch,A,Soup,2.55,1.5,3.82,Friday,4,0,7,11,192,29.3,0.0,0,1,987,1111,1121,1026,95,8.47,806
2025-07-11,Lunch,A,Vegetables,3.65,3.0,10.95,Friday,4,0,7,11,192,29.3,0.0,0,1,945,934,1026,860,166,16.18,666
2025-07-11,Lunch,B,Meat,0.36,8.0,2.88,Friday,4,0,7,11,192,29.3,0.0,0,1,829,821,934,785,149,15.95,678
2025-07-11,Lunch,B,Rice,4.87,2.0,9.74,Friday,4,0,7,11,192,29.3,0.0,0,1,933,924,1026,897,129,12.57,728
2025-07-11,Lunch,B,Soup,4.21,1.5,6.32,Friday,4,0,7,11,192,29.3,0.0,0,1,912,885,986,806,180,18.26,695
2025-07-11,Lunch,B,Vegetables,2.24,3.0,6.72,Friday,4,0,7,11,192,29.3,0.0,0,1,884,901,978,828,150,15.34,548
2025-07-11,Lunch,C,Meat,3.87,8.0,30.96,Friday,4,0,7,11,192,29.3,0.0,0,1,712,687,806,678,128,15.88,681
2025-07-11,Lunch,C,Rice,1.77,2.0,3.54,Friday,4,0,7,11,192,29.3,0.0,0,1,734,749,810,728,82,10.12,932
2025-07-11,Lunch,C,Soup,2.04,1.5,3.06,Friday,4,0,7,11,192,29.3,0.0,0,1,737,781,836,695,141,16.87,505
2025-07-11,Lunch,C,Vegetables,4.78,3.0,14.34,Friday,4,0,7,11,192,29.3,0.0,0,1,752,704,832,666,166,19.95,828
2025-07-11,Lunch,D,Meat,0.25,8.0,2.0,Friday,4,0,7,11,192,29.3,0.0,0,1,791,824,889,791,98,11.02,805
2025-07-11,Lunch,D,Rice,3.89,2.0,7.78,Friday,4,0,7,11,192,29.3,0.0,0,1,825,888,889,866,23,2.59,519
2025-07-11,Lunch,D,Soup,4.96,1.5,7.44,Friday,4,0,7,11,192,29.3,0.0,0,1,863,817,933,737,196,21.01,1026
2025-07-11,Lunch,D,Vegetables,1.44,3.0,4.32,Friday,4,0,7,11,192,29.3,0.0,0,1,891,823,1008,763,245,24.31,860
2025-07-12,Breakfast,A,Meat,0.13,8.0,1.04,Saturday,5,1,7,12,193,26.0,0.0,0,1,235,233,265,225,40,15.09,224
2025-07-12,Breakfast,A,Rice,0.62,2.0,1.24,Saturday,5,1,7,12,193,26.0,0.0,0,1,218,221,239,214,25,10.46,378
2025-07-12,Breakfast,A,Soup,1.86,1.5,2.79,Saturday,5,1,7,12,193,26.0,0.0,0,1,227,215,250,193,57,22.8,164
2025-07-12,Breakfast,A,Vegetables,1.61,3.0,4.83,Saturday,5,1,7,12,193,26.0,0.0,0,1,217,201,245,188,57,23.27,159
2025-07-12,Breakfast,B,Meat,0.75,8.0,6.0,Saturday,5,1,7,12,193,26.0,0.0,0,1,223,229,240,224,16,6.67,148
2025-07-12,Breakfast,B,Rice,1.42,2.0,2.84,Saturday,5,1,7,12,193,26.0,0.0,0,1,216,208,237,201,36,15.19,214
2025-07-12,Breakfast,B,Vegetables,1.02,3.0,3.06,Saturday,5,1,7,12,193,26.0,0.0,0,1,166,165,186,155,31,16.67,329
2025-07-12,Breakfast,C,Meat,2.1,8.0,16.8,Saturday,5,1,7,12,193,26.0,0.0,0,1,172,155,189,148,41,21.69,418
2025-07-12,Breakfast,C,Soup,1.83,1.5,2.74,Saturday,5,1,7,12,193,26.0,0.0,0,1,177,185,198,166,32,16.16,193
2025-07-12,Breakfast,C,Vegetables,0.23,3.0,0.69,Saturday,5,1,7,12,193,26.0,0.0,0,1,161,160,176,151,25,14.2,155
2025-07-12,Breakfast,D,Meat,3.03,8.0,24.24,Saturday,5,1,7,12,193,26.0,0.0,0,1,155,152,172,148,24,13.95,148
2025-07-12,Breakfast,D,Soup,1.99,1.5,2.98,Saturday,5,1,7,12,193,26.0,0.0,0,1,177,181,196,164,32,16.33,313
2025-07-12,Breakfast,D,Vegetables,1.69,3.0,5.07,Saturday,5,1,7,12,193,26.0,0.0,0,1,172,171,192,159,33,17.19,151
2025-07-12,Dinner,A,Meat,1.33,8.0,10.64,Saturday,5,1,7,12,193,26.0,0.0,0,1,345,364,372,355,17,4.57,320
2025-07-12,Dinner,A,Soup,3.16,1.5,4.74,Saturday,5,1,7,12,193,26.0,0.0,0,1,357,375,403,334,69,17.12,318
2025-07-12,Dinner,B,Meat,1.06,8.0,8.48,Saturday,5,1,7,12,193,26.0,0.0,0,1,345,334,384,320,64,16.67,302
2025-07-12,Dinner,B,Rice,3.01,2.0,6.02,Saturday,5,1,7,12,193,26.0,0.0,0,1,326,298,358,285,73,20.39,291
2025-07-12,Dinner,B,Vegetables,0.62,3.0,1.86,Saturday,5,1,7,12,193,26.0,0.0,0,1,364,387,407,355,52,12.78,216
2025-07-12,Dinner,C,Soup,4.04,1.5,6.06,Saturday,5,1,7,12,193,26.0,0.0,0,1,265,243,301,219,82,27.24,334
2025-07-12,Dinner,C,Vegetables,3.14,3.0,9.42,Saturday,5,1,7,12,193,26.0,0.0,0,1,243,233,270,216,54,20.0,578
2025-07-12,Dinner,D,Meat,1.74,8.0,13.92,Saturday,5,1,7,12,193,26.0,0.0,0,1,292,317,315,302,13,4.13,627
2025-07-12,Dinner,D,Rice,1.71,2.0,3.42,Saturday,5,1,7,12,193,26.0,0.0,0,1,304,306,333,291,42,12.61,782
2025-07-12,Dinner,D,Soup,4.31,1.5,6.46,Saturday,5,1,7,12,193,26.0,0.0,0,1,325,347,365,318,47,12.88,458
2025-07-12,Lunch,A,Meat,2.0,8.0,16.0,Saturday,5,1,7,12,193,26.0,0.0,0,1,550,551,610,537,73,11.97,791
2025-07-12,Lunch,A,Soup,4.52,1.5,6.78,Saturday,5,1,7,12,193,26.0,0.0,0,1,497,556,533,505,28,5.25,465
2025-07-12,Lunch,A,Vegetables,0.52,3.0,1.56,Saturday,5,1,7,12,193,26.0,0.0,0,1,563,559,604,517,87,14.4,387
2025-07-12,Lunch,B,Meat,4.89,8.0,39.12,Saturday,5,1,7,12,193,26.0,0.0,0,1,447,435,487,420,67,13.76,537
2025-07-12,Lunch,B,Rice,4.54,2.0,9.08,Saturday,5,1,7,12,193,26.0,0.0,0,1,481,505,525,477,48,9.14,371
2025-07-12,Lunch,B,Soup,0.93,1.5,1.4,Saturday,5,1,7,12,193,26.0,0.0,0,1,530,514,576,465,111,19.27,737
2025-07-12,Lunch,B,Vegetables,2.9,3.0,8.7,Saturday,5,1,7,12,193,26.0,0.0,0,1,457,479,501,438,63,12.57,763
2025-07-12,Lunch,C,Meat,0.78,8.0,6.24,Saturday,5,1,7,12,193,26.0,0.0,0,1,402,397,451,392,59,13.08,445
2025-07-12,Lunch,C,Rice,1.97,2.0,3.94,Saturday,5,1,7,12,193,26.0,0.0,0,1,373,391,412,371,41,9.95,897
2025-07-12,Lunch,C,Vegetables,1.58,3.0,4.74,Saturday,5,1,7,12,193,26.0,0.0,0,1,356,329,387,303,84,21.71,517
2025-07-12,Lunch,D,Meat,2.23,8.0,17.84,Saturday,5,1,7,12,193,26.0,0.0,0,1,453,453,494,445,49,9.92,420
2025-07-12,Lunch,D,Rice,0.41,2.0,0.82,Saturday,5,1,7,12,193,26.0,0.0,0,1,424,459,455,432,23,5.05,477
2025-07-12,Lunch,D,Soup,2.47,1.5,3.7,Saturday,5,1,7,12,193,26.0,0.0,0,1,406,438,458,406,52,11.35,505
2025-07-12,Lunch,D,Vegetables,2.16,3.0,6.48,Saturday,5,1,7,12,193,26.0,0.0,0,1,407,420,453,387,66,14.57,438
2025-07-13,Breakfast,A,Meat,0.77,8.0,6.16,Sunday,6,1,7,13,194,30.4,0.0,0,0,166,186,188,179,9,4.79,225
2025-07-13,Breakfast,A,Rice,4.87,2.0,9.74,Sunday,6,1,7,13,194,30.4,0.0,0,0,165,163,184,154,30,16.3,201
2025-07-13,Breakfast,A,Soup,4.74,1.5,7.11,Sunday,6,1,7,13,194,30.4,0.0,0,0,164,169,178,154,24,13.48,166
2025-07-13,Breakfast,A,Vegetables,1.67,3.0,5.01,Sunday,6,1,7,13,194,30.4,0.0,0,0,145,142,159,133,26,16.35,109
2025-07-13,Breakfast,B,Meat,1.64,8.0,13.12,Sunday,6,1,7,13,194,30.4,0.0,0,0,147,148,161,142,19,11.8,109
2025-07-13,Breakfast,B,Rice,1.08,2.0,2.16,Sunday,6,1,7,13,194,30.4,0.0,0,0,156,167,168,160,8,4.76,133
2025-07-13,Breakfast,B,Soup,4.85,1.5,7.28,Sunday,6,1,7,13,194,30.4,0.0,0,0,153,164,172,149,23,13.37,154
2025-07-13,Breakfast,B,Vegetables,4.83,3.0,14.49,Sunday,6,1,7,13,194,30.4,0.0,0,0,148,150,163,138,25,15.34,114
2025-07-13,Breakfast,C,Meat,3.51,8.0,28.08,Sunday,6,1,7,13,194,30.4,0.0,0,0,113,113,127,109,18,14.17,179
2025-07-13,Breakfast,C,Rice,1.53,2.0,3.06,Sunday,6,1,7,13,194,30.4,0.0,0,0,131,138,144,133,11,7.64,154
2025-07-13,Breakfast,C,Soup,2.92,1.5,4.38,Sunday,6,1,7,13,194,30.4,0.0,0,0,115,119,124,110,14,11.29,149
2025-07-13,Breakfast,C,Vegetables,2.51,3.0,7.53,Sunday,6,1,7,13,194,30.4,0.0,0,0,126,123,137,114,23,16.79,133
2025-07-13,Breakfast,D,Meat,1.94,8.0,15.52,Sunday,6,1,7,13,194,30.4,0.0,0,0,129,129,147,126,21,14.29,142
2025-07-13,Breakfast,D,Rice,1.29,2.0,2.58,Sunday,6,1,7,13,194,30.4,0.0,0,0,124,113,135,110,25,18.52,160
2025-07-13,Breakfast,D,Soup,2.03,1.5,3.04,Sunday,6,1,7,13,194,30.4,0.0,0,0,134,135,153,120,33,21.57,110
2025-07-13,Breakfast,D,Vegetables,4.1,3.0,12.3,Sunday,6,1,7,13,194,30.4,0.0,0,0,123,116,134,109,25,18.66,188
2025-07-13,Dinner,A,Meat,1.29,8.0,10.32,Sunday,6,1,7,13,194,30.4,0.0,0,0,251,289,279,277,2,0.72,355
2025-07-13,Dinner,A,Rice,3.2,2.0,6.4,Sunday,6,1,7,13,194,30.4,0.0,0,0,231,230,248,218,30,12.1,184
2025-07-13,Dinner,A,Soup,3.6,1.5,5.4,Sunday,6,1,7,13,194,30.4,0.0,0,0,267,252,300,233,67,22.33,224
2025-07-13,Dinner,B,Meat,0.46,8.0,3.68,Sunday,6,1,7,13,194,30.4,0.0,0,0,248,261,276,251,25,9.06,195
2025-07-13,Dinner,B,Rice,3.97,2.0,7.94,Sunday,6,1,7,13,194,30.4,0.0,0,0,246,266,279,260,19,6.81,285
2025-07-13,Dinner,B,Soup,2.45,1.5,3.68,Sunday,6,1,7,13,194,30.4,0.0,0,0,251,250,275,224,51,18.55,202
2025-07-13,Dinner,B,Vegetables,4.95,3.0,14.85,Sunday,6,1,7,13,194,30.4,0.0,0,0,222,224,249,212,37,14.86,177
2025-07-13,Dinner,C,Meat,2.58,8.0,20.64,Sunday,6,1,7,13,194,30.4,0.0,0,0,199,201,214,195,19,8.88,277
2025-07-13,Dinner,C,Rice,2.06,2.0,4.12,Sunday,6,1,7,13,194,30.4,0.0,0,0,185,192,208,184,24,11.54,215
2025-07-13,Dinner,C,Vegetables,4.61,3.0,13.83,Sunday,6,1,7,13,194,30.4,0.0,0,0,175,189,196,177,19,9.69,203
2025-07-13,Dinner,D,Meat,3.97,8.0,31.76,Sunday,6,1,7,13,194,30.4,0.0,0,0,226,232,246,227,19,7.72,251
2025-07-13,Dinner,D,Rice,2.76,2.0,5.52,Sunday,6,1,7,13,194,30.4,0.0,0,0,214,225,234,215,19,8.12,260
2025-07-13,Dinner,D,Soup,4.49,1.5,6.74,Sunday,6,1,7,13,194,30.4,0.0,0,0,210,227,226,202,24,10.62,219
2025-07-13,Dinner,D,Vegetables,1.86,3.0,5.58,Sunday,6,1,7,13,194,30.4,0.0,0,0,217,222,237,203,34,14.35,355
2025-07-13,Lunch,A,Meat,2.86,8.0,22.88,Sunday,6,1,7,13,194,30.4,0.0,0,0,376,333,423,318,105,24.82,261
2025-07-13,Lunch,A,Rice,0.66,2.0,1.32,Sunday,6,1,7,13,194,30.4,0.0,0,0,392,405,428,392,36,8.41,299
2025-07-13,Lunch,A,Soup,2.77,1.5,4.16,Sunday,6,1,7,13,194,30.4,0.0,0,0,422,417,457,377,80,17.51,308
2025-07-13,Lunch,A,Vegetables,3.0,3.0,9.0,Sunday,6,1,7,13,194,30.4,0.0,0,0,430,397,472,377,95,20.13,294
2025-07-13,Lunch,B,Meat,2.8,8.0,22.4,Sunday,6,1,7,13,194,30.4,0.0,0,0,339,340,381,335,46,12.07,392
2025-07-13,Lunch,B,Rice,3.44,2.0,6.88,Sunday,6,1,7,13,194,30.4,0.0,0,0,348,359,374,339,35,9.36,432
2025-07-13,Lunch,B,Soup,2.36,1.5,3.54,Sunday,6,1,7,13,194,30.4,0.0,0,0,359,363,407,332,75,18.43,280
2025-07-13,Lunch,B,Vegetables,4.77,3.0,14.31,Sunday,6,1,7,13,194,30.4,0.0,0,0,362,350,393,330,63,16.03,377
2025-07-13,Lunch,C,Meat,2.25,8.0,18.0,Sunday,6,1,7,13,194,30.4,0.0,0,0,282,268,311,261,50,16.08,335
2025-07-13,Lunch,C,Rice,3.57,2.0,7.14,Sunday,6,1,7,13,194,30.4,0.0,0,0,287,276,311,263,48,15.43,339
2025-07-13,Lunch,C,Soup,3.49,1.5,5.24,Sunday,6,1,7,13,194,30.4,0.0,0,0,294,334,320,308,12,3.75,332
2025-07-13,Lunch,C,Vegetables,1.53,3.0,4.59,Sunday,6,1,7,13,194,30.4,0.0,0,0,300,319,331,299,32,9.67,303
2025-07-13,Lunch,D,Meat,4.0,8.0,32.0,Sunday,6,1,7,13,194,30.4,0.0,0,0,332,326,379,310,69,18.21,318
2025-07-13,Lunch,D,Rice,4.11,2.0,8.22,Sunday,6,1,7,13,194,30.4,0.0,0,0,309,317,343,299,44,12.83,263
2025-07-13,Lunch,D,Soup,2.55,1.5,3.82,Sunday,6,1,7,13,194,30.4,0.0,0,0,310,309,347,280,67,19.31,406
2025-07-13,Lunch,D,Vegetables,2.1,3.0,6.3,Sunday,6,1,7,13,194,30.4,0.0,0,0,308,313,336,294,42,12.5,299
2025-07-14,Breakfast,A,Rice,2.73,2.0,5.46,Monday,0,0,7,14,195,28.9,0.0,0,0,308,309,340,302,38,11.18,209
2025-07-14,Breakfast,A,Soup,3.87,1.5,5.8,Monday,0,0,7,14,195,28.9,0.0,0,0,284,282,313,259,54,17.25,267
2025-07-14,Breakfast,A,Vegetables,0.52,3.0,1.56,Monday,0,0,7,14,195,28.9,0.0,0,0,306,307,337,280,57,16.91,138
2025-07-14,Breakfast,B,Rice,3.32,2.0,6.64,Monday,0,0,7,14,195,28.9,0.0,0,0,246,237,276,227,49,17.75,275
2025-07-14,Breakfast,B,Soup,0.32,1.5,0.48,Monday,0,0,7,14,195,28.9,0.0,0,0,302,294,342,267,75,21.93,120
2025-07-14,Breakfast,B,Vegetables,3.27,3.0,9.81,Monday,0,0,7,14,195,28.9,0.0,0,0,250,243,282,230,52,18.44,252
2025-07-14,Breakfast,C,Meat,3.42,8.0,27.36,Monday,0,0,7,14,195,28.9,0.0,0,0,222,231,240,227,13,5.42,126
2025-07-14,Breakfast,C,Rice,4.92,2.0,9.84,Monday,0,0,7,14,195,28.9,0.0,0,0,227,217,250,209,41,16.4,227
2025-07-14,Breakfast,C,Soup,3.79,1.5,5.68,Monday,0,0,7,14,195,28.9,0.0,0,0,210,200,230,182,48,20.87,217
2025-07-14,Breakfast,C,Vegetables,2.06,3.0,6.18,Monday,0,0,7,14,195,28.9,0.0,0,0,234,247,258,230,28,10.85,230
2025-07-14,Breakfast,D,Rice,4.83,2.0,9.66,Monday,0,0,7,14,195,28.9,0.0,0,0,277,291,301,275,26,8.64,110
2025-07-14,Breakfast,D,Soup,1.37,1.5,2.06,Monday,0,0,7,14,195,28.9,0.0,0,0,234,236,253,217,36,14.23,259
2025-07-14,Breakfast,D,Vegetables,0.15,3.0,0.45,Monday,0,0,7,14,195,28.9,0.0,0,0,252,273,282,252,30,10.64,280
2025-07-14,Dinner,A,Meat,1.63,8.0,13.04,Monday,0,0,7,14,195,28.9,0.0,0,0,479,465,513,456,57,11.11,355
2025-07-14,Dinner,A,Rice,0.79,2.0,1.58,Monday,0,0,7,14,195,28.9,0.0,0,0,484,465,550,449,101,18.36,390
2025-07-14,Dinner,A,Soup,1.11,1.5,1.66,Monday,0,0,7,14,195,28.9,0.0,0,0,472,454,522,410,112,21.46,296
2025-07-14,Dinner,A,Vegetables,2.33,3.0,6.99,Monday,0,0,7,14,195,28.9,0.0,0,0,471,469,535,437,98,18.32,312
2025-07-14,Dinner,B,Meat,2.43,8.0,19.44,Monday,0,0,7,14,195,28.9,0.0,0,0,451,439,514,431,83,16.15,227
2025-07-14,Dinner,B,Rice,2.47,2.0,4.94,Monday,0,0,7,14,195,28.9,0.0,0,0,403,414,453,390,63,13.91,344
2025-07-14,Dinner,B,Soup,3.51,1.5,5.26,Monday,0,0,7,14,195,28.9,0.0,0,0,457,421,509,375,134,26.33,233
2025-07-14,Dinner,B,Vegetables,2.25,3.0,6.75,Monday,0,0,7,14,195,28.9,0.0,0,0,465,501,516,473,43,8.33,437
2025-07-14,Dinner,C,Meat,1.57,8.0,12.56,Monday,0,0,7,14,195,28.9,0.0,0,0,395,422,430,402,28,6.51,456
2025-07-14,Dinner,C,Rice,1.66,2.0,3.32,Monday,0,0,7,14,195,28.9,0.0,0,0,376,365,408,344,64,15.69,376
2025-07-14,Dinner,C,Soup,0.66,1.5,0.99,Monday,0,0,7,14,195,28.9,0.0,0,0,338,327,371,296,75,20.22,375
2025-07-14,Dinner,C,Vegetables,4.07,3.0,12.21,Monday,0,0,7,14,195,28.9,0.0,0,0,336,342,366,312,54,14.75,212
2025-07-14,Dinner,D,Meat,3.28,8.0,26.24,Monday,0,0,7,14,195,28.9,0.0,0,0,356,363,388,355,33,8.51,431
2025-07-14,Dinner,D,Rice,4.26,2.0,8.52,Monday,0,0,7,14,195,28.9,0.0,0,0,406,392,441,376,65,14.74,218
2025-07-14,Dinner,D,Vegetables,3.42,3.0,10.26,Monday,0,0,7,14,195,28.9,0.0,0,0,414,433,454,411,43,9.47,473
2025-07-14,Lunch,A,Meat,2.64,8.0,21.12,Monday,0,0,7,14,195,28.9,0.0,0,0,784,809,845,800,45,5.33,572
2025-07-14,Lunch,A,Rice,2.6,2.0,5.2,Monday,0,0,7,14,195,28.9,0.0,0,0,745,755,842,711,131,15.56,447
2025-07-14,Lunch,A,Vegetables,2.94,3.0,8.82,Monday,0,0,7,14,195,28.9,0.0,0,0,744,746,845,708,137,16.21,383
2025-07-14,Lunch,B,Meat,2.02,8.0,16.16,Monday,0,0,7,14,195,28.9,0.0,0,0,678,727,749,706,43,5.74,800
2025-07-14,Lunch,B,Rice,2.28,2.0,4.56,Monday,0,0,7,14,195,28.9,0.0,0,0,703,703,787,677,110,13.98,567
2025-07-14,Lunch,B,Soup,2.98,1.5,4.47,Monday,0,0,7,14,195,28.9,0.0,0,0,724,741,793,684,109,13.75,377
2025-07-14,Lunch,B,Vegetables,3.88,3.0,11.64,Monday,0,0,7,14,195,28.9,0.0,0,0,645,618,704,571,133,18.89,330
2025-07-14,Lunch,C,Meat,1.79,8.0,14.32,Monday,0,0,7,14,195,28.9,0.0,0,0,544,560,591,545,46,7.78,310
2025-07-14,Lunch,C,Rice,2.55,2.0,5.1,Monday,0,0,7,14,195,28.9,0.0,0,0,482,464,542,447,95,17.53,392
2025-07-14,Lunch,C,Soup,0.61,1.5,0.92,Monday,0,0,7,14,195,28.9,0.0,0,0,487,471,545,434,111,20.37,684
2025-07-14,Lunch,C,Vegetables,0.22,3.0,0.66,Monday,0,0,7,14,195,28.9,0.0,0,0,479,414,544,383,161,29.6,571
2025-07-14,Lunch,D,Meat,4.81,8.0,38.48,Monday,0,0,7,14,195,28.9,0.0,0,0,573,585,652,572,80,12.27,545
2025-07-14,Lunch,D,Rice,2.14,2.0,4.28,Monday,0,0,7,14,195,28.9,0.0,0,0,578,584,639,567,72,11.27,711
2025-07-14,Lunch,D,Soup,4.71,1.5,7.06,Monday,0,0,7,14,195,28.9,0.0,0,0,527,533,601,480,121,20.13,434
2025-07-14,Lunch,D,Vegetables,0.67,3.0,2.01,Monday,0,0,7,14,195,28.9,0.0,0,0,579,535,658,494,164,24.92,708
2025-07-15,Breakfast,A,Meat,1.3,8.0,10.4,Tuesday,1,0,7,15,196,28.0,0.0,0,0,319,335,348,323,25,7.18,232
2025-07-15,Breakfast,A,Rice,4.92,2.0,9.84,Tuesday,1,0,7,15,196,28.0,0.0,0,0,252,253,278,240,38,13.67,199
2025-07-15,Breakfast,A,Soup,0.88,1.5,1.32,Tuesday,1,0,7,15,196,28.0,0.0,0,0,309,323,344,292,52,15.12,265
2025-07-15,Breakfast,B,Meat,4.8,8.0,38.4,Tuesday,1,0,7,15,196,28.0,0.0,0,0,287,288,319,282,37,11.6,227
2025-07-15,Breakfast,B,Soup,2.08,1.5,3.12,Tuesday,1,0,7,15,196,28.0,0.0,0,0,296,288,331,265,66,19.94,232
2025-07-15,Breakfast,C,Meat,3.24,8.0,25.92,Tuesday,1,0,7,15,196,28.0,0.0,0,0,214,219,239,212,27,11.3,282
2025-07-15,Breakfast,C,Rice,1.0,2.0,2.0,Tuesday,1,0,7,15,196,28.0,0.0,0,0,208,211,226,199,27,11.95,236
2025-07-15,Breakfast,C,Vegetables,2.22,3.0,6.66,Tuesday,1,0,7,15,196,28.0,0.0,0,0,213,221,231,206,25,10.82,230
2025-07-15,Breakfast,D,Meat,1.07,8.0,8.56,Tuesday,1,0,7,15,196,28.0,0.0,0,0,251,240,279,232,47,16.85,212
2025-07-15,Breakfast,D,Rice,3.11,2.0,6.22,Tuesday,1,0,7,15,196,28.0,0.0,0,0,242,245,272,236,36,13.24,302
2025-07-15,Breakfast,D,Soup,2.01,1.5,3.01,Tuesday,1,0,7,15,196,28.0,0.0,0,0,242,250,265,232,33,12.45,182
2025-07-15,Breakfast,D,Vegetables,3.0,3.0,9.0,Tuesday,1,0,7,15,196,28.0,0.0,0,0,231,208,255,196,59,23.14,206
2025-07-15,Dinner,A,Meat,1.8,8.0,14.4,Tuesday,1,0,7,15,196,28.0,0.0,0,0,492,492,550,483,67,12.18,405
2025-07-15,Dinner,A,Rice,2.98,2.0,5.96,Tuesday,1,0,7,15,196,28.0,0.0,0,0,460,488,504,462,42,8.33,375
2025-07-15,Dinner,A,Soup,3.13,1.5,4.7,Tuesday,1,0,7,15,196,28.0,0.0,0,0,484,467,542,420,122,22.51,328
2025-07-15,Dinner,A,Vegetables,4.24,3.0,12.72,Tuesday,1,0,7,15,196,28.0,0.0,0,0,475,466,520,442,78,15.0,345
2025-07-15,Dinner,B,Meat,3.56,8.0,28.48,Tuesday,1,0,7,15,196,28.0,0.0,0,0,418,467,476,461,15,3.15,483
2025-07-15,Dinner,B,Rice,4.09,2.0,8.18,Tuesday,1,0,7,15,196,28.0,0.0,0,0,434,452,494,426,68,13.77,312
2025-07-15,Dinner,B,Soup,3.11,1.5,4.66,Tuesday,1,0,7,15,196,28.0,0.0,0,0,410,415,446,380,66,14.8,420
2025-07-15,Dinner,B,Vegetables,1.56,3.0,4.68,Tuesday,1,0,7,15,196,28.0,0.0,0,0,462,462,520,438,82,15.77,411
2025-07-15,Dinner,C,Meat,0.76,8.0,6.08,Tuesday,1,0,7,15,196,28.0,0.0,0,0,362,373,406,358,48,11.82,461
2025-07-15,Dinner,C,Rice,0.52,2.0,1.04,Tuesday,1,0,7,15,196,28.0,0.0,0,0,326,324,362,312,50,13.81,449
2025-07-15,Dinner,C,Soup,1.6,1.5,2.4,Tuesday,1,0,7,15,196,28.0,0.0,0,0,342,363,368,328,40,10.87,410
2025-07-15,Dinner,C,Vegetables,0.68,3.0,2.04,Tuesday,1,0,7,15,196,28.0,0.0,0,0,355,365,400,345,55,13.75,438
2025-07-15,Dinner,D,Meat,3.5,8.0,28.0,Tuesday,1,0,7,15,196,28.0,0.0,0,0,422,423,473,405,68,14.38,402
2025-07-15,Dinner,D,Rice,1.0,2.0,2.0,Tuesday,1,0,7,15,196,28.0,0.0,0,0,393,390,435,375,60,13.79,426
2025-07-15,Dinner,D,Soup,2.15,1.5,3.22,Tuesday,1,0,7,15,196,28.0,0.0,0,0,406,404,448,366,82,18.3,380
2025-07-15,Lunch,A,Meat,1.11,8.0,8.88,Tuesday,1,0,7,15,196,28.0,0.0,0,0,729,689,814,660,154,18.92,629
2025-07-15,Lunch,A,Soup,4.06,1.5,6.09,Tuesday,1,0,7,15,196,28.0,0.0,0,0,617,599,679,553,126,18.56,427
2025-07-15,Lunch,A,Vegetables,3.79,3.0,11.37,Tuesday,1,0,7,15,196,28.0,0.0,0,0,689,642,783,585,198,25.29,521
2025-07-15,Lunch,B,Meat,0.6,8.0,4.8,Tuesday,1,0,7,15,196,28.0,0.0,0,0,681,658,768,629,139,18.1,499
2025-07-15,Lunch,B,Rice,0.41,2.0,0.82,Tuesday,1,0,7,15,196,28.0,0.0,0,0,709,789,800,766,34,4.25,609
2025-07-15,Lunch,B,Soup,1.02,1.5,1.53,Tuesday,1,0,7,15,196,28.0,0.0,0,0,707,719,778,653,125,16.07,553
2025-07-15,Lunch,B,Vegetables,4.37,3.0,13.11,Tuesday,1,0,7,15,196,28.0,0.0,0,0,725,827,813,756,57,7.01,564
2025-07-15,Lunch,C,Meat,2.34,8.0,18.72,Tuesday,1,0,7,15,196,28.0,0.0,0,0,556,525,599,499,100,16.69,706
2025-07-15,Lunch,C,Rice,1.7,2.0,3.4,Tuesday,1,0,7,15,196,28.0,0.0,0,0,593,627,668,609,59,8.83,677
2025-07-15,Lunch,C,Soup,4.33,1.5,6.5,Tuesday,1,0,7,15,196,28.0,0.0,0,0,539,467,610,427,183,30.0,480
2025-07-15,Lunch,C,Vegetables,1.39,3.0,4.17,Tuesday,1,0,7,15,196,28.0,0.0,0,0,576,607,639,564,75,11.74,585
2025-07-15,Lunch,D,Rice,2.69,2.0,5.38,Tuesday,1,0,7,15,196,28.0,0.0,0,0,613,555,679,541,138,20.32,766
2025-07-15,Lunch,D,Vegetables,3.03,3.0,9.09,Tuesday,1,0,7,15,196,28.0,0.0,0,0,539,548,585,521,64,10.94,494
2025-07-16,Breakfast,A,Meat,1.98,8.0,15.84,Wednesday,2,0,7,16,197,31.1,0.0,0,0,306,313,340,299,41,12.06,323
2025-07-16,Breakfast,A,Rice,0.78,2.0,1.56,Wednesday,2,0,7,16,197,31.1,0.0,0,0,300,313,336,299,37,11.01,227
2025-07-16,Breakfast,A,Soup,3.21,1.5,4.81,Wednesday,2,0,7,16,197,31.1,0.0,0,0,281,290,308,258,50,16.23,196
2025-07-16,Breakfast,B,Rice,3.5,2.0,7.0,Wednesday,2,0,7,16,197,31.1,0.0,0,0,285,267,320,253,67,20.94,234
2025-07-16,Breakfast,B,Soup,2.82,1.5,4.23,Wednesday,2,0,7,16,197,31.1,0.0,0,0,290,287,329,260,69,20.97,258
2025-07-16,Breakfast,B,Vegetables,5.0,3.0,15.0,Wednesday,2,0,7,16,197,31.1,0.0,0,0,266,265,287,243,44,15.33,217
2025-07-16,Breakfast,C,Meat,0.79,8.0,6.32,Wednesday,2,0,7,16,197,31.1,0.0,0,0,205,199,223,191,32,14.35,299
2025-07-16,Breakfast,C,Rice,2.5,2.0,5.0,Wednesday,2,0,7,16,197,31.1,0.0,0,0,239,240,270,234,36,13.33,240
2025-07-16,Breakfast,C,Soup,2.31,1.5,3.46,Wednesday,2,0,7,16,197,31.1,0.0,0,0,225,211,249,196,53,21.29,292
2025-07-16,Breakfast,C,Vegetables,1.64,3.0,4.92,Wednesday,2,0,7,16,197,31.1,0.0,0,0,232,238,256,217,39,15.23,229
2025-07-16,Breakfast,D,Rice,0.36,2.0,0.72,Wednesday,2,0,7,16,197,31.1,0.0,0,0,237,238,258,227,31,12.02,253
2025-07-16,Breakfast,D,Vegetables,0.15,3.0,0.45,Wednesday,2,0,7,16,197,31.1,0.0,0,0,249,246,282,229,53,18.79,196
2025-07-16,Dinner,A,Meat,3.85,8.0,30.8,Wednesday,2,0,7,16,197,31.1,0.0,0,0,470,478,513,454,59,11.5,395
2025-07-16,Dinner,A,Rice,3.74,2.0,7.48,Wednesday,2,0,7,16,197,31.1,0.0,0,0,476,462,511,453,58,11.35,402
2025-07-16,Dinner,A,Soup,0.65,1.5,0.98,Wednesday,2,0,7,16,197,31.1,0.0,0,0,491,501,557,456,101,18.13,400
2025-07-16,Dinner,A,Vegetables,2.79,3.0,8.37,Wednesday,2,0,7,16,197,31.1,0.0,0,0,504,498,556,464,92,16.55,375
2025-07-16,Dinner,B,Meat,3.9,8.0,31.2,Wednesday,2,0,7,16,197,31.1,0.0,0,0,464,434,509,427,82,16.11,454
2025-07-16,Dinner,B,Rice,0.66,2.0,1.32,Wednesday,2,0,7,16,197,31.1,0.0,0,0,426,425,458,402,56,12.23,462
2025-07-16,Dinner,B,Soup,1.9,1.5,2.85,Wednesday,2,0,7,16,197,31.1,0.0,0,0,425,445,461,400,61,13.23,299
2025-07-16,Dinner,B,Vegetables,4.13,3.0,12.39,Wednesday,2,0,7,16,197,31.1,0.0,0,0,396,400,445,375,70,15.73,331
2025-07-16,Dinner,C,Meat,0.3,8.0,2.4,Wednesday,2,0,7,16,197,31.1,0.0,0,0,400,401,439,395,44,10.02,398
2025-07-16,Dinner,C,Rice,4.13,2.0,8.26,Wednesday,2,0,7,16,197,31.1,0.0,0,0,371,368,406,348,58,14.29,453
2025-07-16,Dinner,C,Soup,2.78,1.5,4.17,Wednesday,2,0,7,16,197,31.1,0.0,0,0,343,333,384,299,85,22.14,369
2025-07-16,Dinner,D,Meat,0.6,8.0,4.8,Wednesday,2,0,7,16,197,31.1,0.0,0,0,385,402,422,398,24,5.69,358
2025-07-16,Dinner,D,Rice,4.95,2.0,9.9,Wednesday,2,0,7,16,197,31.1,0.0,0,0,326,314,359,297,62,17.27,348
2025-07-16,Dinner,D,Soup,3.78,1.5,5.67,Wednesday,2,0,7,16,197,31.1,0.0,0,0,389,407,431,369,62,14.39,366
2025-07-16,Dinner,D,Vegetables,4.17,3.0,12.51,Wednesday,2,0,7,16,197,31.1,0.0,0,0,376,361,405,331,74,18.27,442
2025-07-16,Lunch,A,Meat,4.82,8.0,38.56,Wednesday,2,0,7,16,197,31.1,0.0,0,0,721,773,792,762,30,3.79,580
2025-07-16,Lunch,A,Soup,2.53,1.5,3.8,Wednesday,2,0,7,16,197,31.1,0.0,0,0,693,662,780,605,175,22.44,626
2025-07-16,Lunch,B,Meat,2.14,8.0,17.12,Wednesday,2,0,7,16,197,31.1,0.0,0,0,644,593,729,581,148,20.3,762
2025-07-16,Lunch,B,Rice,3.46,2.0,6.92,Wednesday,2,0,7,16,197,31.1,0.0,0,0,651,651,726,630,96,13.22,541
2025-07-16,Lunch,B,Soup,2.49,1.5,3.74,Wednesday,2,0,7,16,197,31.1,0.0,0,0,652,687,739,626,113,15.29,483
2025-07-16,Lunch,B,Vegetables,4.22,3.0,12.66,Wednesday,2,0,7,16,197,31.1,0.0,0,0,660,630,728,588,140,19.23,539
2025-07-16,Lunch,C,Meat,0.25,8.0,2.0,Wednesday,2,0,7,16,197,31.1,0.0,0,0,538,516,603,506,97,16.09,581
2025-07-16,Lunch,C,Vegetables,3.83,3.0,11.49,Wednesday,2,0,7,16,197,31.1,0.0,0,0,574,609,621,559,62,9.98,756
2025-07-16,Lunch,D,Meat,2.73,8.0,21.84,Wednesday,2,0,7,16,197,31.1,0.0,0,0,607,608,669,580,89,13.3,660
2025-07-16,Lunch,D,Rice,1.45,2.0,2.9,Wednesday,2,0,7,16,197,31.1,0.0,0,0,607,590,671,566,105,15.65,630
2025-07-16,Lunch,D,Soup,2.34,1.5,3.51,Wednesday,2,0,7,16,197,31.1,0.0,0,0,554,522,598,483,115,19.23,653
2025-07-16,Lunch,D,Vegetables,0.92,3.0,2.76,Wednesday,2,0,7,16,197,31.1,0.0,0,0,551,570,614,539,75,12.21,559
2025-07-17,Breakfast,A,Meat,5.0,8.0,40.0,Thursday,3,0,7,17,198,28.6,0.6,0,0,314,314,343,303,40,11.66,264
2025-07-17,Breakfast,A,Rice,1.56,2.0,3.12,Thursday,3,0,7,17,198,28.6,0.6,0,0,309,291,335,278,57,17.01,255
2025-07-17,Breakfast,A,Soup,1.81,1.5,2.72,Thursday,3,0,7,17,198,28.6,0.6,0,0,300,310,322,276,46,14.29,260
2025-07-17,Breakfast,A,Vegetables,2.3,3.0,6.9,Thursday,3,0,7,17,198,28.6,0.6,0,0,285,274,322,251,71,22.05,243
2025-07-17,Breakfast,B,Rice,4.1,2.0,8.2,Thursday,3,0,7,17,198,28.6,0.6,0,0,246,263,278,255,23,8.27,253
2025-07-17,Breakfast,B,Soup,3.9,1.5,5.85,Thursday,3,0,7,17,198,28.6,0.6,0,0,267,239,295,216,79,26.78,276
2025-07-17,Breakfast,C,Meat,4.07,8.0,32.56,Thursday,3,0,7,17,198,28.6,0.6,0,0,223,220,239,209,30,12.55,191
2025-07-17,Breakfast,C,Rice,1.26,2.0,2.52,Thursday,3,0,7,17,198,28.6,0.6,0,0,215,218,240,210,30,12.5,299
2025-07-17,Breakfast,C,Soup,1.82,1.5,2.73,Thursday,3,0,7,17,198,28.6,0.6,0,0,217,221,234,200,34,14.53,216
2025-07-17,Breakfast,C,Vegetables,2.98,3.0,8.94,Thursday,3,0,7,17,198,28.6,0.6,0,0,225,239,244,218,26,10.66,197
2025-07-17,Breakfast,D,Meat,3.2,8.0,25.6,Thursday,3,0,7,17,198,28.6,0.6,0,0,273,277,304,264,40,13.16,209
2025-07-17,Breakfast,D,Rice,3.58,2.0,7.16,Thursday,3,0,7,17,198,28.6,0.6,0,0,260,260,292,253,39,13.36,210
2025-07-17,Breakfast,D,Soup,0.78,1.5,1.17,Thursday,3,0,7,17,198,28.6,0.6,0,0,231,226,262,210,52,19.85,200
2025-07-17,Breakfast,D,Vegetables,0.91,3.0,2.73,Thursday,3,0,7,17,198,28.6,0.6,0,0,232,216,258,197,61,23.64,251
2025-07-17,Dinner,A,Meat,4.96,8.0,39.68,Thursday,3,0,7,17,198,28.6,0.6,0,0,503,479,569,465,104,18.28,314
2025-07-17,Dinner,A,Rice,4.6,2.0,9.2,Thursday,3,0,7,17,198,28.6,0.6,0,0,470,462,522,448,74,14.18,297
2025-07-17,Dinner,A,Soup,0.72,1.5,1.08,Thursday,3,0,7,17,198,28.6,0.6,0,0,494,472,542,428,114,21.03,296
2025-07-17,Dinner,A,Vegetables,4.35,3.0,13.05,Thursday,3,0,7,17,198,28.6,0.6,0,0,466,453,500,429,71,14.2,464
2025-07-17,Dinner,B,Meat,1.32,8.0,10.56,Thursday,3,0,7,17,198,28.6,0.6,0,0,452,452,500,437,63,12.6,427
2025-07-17,Dinner,B,Rice,4.34,2.0,8.68,Thursday,3,0,7,17,198,28.6,0.6,0,0,435,431,467,422,45,9.64,448
2025-07-17,Dinner,B,Soup,4.16,1.5,6.24,Thursday,3,0,7,17,198,28.6,0.6,0,0,433,390,477,351,126,26.42,428
2025-07-17,Dinner,B,Vegetables,3.59,3.0,10.77,Thursday,3,0,7,17,198,28.6,0.6,0,0,414,440,460,403,57,12.39,429
2025-07-17,Dinner,C,Meat,3.41,8.0,27.28,Thursday,3,0,7,17,198,28.6,0.6,0,0,357,328,402,314,88,21.89,437
2025-07-17,Dinner,C,Soup,2.93,1.5,4.4,Thursday,3,0,7,17,198,28.6,0.6,0,0,342,325,386,296,90,23.32,456
2025-07-17,Dinner,C,Vegetables,2.5,3.0,7.5,Thursday,3,0,7,17,198,28.6,0.6,0,0,323,340,357,323,34,9.52,403
2025-07-17,Dinner,D,Meat,2.13,8.0,17.04,Thursday,3,0,7,17,198,28.6,0.6,0,0,360,353,404,344,60,14.85,465
2025-07-17,Dinner,D,Rice,1.42,2.0,2.84,Thursday,3,0,7,17,198,28.6,0.6,0,0,378,369,424,351,73,17.22,422
2025-07-17,Dinner,D,Soup,3.2,1.5,4.8,Thursday,3,0,7,17,198,28.6,0.6,0,0,424,480,476,446,30,6.3,351
2025-07-17,Dinner,D,Vegetables,2.31,3.0,6.93,Thursday,3,0,7,17,198,28.6,0.6,0,0,400,411,453,383,70,15.45,323
2025-07-17,Lunch,A,Meat,1.11,8.0,8.88,Thursday,3,0,7,17,198,28.6,0.6,0,0,734,754,788,742,46,5.84,506
2025-07-17,Lunch,A,Rice,1.11,2.0,2.22,Thursday,3,0,7,17,198,28.6,0.6,0,0,682,697,753,658,95,12.62,566
2025-07-17,Lunch,A,Soup,1.82,1.5,2.73,Thursday,3,0,7,17,198,28.6,0.6,0,0,689,680,763,617,146,19.13,605
2025-07-17,Lunch,A,Vegetables,0.39,3.0,1.17,Thursday,3,0,7,17,198,28.6,0.6,0,0,713,724,811,675,136,16.77,588
2025-07-17,Lunch,B,Meat,2.74,8.0,21.92,Thursday,3,0,7,17,198,28.6,0.6,0,0,669,654,756,630,126,16.67,742
2025-07-17,Lunch,B,Rice,1.48,2.0,2.96,Thursday,3,0,7,17,198,28.6,0.6,0,0,658,670,709,648,61,8.6,658
2025-07-17,Lunch,B,Vegetables,1.69,3.0,5.07,Thursday,3,0,7,17,198,28.6,0.6,0,0,671,710,731,647,84,11.49,675
2025-07-17,Lunch,C,Meat,1.41,8.0,11.28,Thursday,3,0,7,17,198,28.6,0.6,0,0,500,508,538,499,39,7.25,630
2025-07-17,Lunch,C,Rice,1.52,2.0,3.04,Thursday,3,0,7,17,198,28.6,0.6,0,0,555,579,628,551,77,12.26,648
2025-07-17,Lunch,C,Soup,4.93,1.5,7.4,Thursday,3,0,7,17,198,28.6,0.6,0,0,537,517,582,469,113,19.42,617
2025-07-17,Lunch,C,Vegetables,4.3,3.0,12.9,Thursday,3,0,7,17,198,28.6,0.6,0,0,531,602,576,570,6,1.04,647
2025-07-17,Lunch,D,Rice,3.43,2.0,6.86,Thursday,3,0,7,17,198,28.6,0.6,0,0,511,499,552,486,66,11.96,551
2025-07-17,Lunch,D,Vegetables,4.82,3.0,14.46,Thursday,3,0,7,17,198,28.6,0.6,0,0,593,564,658,523,135,20.52,570
2025-07-18,Breakfast,A,Meat,0.56,8.0,4.48,Friday,4,0,7,18,199,31.5,10.0,0,0,276,265,303,262,41,13.53,218
2025-07-18,Breakfast,A,Rice,4.41,2.0,8.82,Friday,4,0,7,18,199,31.5,10.0,0,0,310,325,333,311,22,6.61,235
2025-07-18,Breakfast,A,Soup,1.46,1.5,2.19,Friday,4,0,7,18,199,31.5,10.0,0,0,317,323,346,294,52,15.03,210
2025-07-18,Breakfast,A,Vegetables,2.63,3.0,7.89,Friday,4,0,7,18,199,31.5,10.0,0,0,301,292,338,270,68,20.12,204
2025-07-18,Breakfast,B,Meat,1.91,8.0,15.28,Friday,4,0,7,18,199,31.5,10.0,0,0,287,293,308,283,25,8.12,262
2025-07-18,Breakfast,B,Rice,4.69,2.0,9.38,Friday,4,0,7,18,199,31.5,10.0,0,0,255,263,287,256,31,10.8,278
2025-07-18,Breakfast,B,Soup,1.7,1.5,2.55,Friday,4,0,7,18,199,31.5,10.0,0,0,268,256,291,238,53,18.21,294
2025-07-18,Breakfast,B,Vegetables,4.76,3.0,14.28,Friday,4,0,7,18,199,31.5,10.0,0,0,284,288,305,268,37,12.13,270
2025-07-18,Breakfast,C,Meat,3.89,8.0,31.12,Friday,4,0,7,18,199,31.5,10.0,0,0,206,188,234,185,49,20.94,283
2025-07-18,Breakfast,C,Rice,0.11,2.0,0.22,Friday,4,0,7,18,199,31.5,10.0,0,0,225,236,252,224,28,11.11,256
2025-07-18,Breakfast,C,Vegetables,3.69,3.0,11.07,Friday,4,0,7,18,199,31.5,10.0,0,0,230,222,259,204,55,21.24,200
2025-07-18,Breakfast,D,Meat,3.35,8.0,26.8,Friday,4,0,7,18,199,31.5,10.0,0,0,242,229,260,218,42,16.15,303
2025-07-18,Breakfast,D,Rice,2.35,2.0,4.7,Friday,4,0,7,18,199,31.5,10.0,0,0,238,249,258,235,23,8.91,224
2025-07-18,Breakfast,D,Soup,0.41,1.5,0.62,Friday,4,0,7,18,199,31.5,10.0,0,0,252,241,274,223,51,18.61,238
2025-07-18,Breakfast,D,Vegetables,1.86,3.0,5.58,Friday,4,0,7,18,199,31.5,10.0,0,0,232,219,252,200,52,20.63,218
2025-07-18,Dinner,A,Meat,4.3,8.0,34.4,Friday,4,0,7,18,199,31.5,10.0,0,0,493,492,530,478,52,9.81,344
2025-07-18,Dinner,A,Rice,0.71,2.0,1.42,Friday,4,0,7,18,199,31.5,10.0,0,0,516,533,574,519,55,9.58,351
2025-07-18,Dinner,A,Soup,0.1,1.5,0.15,Friday,4,0,7,18,199,31.5,10.0,0,0,490,441,553,408,145,26.22,360
2025-07-18,Dinner,A,Vegetables,2.26,3.0,6.78,Friday,4,0,7,18,199,31.5,10.0,0,0,419,424,477,403,74,15.51,362
2025-07-18,Dinner,B,Meat,1.09,8.0,8.72,Friday,4,0,7,18,199,31.5,10.0,0,0,439,454,499,438,61,12.22,478
2025-07-18,Dinner,B,Rice,4.79,2.0,9.58,Friday,4,0,7,18,199,31.5,10.0,0,0,443,460,495,446,49,9.9,519
2025-07-18,Dinner,B,Soup,0.75,1.5,1.12,Friday,4,0,7,18,199,31.5,10.0,0,0,401,390,442,360,82,18.55,446
2025-07-18,Dinner,B,Vegetables,3.47,3.0,10.41,Friday,4,0,7,18,199,31.5,10.0,0,0,420,424,468,390,78,16.67,383
2025-07-18,Dinner,C,Meat,0.88,8.0,7.04,Friday,4,0,7,18,199,31.5,10.0,0,0,342,318,379,306,73,19.26,438
2025-07-18,Dinner,C,Rice,3.28,2.0,6.56,Friday,4,0,7,18,199,31.5,10.0,0,0,335,349,361,333,28,7.76,326
2025-07-18,Dinner,C,Vegetables,4.67,3.0,14.01,Friday,4,0,7,18,199,31.5,10.0,0,0,344,333,377,310,67,17.77,390
2025-07-18,Dinner,D,Meat,1.33,8.0,10.64,Friday,4,0,7,18,199,31.5,10.0,0,0,342,345,376,334,42,11.17,306
2025-07-18,Dinner,D,Rice,3.31,2.0,6.62,Friday,4,0,7,18,199,31.5,10.0,0,0,371,346,399,326,73,18.3,446
2025-07-18,Dinner,D,Soup,4.53,1.5,6.8,Friday,4,0,7,18,199,31.5,10.0,0,0,387,381,419,345,74,17.66,408
2025-07-18,Dinner,D,Vegetables,1.92,3.0,5.76,Friday,4,0,7,18,199,31.5,10.0,0,0,394,397,434,362,72,16.59,310
2025-07-18,Lunch,A,Meat,1.17,8.0,9.36,Friday,4,0,7,18,199,31.5,10.0,0,0,737,713,799,685,114,14.27,499
2025-07-18,Lunch,A,Rice,2.72,2.0,5.44,Friday,4,0,7,18,199,31.5,10.0,0,0,682,682,736,654,82,11.14,537
2025-07-18,Lunch,A,Soup,1.14,1.5,1.71,Friday,4,0,7,18,199,31.5,10.0,0,0,733,721,785,652,133,16.94,469
2025-07-18,Lunch,B,Meat,4.16,8.0,33.28,Friday,4,0,7,18,199,31.5,10.0,0,0,640,700,707,683,24,3.39,685
2025-07-18,Lunch,B,Vegetables,1.76,3.0,5.28,Friday,4,0,7,18,199,31.5,10.0,0,0,648,646,697,611,86,12.34,523
2025-07-18,Lunch,C,Meat,2.48,8.0,19.84,Friday,4,0,7,18,199,31.5,10.0,0,0,550,522,615,511,104,16.91,683
2025-07-18,Lunch,C,Rice,2.87,2.0,5.74,Friday,4,0,7,18,199,31.5,10.0,0,0,541,554,608,537,71,11.68,562
2025-07-18,Lunch,C,Soup,3.44,1.5,5.16,Friday,4,0,7,18,199,31.5,10.0,0,0,507,525,573,471,102,17.8,652
2025-07-18,Lunch,D,Meat,0.59,8.0,4.72,Friday,4,0,7,18,199,31.5,10.0,0,0,596,594,653,579,74,11.33,511
2025-07-18,Lunch,D,Rice,0.34,2.0,0.68,Friday,4,0,7,18,199,31.5,10.0,0,0,591,596,655,562,93,14.2,486
2025-07-18,Lunch,D,Soup,2.35,1.5,3.53,Friday,4,0,7,18,199,31.5,10.0,0,0,581,647,630,597,33,5.24,471
2025-07-19,Breakfast,A,Meat,2.04,8.0,16.32,Saturday,5,1,7,19,200,30.8,0.0,0,0,135,121,150,119,31,20.67,120
2025-07-19,Breakfast,A,Rice,0.91,2.0,1.82,Saturday,5,1,7,19,200,30.8,0.0,0,0,166,166,181,160,21,11.6,147
2025-07-19,Breakfast,A,Soup,3.53,1.5,5.3,Saturday,5,1,7,19,200,30.8,0.0,0,0,150,147,164,132,32,19.51,101
2025-07-19,Breakfast,A,Vegetables,1.6,3.0,4.8,Saturday,5,1,7,19,200,30.8,0.0,0,0,164,167,182,153,29,15.93,133
2025-07-19,Breakfast,B,Meat,3.31,8.0,26.48,Saturday,5,1,7,19,200,30.8,0.0,0,0,149,146,162,142,20,12.35,135
2025-07-19,Breakfast,B,Rice,1.25,2.0,2.5,Saturday,5,1,7,19,200,30.8,0.0,0,0,145,164,165,155,10,6.06,120
2025-07-19,Breakfast,B,Soup,0.11,1.5,0.16,Saturday,5,1,7,19,200,30.8,0.0,0,0,142,136,153,122,31,20.26,117
2025-07-19,Breakfast,B,Vegetables,3.55,3.0,10.65,Saturday,5,1,7,19,200,30.8,0.0,0,0,142,141,157,133,24,15.29,268
2025-07-19,Breakfast,C,Meat,0.75,8.0,6.0,Saturday,5,1,7,19,200,30.8,0.0,0,0,122,124,138,120,18,13.04,185
2025-07-19,Breakfast,C,Rice,2.44,2.0,4.88,Saturday,5,1,7,19,200,30.8,0.0,0,0,125,126,137,120,17,12.41,311
2025-07-19,Breakfast,C,Soup,3.43,1.5,5.14,Saturday,5,1,7,19,200,30.8,0.0,0,0,121,112,130,101,29,22.31,122
2025-07-19,Breakfast,C,Vegetables,1.21,3.0,3.63,Saturday,5,1,7,19,200,30.8,0.0,0,0,120,114,137,106,31,22.63,153
2025-07-19,Breakfast,D,Meat,3.51,8.0,28.08,Saturday,5,1,7,19,200,30.8,0.0,0,0,137,140,150,135,15,10.0,119
2025-07-19,Breakfast,D,Rice,0.15,2.0,0.3,Saturday,5,1,7,19,200,30.8,0.0,0,0,151,152,163,147,16,9.82,155
2025-07-19,Breakfast,D,Soup,4.94,1.5,7.41,Saturday,5,1,7,19,200,30.8,0.0,0,0,133,130,145,117,28,19.31,223
2025-07-19,Breakfast,D,Vegetables,4.1,3.0,12.3,Saturday,5,1,7,19,200,30.8,0.0,0,0,116,112,132,104,28,21.21,106
2025-07-19,Dinner,A,Meat,2.26,8.0,18.08,Saturday,5,1,7,19,200,30.8,0.0,0,0,269,272,303,262,41,13.53,174
2025-07-19,Dinner,A,Rice,3.29,2.0,6.58,Saturday,5,1,7,19,200,30.8,0.0,0,0,262,261,289,251,38,13.15,223
2025-07-19,Dinner,A,Soup,3.18,1.5,4.77,Saturday,5,1,7,19,200,30.8,0.0,0,0,260,252,290,231,59,20.34,179
2025-07-19,Dinner,A,Vegetables,3.64,3.0,10.92,Saturday,5,1,7,19,200,30.8,0.0,0,0,268,261,294,245,49,16.67,195
2025-07-19,Dinner,B,Meat,2.12,8.0,16.96,Saturday,5,1,7,19,200,30.8,0.0,0,0,218,231,234,225,9,3.85,200
2025-07-19,Dinner,B,Rice,0.84,2.0,1.68,Saturday,5,1,7,19,200,30.8,0.0,0,0,248,248,267,238,29,10.86,203
2025-07-19,Dinner,B,Vegetables,3.46,3.0,10.38,Saturday,5,1,7,19,200,30.8,0.0,0,0,226,208,256,195,61,23.83,403
2025-07-19,Dinner,C,Meat,0.59,8.0,4.72,Saturday,5,1,7,19,200,30.8,0.0,0,0,186,180,204,174,30,14.71,225
2025-07-19,Dinner,C,Rice,0.52,2.0,1.04,Saturday,5,1,7,19,200,30.8,0.0,0,0,193,212,219,203,16,7.31,333
2025-07-19,Dinner,C,Soup,2.99,1.5,4.49,Saturday,5,1,7,19,200,30.8,0.0,0,0,196,196,219,179,40,18.26,345
2025-07-19,Dinner,C,Vegetables,3.79,3.0,11.37,Saturday,5,1,7,19,200,30.8,0.0,0,0,186,186,204,173,31,15.2,245
2025-07-19,Dinner,D,Meat,4.82,8.0,38.56,Saturday,5,1,7,19,200,30.8,0.0,0,0,219,208,247,200,47,19.03,334
2025-07-19,Dinner,D,Rice,1.98,2.0,3.96,Saturday,5,1,7,19,200,30.8,0.0,0,0,215,231,231,223,8,3.46,238
2025-07-19,Dinner,D,Soup,0.79,1.5,1.18,Saturday,5,1,7,19,200,30.8,0.0,0,0,223,216,245,198,47,19.18,231
2025-07-19,Dinner,D,Vegetables,1.64,3.0,4.92,Saturday,5,1,7,19,200,30.8,0.0,0,0,210,202,229,192,37,16.16,173
2025-07-19,Lunch,A,Meat,0.75,8.0,6.0,Saturday,5,1,7,19,200,30.8,0.0,0,0,399,357,446,340,106,23.77,312
2025-07-19,Lunch,A,Rice,2.17,2.0,4.34,Saturday,5,1,7,19,200,30.8,0.0,0,0,373,376,407,362,45,11.06,654
2025-07-19,Lunch,A,Vegetables,0.45,3.0,1.35,Saturday,5,1,7,19,200,30.8,0.0,0,0,394,407,445,387,58,13.03,269
2025-07-19,Lunch,B,Meat,0.6,8.0,4.8,Saturday,5,1,7,19,200,30.8,0.0,0,0,347,326,388,312,76,19.59,307
2025-07-19,Lunch,B,Rice,3.68,2.0,7.36,Saturday,5,1,7,19,200,30.8,0.0,0,0,351,375,398,367,31,7.79,362
2025-07-19,Lunch,B,Soup,4.42,1.5,6.63,Saturday,5,1,7,19,200,30.8,0.0,0,0,362,342,403,311,92,22.83,597
2025-07-19,Lunch,B,Vegetables,1.64,3.0,4.92,Saturday,5,1,7,19,200,30.8,0.0,0,0,363,374,410,351,59,14.39,611
2025-07-19,Lunch,C,Meat,3.89,8.0,31.12,Saturday,5,1,7,19,200,30.8,0.0,0,0,281,311,314,307,7,2.23,579
2025-07-19,Lunch,C,Rice,0.77,2.0,1.54,Saturday,5,1,7,19,200,30.8,0.0,0,0,300,309,340,293,47,13.82,367
2025-07-19,Lunch,C,Soup,0.75,1.5,1.12,Saturday,5,1,7,19,200,30.8,0.0,0,0,281,242,320,217,103,32.19,311
2025-07-19,Lunch,C,Vegetables,3.79,3.0,11.37,Saturday,5,1,7,19,200,30.8,0.0,0,0,284,288,309,269,40,12.94,351
2025-07-19,Lunch,D,Rice,4.97,2.0,9.94,Saturday,5,1,7,19,200,30.8,0.0,0,0,346,323,383,316,67,17.49,293
2025-07-19,Lunch,D,Soup,0.14,1.5,0.21,Saturday,5,1,7,19,200,30.8,0.0,0,0,314,341,348,309,39,11.21,217
2025-07-19,Lunch,D,Vegetables,2.7,3.0,8.1,Saturday,5,1,7,19,200,30.8,0.0,0,0,320,296,353,270,83,23.51,387
2025-07-20,Breakfast,A,Meat,0.51,8.0,4.08,Sunday,6,1,7,20,201,28.0,0.0,0,0,178,181,194,176,18,9.28,150
2025-07-20,Breakfast,A,Rice,1.46,2.0,2.92,Sunday,6,1,7,20,201,28.0,0.0,0,0,170,163,194,153,41,21.13,163
2025-07-20,Breakfast,A,Soup,3.04,1.5,4.56,Sunday,6,1,7,20,201,28.0,0.0,0,0,190,200,213,186,27,12.68,140
2025-07-20,Breakfast,A,Vegetables,2.81,3.0,8.43,Sunday,6,1,7,20,201,28.0,0.0,0,0,150,149,166,136,30,18.07,113
2025-07-20,Breakfast,B,Meat,3.92,8.0,31.36,Sunday,6,1,7,20,201,28.0,0.0,0,0,154,159,173,152,21,12.14,142
2025-07-20,Breakfast,B,Rice,3.08,2.0,6.16,Sunday,6,1,7,20,201,28.0,0.0,0,0,162,170,178,163,15,8.43,160
2025-07-20,Breakfast,B,Soup,4.25,1.5,6.38,Sunday,6,1,7,20,201,28.0,0.0,0,0,145,139,157,125,32,20.38,108
2025-07-20,Breakfast,B,Vegetables,3.48,3.0,10.44,Sunday,6,1,7,20,201,28.0,0.0,0,0,142,126,161,118,43,26.71,104
2025-07-20,Breakfast,C,Rice,3.33,2.0,6.66,Sunday,6,1,7,20,201,28.0,0.0,0,0,109,106,122,100,22,18.03,153
2025-07-20,Breakfast,C,Soup,2.6,1.5,3.9,Sunday,6,1,7,20,201,28.0,0.0,0,0,120,119,130,108,22,16.92,132
2025-07-20,Breakfast,C,Vegetables,2.64,3.0,7.92,Sunday,6,1,7,20,201,28.0,0.0,0,0,115,124,125,113,12,9.6,118
2025-07-20,Breakfast,D,Meat,1.55,8.0,12.4,Sunday,6,1,7,20,201,28.0,0.0,0,0,151,158,172,150,22,12.79,152
2025-07-20,Breakfast,D,Soup,4.5,1.5,6.75,Sunday,6,1,7,20,201,28.0,0.0,0,0,152,151,172,140,32,18.6,125
2025-07-20,Breakfast,D,Vegetables,0.37,3.0,1.11,Sunday,6,1,7,20,201,28.0,0.0,0,0,158,159,171,150,21,12.28,136
2025-07-20,Dinner,A,Meat,0.18,8.0,1.44,Sunday,6,1,7,20,201,28.0,0.0,0,0,284,276,316,273,43,13.61,184
2025-07-20,Dinner,A,Rice,3.87,2.0,7.74,Sunday,6,1,7,20,201,28.0,0.0,0,0,259,269,279,262,17,6.09,192
2025-07-20,Dinner,A,Soup,1.38,1.5,2.07,Sunday,6,1,7,20,201,28.0,0.0,0,0,249,260,273,240,33,12.09,235
2025-07-20,Dinner,A,Vegetables,0.43,3.0,1.29,Sunday,6,1,7,20,201,28.0,0.0,0,0,272,290,306,275,31,10.13,228
2025-07-20,Dinner,B,Meat,0.4,8.0,3.2,Sunday,6,1,7,20,201,28.0,0.0,0,0,229,222,254,215,39,15.35,273
2025-07-20,Dinner,B,Rice,0.3,2.0,0.6,Sunday,6,1,7,20,201,28.0,0.0,0,0,245,238,269,228,41,15.24,262
2025-07-20,Dinner,B,Soup,2.58,1.5,3.87,Sunday,6,1,7,20,201,28.0,0.0,0,0,254,263,273,235,38,13.92,198
2025-07-20,Dinner,B,Vegetables,3.97,3.0,11.91,Sunday,6,1,7,20,201,28.0,0.0,0,0,243,241,275,228,47,17.09,195
2025-07-20,Dinner,C,Meat,2.56,8.0,20.48,Sunday,6,1,7,20,201,28.0,0.0,0,0,189,192,205,184,21,10.24,262
2025-07-20,Dinner,C,Rice,3.18,2.0,6.36,Sunday,6,1,7,20,201,28.0,0.0,0,0,192,198,215,192,23,10.7,183
2025-07-20,Dinner,C,Soup,3.54,1.5,5.31,Sunday,6,1,7,20,201,28.0,0.0,0,0,207,212,225,191,34,15.11,240
2025-07-20,Dinner,C,Vegetables,2.14,3.0,6.42,Sunday,6,1,7,20,201,28.0,0.0,0,0,182,177,196,164,32,16.33,192
2025-07-20,Dinner,D,Meat,2.73,8.0,21.84,Sunday,6,1,7,20,201,28.0,0.0,0,0,233,223,254,214,40,15.75,215
2025-07-20,Dinner,D,Rice,0.5,2.0,1.0,Sunday,6,1,7,20,201,28.0,0.0,0,0,200,193,227,183,44,19.38,251
2025-07-20,Dinner,D,Vegetables,3.12,3.0,9.36,Sunday,6,1,7,20,201,28.0,0.0,0,0,214,207,234,195,39,16.67,164
2025-07-20,Lunch,A,Meat,2.52,8.0,20.16,Sunday,6,1,7,20,201,28.0,0.0,0,0,365,335,400,328,72,18.0,251
2025-07-20,Lunch,A,Rice,4.78,2.0,9.56,Sunday,6,1,7,20,201,28.0,0.0,0,0,424,421,475,403,72,15.16,303
2025-07-20,Lunch,A,Soup,2.55,1.5,3.82,Sunday,6,1,7,20,201,28.0,0.0,0,0,361,368,407,331,76,18.67,309
2025-07-20,Lunch,A,Vegetables,0.65,3.0,1.95,Sunday,6,1,7,20,201,28.0,0.0,0,0,420,419,460,386,74,16.09,272
2025-07-20,Lunch,B,Meat,2.69,8.0,21.52,Sunday,6,1,7,20,201,28.0,0.0,0,0,380,366,431,348,83,19.26,345
2025-07-20,Lunch,B,Rice,3.01,2.0,6.02,Sunday,6,1,7,20,201,28.0,0.0,0,0,361,374,407,363,44,10.81,403
2025-07-20,Lunch,B,Vegetables,4.89,3.0,14.67,Sunday,6,1,7,20,201,28.0,0.0,0,0,364,352,408,325,83,20.34,307
2025-07-20,Lunch,C,Meat,0.75,8.0,6.0,Sunday,6,1,7,20,201,28.0,0.0,0,0,266,263,302,251,51,16.89,340
2025-07-20,Lunch,C,Rice,4.68,2.0,9.36,Sunday,6,1,7,20,201,28.0,0.0,0,0,301,314,325,295,30,9.23,316
2025-07-20,Lunch,C,Vegetables,4.32,3.0,12.96,Sunday,6,1,7,20,201,28.0,0.0,0,0,284,287,315,272,43,13.65,325
2025-07-20,Lunch,D,Meat,3.45,8.0,27.6,Sunday,6,1,7,20,201,28.0,0.0,0,0,346,359,388,345,43,11.08,328
2025-07-20,Lunch,D,Rice,1.89,2.0,3.78,Sunday,6,1,7,20,201,28.0,0.0,0,0,316,316,351,303,48,13.68,295
2025-07-20,Lunch,D,Soup,4.78,1.5,7.17,Sunday,6,1,7,20,201,28.0,0.0,0,0,335,323,360,292,68,18.89,331
2025-07-20,Lunch,D,Vegetables,3.84,3.0,11.52,Sunday,6,1,7,20,201,28.0,0.0,0,0,321,325,356,307,49,13.76,270
2025-07-21,Breakfast,A,Meat,2.61,8.0,20.88,Monday,0,0,7,21,202,29.1,0.0,0,0,306,325,337,316,21,6.23,271
2025-07-21,Breakfast,A,Rice,1.62,2.0,3.24,Monday,0,0,7,21,202,29.1,0.0,0,0,304,314,344,308,36,10.47,100
2025-07-21,Breakfast,A,Vegetables,1.1,3.0,3.3,Monday,0,0,7,21,202,29.1,0.0,0,0,301,287,337,268,69,20.47,251
2025-07-21,Breakfast,B,Meat,2.01,8.0,16.08,Monday,0,0,7,21,202,29.1,0.0,0,0,296,281,325,271,54,16.62,186
2025-07-21,Breakfast,B,Rice,2.73,2.0,5.46,Monday,0,0,7,21,202,29.1,0.0,0,0,285,279,311,263,48,15.43,308
2025-07-21,Breakfast,B,Soup,4.19,1.5,6.28,Monday,0,0,7,21,202,29.1,0.0,0,0,252,248,285,222,63,22.11,186
2025-07-21,Breakfast,B,Vegetables,3.21,3.0,9.63,Monday,0,0,7,21,202,29.1,0.0,0,0,276,266,307,251,56,18.24,150
2025-07-21,Breakfast,C,Meat,0.42,8.0,3.36,Monday,0,0,7,21,202,29.1,0.0,0,0,194,191,220,186,34,15.45,215
2025-07-21,Breakfast,C,Rice,3.44,2.0,6.88,Monday,0,0,7,21,202,29.1,0.0,0,0,235,212,264,201,63,23.86,263
2025-07-21,Breakfast,C,Soup,3.68,1.5,5.52,Monday,0,0,7,21,202,29.1,0.0,0,0,215,213,244,191,53,21.72,216
2025-07-21,Breakfast,D,Meat,0.38,8.0,3.04,Monday,0,0,7,21,202,29.1,0.0,0,0,232,223,249,215,34,13.65,176
2025-07-21,Breakfast,D,Rice,4.25,2.0,8.5,Monday,0,0,7,21,202,29.1,0.0,0,0,245,246,267,239,28,10.49,201
2025-07-21,Breakfast,D,Soup,2.23,1.5,3.34,Monday,0,0,7,21,202,29.1,0.0,0,0,239,239,273,216,57,20.88,222
2025-07-21,Breakfast,D,Vegetables,0.52,3.0,1.56,Monday,0,0,7,21,202,29.1,0.0,0,0,271,241,309,222,87,28.16,268
2025-07-21,Dinner,A,Meat,4.44,8.0,35.52,Monday,0,0,7,21,202,29.1,0.0,0,0,473,472,538,456,82,15.24,331
2025-07-21,Dinner,A,Rice,1.42,2.0,2.84,Monday,0,0,7,21,202,29.1,0.0,0,0,476,477,518,449,69,13.32,379
2025-07-21,Dinner,A,Vegetables,3.88,3.0,11.64,Monday,0,0,7,21,202,29.1,0.0,0,0,506,484,563,444,119,21.14,275
2025-07-21,Dinner,B,Meat,1.43,8.0,11.44,Monday,0,0,7,21,202,29.1,0.0,0,0,460,438,496,432,64,12.9,359
2025-07-21,Dinner,B,Rice,4.05,2.0,8.1,Monday,0,0,7,21,202,29.1,0.0,0,0,393,380,424,371,53,12.5,320
2025-07-21,Dinner,B,Vegetables,0.41,3.0,1.23,Monday,0,0,7,21,202,29.1,0.0,0,0,457,448,506,418,88,17.39,320
2025-07-21,Dinner,C,Meat,0.48,8.0,3.84,Monday,0,0,7,21,202,29.1,0.0,0,0,343,340,375,331,44,11.73,432
2025-07-21,Dinner,C,Rice,2.93,2.0,5.86,Monday,0,0,7,21,202,29.1,0.0,0,0,359,331,387,320,67,17.31,228
2025-07-21,Dinner,C,Soup,1.86,1.5,2.79,Monday,0,0,7,21,202,29.1,0.0,0,0,380,365,417,334,83,19.9,332
2025-07-21,Dinner,C,Vegetables,2.33,3.0,6.99,Monday,0,0,7,21,202,29.1,0.0,0,0,350,343,386,320,66,17.1,405
2025-07-21,Dinner,D,Meat,2.88,8.0,23.04,Monday,0,0,7,21,202,29.1,0.0,0,0,375,371,422,359,63,14.93,214
2025-07-21,Dinner,D,Rice,2.55,2.0,5.1,Monday,0,0,7,21,202,29.1,0.0,0,0,379,395,411,379,32,7.79,371
2025-07-21,Dinner,D,Soup,1.35,1.5,2.03,Monday,0,0,7,21,202,29.1,0.0,0,0,382,371,414,332,82,19.81,191
2025-07-21,Dinner,D,Vegetables,1.9,3.0,5.7,Monday,0,0,7,21,202,29.1,0.0,0,0,427,433,469,405,64,13.65,444
2025-07-21,Lunch,A,Meat,3.08,8.0,24.64,Monday,0,0,7,21,202,29.1,0.0,0,0,743,767,802,737,65,8.1,348
2025-07-21,Lunch,A,Rice,2.32,2.0,4.64,Monday,0,0,7,21,202,29.1,0.0,0,0,718,730,794,712,82,10.33,499
2025-07-21,Lunch,A,Soup,3.73,1.5,5.6,Monday,0,0,7,21,202,29.1,0.0,0,0,684,668,750,619,131,17.47,292
2025-07-21,Lunch,A,Vegetables,1.62,3.0,4.86,Monday,0,0,7,21,202,29.1,0.0,0,0,709,700,776,653,123,15.85,577
2025-07-21,Lunch,B,Meat,0.69,8.0,5.52,Monday,0,0,7,21,202,29.1,0.0,0,0,714,785,785,769,16,2.04,579
2025-07-21,Lunch,B,Rice,3.73,2.0,7.46,Monday,0,0,7,21,202,29.1,0.0,0,0,673,619,741,597,144,19.43,363
2025-07-21,Lunch,B,Soup,3.54,1.5,5.31,Monday,0,0,7,21,202,29.1,0.0,0,0,661,632,711,564,147,20.68,530
2025-07-21,Lunch,B,Vegetables,3.57,3.0,10.71,Monday,0,0,7,21,202,29.1,0.0,0,0,618,630,693,578,115,16.59,653
2025-07-21,Lunch,C,Meat,4.77,8.0,38.16,Monday,0,0,7,21,202,29.1,0.0,0,0,525,518,589,507,82,13.92,737
2025-07-21,Lunch,C,Rice,0.9,2.0,1.8,Monday,0,0,7,21,202,29.1,0.0,0,0,563,601,620,579,41,6.61,712
2025-07-21,Lunch,C,Soup,3.94,1.5,5.91,Monday,0,0,7,21,202,29.1,0.0,0,0,553,584,630,530,100,15.87,507
2025-07-21,Lunch,C,Vegetables,2.66,3.0,7.98,Monday,0,0,7,21,202,29.1,0.0,0,0,571,576,637,537,100,15.7,578
2025-07-21,Lunch,D,Meat,0.92,8.0,7.36,Monday,0,0,7,21,202,29.1,0.0,0,0,567,598,634,579,55,8.68,507
2025-07-21,Lunch,D,Rice,3.63,2.0,7.26,Monday,0,0,7,21,202,29.1,0.0,0,0,514,530,572,499,73,12.76,597
2025-07-21,Lunch,D,Soup,3.93,1.5,5.9,Monday,0,0,7,21,202,29.1,0.0,0,0,562,559,602,507,95,15.78,619
2025-07-21,Lunch,D,Vegetables,0.72,3.0,2.16,Monday,0,0,7,21,202,29.1,0.0,0,0,645,609,701,577,124,17.69,386
2025-07-22,Breakfast,A,Rice,0.6,2.0,1.2,Tuesday,1,0,7,22,203,31.0,0.0,0,0,298,287,320,270,50,15.62,205
2025-07-22,Breakfast,A,Soup,1.22,1.5,1.83,Tuesday,1,0,7,22,203,31.0,0.0,0,0,292,287,330,265,65,19.7,191
2025-07-22,Breakfast,A,Vegetables,3.64,3.0,10.92,Tuesday,1,0,7,22,203,31.0,0.0,0,0,306,299,334,276,58,17.37,216
2025-07-22,Breakfast,B,Meat,0.32,8.0,2.56,Tuesday,1,0,7,22,203,31.0,0.0,0,0,268,274,288,271,17,5.9,316
2025-07-22,Breakfast,B,Rice,2.59,2.0,5.18,Tuesday,1,0,7,22,203,31.0,0.0,0,0,249,272,271,259,12,4.43,251
2025-07-22,Breakfast,B,Soup,1.3,1.5,1.95,Tuesday,1,0,7,22,203,31.0,0.0,0,0,273,272,294,248,46,15.65,213
2025-07-22,Breakfast,B,Vegetables,4.33,3.0,12.99,Tuesday,1,0,7,22,203,31.0,0.0,0,0,265,250,284,236,48,16.9,276
2025-07-22,Breakfast,C,Meat,1.98,8.0,15.84,Tuesday,1,0,7,22,203,31.0,0.0,0,0,204,228,222,217,5,2.25,271
2025-07-22,Breakfast,C,Rice,2.41,2.0,4.82,Tuesday,1,0,7,22,203,31.0,0.0,0,0,228,216,250,205,45,18.0,259
2025-07-22,Breakfast,C,Soup,4.66,1.5,6.99,Tuesday,1,0,7,22,203,31.0,0.0,0,0,204,209,220,191,29,13.18,191
2025-07-22,Breakfast,C,Vegetables,0.84,3.0,2.52,Tuesday,1,0,7,22,203,31.0,0.0,0,0,229,228,255,216,39,15.29,222
2025-07-22,Breakfast,D,Rice,4.3,2.0,8.6,Tuesday,1,0,7,22,203,31.0,0.0,0,0,250,262,285,251,34,11.93,239
2025-07-22,Breakfast,D,Soup,3.73,1.5,5.6,Tuesday,1,0,7,22,203,31.0,0.0,0,0,244,234,267,213,54,20.22,265
2025-07-22,Breakfast,D,Vegetables,4.58,3.0,13.74,Tuesday,1,0,7,22,203,31.0,0.0,0,0,232,244,252,227,25,9.92,236
2025-07-22,Dinner,A,Meat,1.7,8.0,13.6,Tuesday,1,0,7,22,203,31.0,0.0,0,0,478,441,537,435,102,18.99,341
2025-07-22,Dinner,A,Rice,4.24,2.0,8.48,Tuesday,1,0,7,22,203,31.0,0.0,0,0,494,458,541,432,109,20.15,420
2025-07-22,Dinner,A,Soup,0.14,1.5,0.21,Tuesday,1,0,7,22,203,31.0,0.0,0,0,490,459,559,419,140,25.04,334
2025-07-22,Dinner,A,Vegetables,2.81,3.0,8.43,Tuesday,1,0,7,22,203,31.0,0.0,0,0,411,477,444,444,0,0.0,295
2025-07-22,Dinner,B,Meat,2.86,8.0,22.88,Tuesday,1,0,7,22,203,31.0,0.0,0,0,401,413,445,393,52,11.69,456
2025-07-22,Dinner,B,Rice,1.08,2.0,2.16,Tuesday,1,0,7,22,203,31.0,0.0,0,0,438,437,495,420,75,15.15,351
2025-07-22,Dinner,B,Soup,3.15,1.5,4.72,Tuesday,1,0,7,22,203,31.0,0.0,0,0,470,502,532,454,78,14.66,419
2025-07-22,Dinner,B,Vegetables,1.59,3.0,4.77,Tuesday,1,0,7,22,203,31.0,0.0,0,0,432,414,486,392,94,19.34,444
2025-07-22,Dinner,C,Meat,3.0,8.0,24.0,Tuesday,1,0,7,22,203,31.0,0.0,0,0,349,342,384,327,57,14.84,435
2025-07-22,Dinner,C,Rice,2.37,2.0,4.74,Tuesday,1,0,7,22,203,31.0,0.0,0,0,351,365,394,351,43,10.91,320
2025-07-22,Dinner,C,Soup,3.89,1.5,5.84,Tuesday,1,0,7,22,203,31.0,0.0,0,0,359,383,409,343,66,16.14,454
2025-07-22,Dinner,C,Vegetables,2.52,3.0,7.56,Tuesday,1,0,7,22,203,31.0,0.0,0,0,361,363,393,340,53,13.49,418
2025-07-22,Dinner,D,Meat,4.51,8.0,36.08,Tuesday,1,0,7,22,203,31.0,0.0,0,0,360,357,407,341,66,16.22,393
2025-07-22,Dinner,D,Rice,1.06,2.0,2.12,Tuesday,1,0,7,22,203,31.0,0.0,0,0,363,339,409,320,89,21.76,449
2025-07-22,Dinner,D,Soup,1.3,1.5,1.95,Tuesday,1,0,7,22,203,31.0,0.0,0,0,390,396,434,355,79,18.2,343
2025-07-22,Dinner,D,Vegetables,3.83,3.0,11.49,Tuesday,1,0,7,22,203,31.0,0.0,0,0,350,318,391,295,96,24.55,340
2025-07-22,Lunch,A,Meat,1.68,8.0,13.44,Tuesday,1,0,7,22,203,31.0,0.0,0,0,741,779,816,762,54,6.62,547
2025-07-22,Lunch,A,Rice,2.15,2.0,4.3,Tuesday,1,0,7,22,203,31.0,0.0,0,0,646,666,702,634,68,9.69,655
2025-07-22,Lunch,A,Soup,3.63,1.5,5.44,Tuesday,1,0,7,22,203,31.0,0.0,0,0,710,753,781,688,93,11.91,367
2025-07-22,Lunch,B,Meat,0.48,8.0,3.84,Tuesday,1,0,7,22,203,31.0,0.0,0,0,611,599,680,581,99,14.56,762
2025-07-22,Lunch,B,Rice,1.43,2.0,2.86,Tuesday,1,0,7,22,203,31.0,0.0,0,0,668,693,744,655,89,11.96,468
2025-07-22,Lunch,B,Soup,2.56,1.5,3.84,Tuesday,1,0,7,22,203,31.0,0.0,0,0,574,547,626,499,127,20.29,519
2025-07-22,Lunch,B,Vegetables,1.93,3.0,5.79,Tuesday,1,0,7,22,203,31.0,0.0,0,0,685,682,736,640,96,13.04,537
2025-07-22,Lunch,C,Meat,0.98,8.0,7.84,Tuesday,1,0,7,22,203,31.0,0.0,0,0,482,435,549,425,124,22.59,769
2025-07-22,Lunch,C,Rice,4.52,2.0,9.04,Tuesday,1,0,7,22,203,31.0,0.0,0,0,510,483,569,468,101,17.75,579
2025-07-22,Lunch,C,Soup,4.91,1.5,7.36,Tuesday,1,0,7,22,203,31.0,0.0,0,0,459,395,511,367,144,28.18,564
2025-07-22,Lunch,C,Vegetables,4.04,3.0,12.12,Tuesday,1,0,7,22,203,31.0,0.0,0,0,517,521,586,490,96,16.38,640
2025-07-22,Lunch,D,Meat,0.44,8.0,3.52,Tuesday,1,0,7,22,203,31.0,0.0,0,0,580,557,635,547,88,13.86,425
2025-07-22,Lunch,D,Rice,4.77,2.0,9.54,Tuesday,1,0,7,22,203,31.0,0.0,0,0,593,580,660,549,111,16.82,634
2025-07-22,Lunch,D,Soup,1.48,1.5,2.22,Tuesday,1,0,7,22,203,31.0,0.0,0,0,607,565,660,519,141,21.36,688
2025-07-23,Breakfast,A,Meat,2.11,8.0,16.88,Wednesday,2,0,7,23,204,27.1,0.0,0,0,285,300,320,292,28,8.75,296
2025-07-23,Breakfast,A,Rice,0.13,2.0,0.26,Wednesday,2,0,7,23,204,27.1,0.0,0,0,311,320,336,309,27,8.04,206
2025-07-23,Breakfast,A,Soup,1.8,1.5,2.7,Wednesday,2,0,7,23,204,27.1,0.0,0,0,292,284,332,254,78,23.49,262
2025-07-23,Breakfast,A,Vegetables,1.24,3.0,3.72,Wednesday,2,0,7,23,204,27.1,0.0,0,0,288,302,317,280,37,11.67,246
2025-07-23,Breakfast,B,Meat,4.4,8.0,35.2,Wednesday,2,0,7,23,204,27.1,0.0,0,0,296,311,317,296,21,6.62,237
2025-07-23,Breakfast,B,Rice,4.21,2.0,8.42,Wednesday,2,0,7,23,204,27.1,0.0,0,0,293,297,332,284,48,14.46,309
2025-07-23,Breakfast,B,Soup,0.11,1.5,0.16,Wednesday,2,0,7,23,204,27.1,0.0,0,0,267,289,296,262,34,11.49,259
2025-07-23,Breakfast,B,Vegetables,4.76,3.0,14.28,Wednesday,2,0,7,23,204,27.1,0.0,0,0,259,260,281,246,35,12.46,227
2025-07-23,Breakfast,C,Meat,4.26,8.0,34.08,Wednesday,2,0,7,23,204,27.1,0.0,0,0,218,222,248,213,35,14.11,217
2025-07-23,Breakfast,C,Rice,3.32,2.0,6.64,Wednesday,2,0,7,23,204,27.1,0.0,0,0,209,212,234,206,28,11.97,270
2025-07-23,Breakfast,C,Vegetables,3.66,3.0,10.98,Wednesday,2,0,7,23,204,27.1,0.0,0,0,220,211,242,198,44,18.18,229
2025-07-23,Breakfast,D,Meat,1.27,8.0,10.16,Wednesday,2,0,7,23,204,27.1,0.0,0,0,241,248,274,237,37,13.5,213
2025-07-23,Breakfast,D,Rice,2.7,2.0,5.4,Wednesday,2,0,7,23,204,27.1,0.0,0,0,229,237,253,228,25,9.88,284
2025-07-23,Breakfast,D,Soup,0.39,1.5,0.58,Wednesday,2,0,7,23,204,27.1,0.0,0,0,273,282,308,259,49,15.91,248
2025-07-23,Breakfast,D,Vegetables,2.51,3.0,7.53,Wednesday,2,0,7,23,204,27.1,0.0,0,0,266,249,290,229,61,21.03,280
2025-07-23,Dinner,A,Rice,4.82,2.0,9.64,Wednesday,2,0,7,23,204,27.1,0.0,0,0,493,471,555,451,104,18.74,362
2025-07-23,Dinner,A,Soup,1.64,1.5,2.46,Wednesday,2,0,7,23,204,27.1,0.0,0,0,498,452,536,420,116,21.64,348
2025-07-23,Dinner,A,Vegetables,1.38,3.0,4.14,Wednesday,2,0,7,23,204,27.1,0.0,0,0,444,463,499,427,72,14.43,286
2025-07-23,Dinner,B,Meat,3.53,8.0,28.24,Wednesday,2,0,7,23,204,27.1,0.0,0,0,411,411,442,402,40,9.05,337
2025-07-23,Dinner,B,Rice,4.02,2.0,8.04,Wednesday,2,0,7,23,204,27.1,0.0,0,0,469,495,503,466,37,7.36,432
2025-07-23,Dinner,B,Soup,1.66,1.5,2.49,Wednesday,2,0,7,23,204,27.1,0.0,0,0,394,420,440,382,58,13.18,420
2025-07-23,Dinner,B,Vegetables,3.7,3.0,11.1,Wednesday,2,0,7,23,204,27.1,0.0,0,0,428,437,473,407,66,13.95,427
2025-07-23,Dinner,C,Meat,0.47,8.0,3.76,Wednesday,2,0,7,23,204,27.1,0.0,0,0,355,351,390,337,53,13.59,327
2025-07-23,Dinner,C,Soup,3.92,1.5,5.88,Wednesday,2,0,7,23,204,27.1,0.0,0,0,343,378,373,348,25,6.7,309
2025-07-23,Dinner,C,Vegetables,1.09,3.0,3.27,Wednesday,2,0,7,23,204,27.1,0.0,0,0,311,303,352,286,66,18.75,392
2025-07-23,Dinner,D,Rice,2.97,2.0,5.94,Wednesday,2,0,7,23,204,27.1,0.0,0,0,356,377,402,362,40,9.95,466
2025-07-23,Dinner,D,Soup,2.38,1.5,3.57,Wednesday,2,0,7,23,204,27.1,0.0,0,0,350,341,383,309,74,19.32,355
2025-07-23,Lunch,A,Meat,3.59,8.0,28.72,Wednesday,2,0,7,23,204,27.1,0.0,0,0,667,699,718,664,54,7.52,635
2025-07-23,Lunch,A,Rice,4.99,2.0,9.98,Wednesday,2,0,7,23,204,27.1,0.0,0,0,691,666,770,627,143,18.57,628
2025-07-23,Lunch,A,Soup,4.61,1.5,6.92,Wednesday,2,0,7,23,204,27.1,0.0,0,0,794,738,856,661,195,22.78,499
2025-07-23,Lunch,A,Vegetables,0.56,3.0,1.68,Wednesday,2,0,7,23,204,27.1,0.0,0,0,753,723,811,685,126,15.54,490
2025-07-23,Lunch,B,Meat,2.65,8.0,21.2,Wednesday,2,0,7,23,204,27.1,0.0,0,0,644,646,692,635,57,8.24,568
2025-07-23,Lunch,B,Rice,4.5,2.0,9.0,Wednesday,2,0,7,23,204,27.1,0.0,0,0,630,609,707,574,133,18.81,627
2025-07-23,Lunch,B,Soup,1.93,1.5,2.9,Wednesday,2,0,7,23,204,27.1,0.0,0,0,609,605,659,555,104,15.78,470
2025-07-23,Lunch,C,Rice,4.88,2.0,9.76,Wednesday,2,0,7,23,204,27.1,0.0,0,0,576,593,621,580,41,6.6,549
2025-07-23,Lunch,C,Soup,0.75,1.5,1.12,Wednesday,2,0,7,23,204,27.1,0.0,0,0,501,507,552,470,82,14.86,661
2025-07-23,Lunch,C,Vegetables,0.57,3.0,1.71,Wednesday,2,0,7,23,204,27.1,0.0,0,0,520,521,566,482,84,14.84,685
2025-07-23,Lunch,D,Meat,0.47,8.0,3.76,Wednesday,2,0,7,23,204,27.1,0.0,0,0,565,579,640,568,72,11.25,581
2025-07-23,Lunch,D,Rice,4.12,2.0,8.24,Wednesday,2,0,7,23,204,27.1,0.0,0,0,653,652,713,628,85,11.92,580
2025-07-23,Lunch,D,Vegetables,2.88,3.0,8.64,Wednesday,2,0,7,23,204,27.1,0.0,0,0,616,597,673,556,117,17.38,482
2025-07-24,Breakfast,A,Meat,2.73,8.0,21.84,Thursday,3,0,7,24,205,32.4,0.0,0,0,284,305,308,300,8,2.6,226
2025-07-24,Breakfast,A,Rice,2.09,2.0,4.18,Thursday,3,0,7,24,205,32.4,0.0,0,0,275,299,296,289,7,2.36,228
2025-07-24,Breakfast,A,Soup,1.12,1.5,1.68,Thursday,3,0,7,24,205,32.4,0.0,0,0,293,289,316,262,54,17.09,219
2025-07-24,Breakfast,A,Vegetables,4.83,3.0,14.49,Thursday,3,0,7,24,205,32.4,0.0,0,0,258,250,283,236,47,16.61,263
2025-07-24,Breakfast,B,Meat,1.4,8.0,11.2,Thursday,3,0,7,24,205,32.4,0.0,0,0,296,305,327,300,27,8.26,292
2025-07-24,Breakfast,B,Soup,0.87,1.5,1.3,Thursday,3,0,7,24,205,32.4,0.0,0,0,273,280,295,260,35,11.86,262
2025-07-24,Breakfast,B,Vegetables,0.69,3.0,2.07,Thursday,3,0,7,24,205,32.4,0.0,0,0,261,258,291,238,53,18.21,236
2025-07-24,Breakfast,C,Meat,4.15,8.0,33.2,Thursday,3,0,7,24,205,32.4,0.0,0,0,211,229,236,218,18,7.63,300
2025-07-24,Breakfast,C,Rice,3.46,2.0,6.92,Thursday,3,0,7,24,205,32.4,0.0,0,0,230,237,248,229,19,7.66,289
2025-07-24,Breakfast,C,Soup,0.3,1.5,0.45,Thursday,3,0,7,24,205,32.4,0.0,0,0,212,221,237,199,38,16.03,260
2025-07-24,Breakfast,D,Meat,1.71,8.0,13.68,Thursday,3,0,7,24,205,32.4,0.0,0,0,229,235,254,226,28,11.02,218
2025-07-24,Breakfast,D,Rice,4.2,2.0,8.4,Thursday,3,0,7,24,205,32.4,0.0,0,0,256,278,291,269,22,7.56,229
2025-07-24,Breakfast,D,Soup,1.32,1.5,1.98,Thursday,3,0,7,24,205,32.4,0.0,0,0,235,246,255,219,36,14.12,254
2025-07-24,Breakfast,D,Vegetables,0.55,3.0,1.65,Thursday,3,0,7,24,205,32.4,0.0,0,0,260,278,294,263,31,10.54,198
2025-07-24,Dinner,A,Meat,4.14,8.0,33.12,Thursday,3,0,7,24,205,32.4,0.0,0,0,491,496,532,480,52,9.77,402
2025-07-24,Dinner,A,Rice,0.74,2.0,1.48,Thursday,3,0,7,24,205,32.4,0.0,0,0,444,434,505,418,87,17.23,380
2025-07-24,Dinner,A,Soup,3.19,1.5,4.78,Thursday,3,0,7,24,205,32.4,0.0,0,0,442,403,474,368,106,22.36,408
2025-07-24,Dinner,A,Vegetables,1.92,3.0,5.76,Thursday,3,0,7,24,205,32.4,0.0,0,0,452,471,511,431,80,15.66,282
2025-07-24,Dinner,B,Rice,3.26,2.0,6.52,Thursday,3,0,7,24,205,32.4,0.0,0,0,417,395,448,378,70,15.62,353
2025-07-24,Dinner,B,Soup,4.08,1.5,6.12,Thursday,3,0,7,24,205,32.4,0.0,0,0,423,441,455,408,47,10.33,295
2025-07-24,Dinner,B,Vegetables,1.37,3.0,4.11,Thursday,3,0,7,24,205,32.4,0.0,0,0,444,470,489,435,54,11.04,407
2025-07-24,Dinner,C,Meat,0.42,8.0,3.36,Thursday,3,0,7,24,205,32.4,0.0,0,0,372,389,423,370,53,12.53,480
2025-07-24,Dinner,C,Rice,0.21,2.0,0.42,Thursday,3,0,7,24,205,32.4,0.0,0,0,357,366,396,353,43,10.86,418
2025-07-24,Dinner,C,Soup,2.27,1.5,3.4,Thursday,3,0,7,24,205,32.4,0.0,0,0,337,325,369,295,74,20.05,342
2025-07-24,Dinner,C,Vegetables,4.52,3.0,13.56,Thursday,3,0,7,24,205,32.4,0.0,0,0,321,307,356,282,74,20.79,340
2025-07-24,Dinner,D,Meat,4.53,8.0,36.24,Thursday,3,0,7,24,205,32.4,0.0,0,0,372,362,410,354,56,13.66,370
2025-07-24,Dinner,D,Rice,0.73,2.0,1.46,Thursday,3,0,7,24,205,32.4,0.0,0,0,368,394,402,380,22,5.47,451
2025-07-24,Dinner,D,Soup,1.72,1.5,2.58,Thursday,3,0,7,24,205,32.4,0.0,0,0,366,384,397,342,55,13.85,382
2025-07-24,Dinner,D,Vegetables,4.16,3.0,12.48,Thursday,3,0,7,24,205,32.4,0.0,0,0,387,371,440,340,100,22.73,435
2025-07-24,Lunch,A,Meat,2.62,8.0,20.96,Thursday,3,0,7,24,205,32.4,0.0,0,0,770,770,852,748,104,12.21,554
2025-07-24,Lunch,A,Rice,1.84,2.0,3.68,Thursday,3,0,7,24,205,32.4,0.0,0,0,629,620,690,588,102,14.78,568
2025-07-24,Lunch,A,Soup,1.37,1.5,2.06,Thursday,3,0,7,24,205,32.4,0.0,0,0,717,741,802,688,114,14.21,549
2025-07-24,Lunch,A,Vegetables,3.42,3.0,10.26,Thursday,3,0,7,24,205,32.4,0.0,0,0,720,728,787,668,119,15.12,526
2025-07-24,Lunch,B,Rice,4.95,2.0,9.9,Thursday,3,0,7,24,205,32.4,0.0,0,0,661,582,749,568,181,24.17,574
2025-07-24,Lunch,B,Soup,2.32,1.5,3.48,Thursday,3,0,7,24,205,32.4,0.0,0,0,715,753,767,681,86,11.21,688
2025-07-24,Lunch,B,Vegetables,2.08,3.0,6.24,Thursday,3,0,7,24,205,32.4,0.0,0,0,686,707,738,658,80,10.84,556
2025-07-24,Lunch,C,Meat,1.32,8.0,10.56,Thursday,3,0,7,24,205,32.4,0.0,0,0,535,591,577,568,9,1.56,664
2025-07-24,Lunch,C,Soup,4.04,1.5,6.06,Thursday,3,0,7,24,205,32.4,0.0,0,0,531,497,587,455,132,22.49,681
2025-07-24,Lunch,C,Vegetables,2.36,3.0,7.08,Thursday,3,0,7,24,205,32.4,0.0,0,0,470,510,532,477,55,10.34,658
2025-07-24,Lunch,D,Meat,0.16,8.0,1.28,Thursday,3,0,7,24,205,32.4,0.0,0,0,611,580,654,554,100,15.29,568
2025-07-24,Lunch,D,Rice,0.78,2.0,1.56,Thursday,3,0,7,24,205,32.4,0.0,0,0,548,539,620,512,108,17.42,588
2025-07-24,Lunch,D,Soup,4.91,1.5,7.36,Thursday,3,0,7,24,205,32.4,0.0,0,0,555,607,602,549,53,8.8,555
2025-07-24,Lunch,D,Vegetables,4.17,3.0,12.51,Thursday,3,0,7,24,205,32.4,0.0,0,0,597,569,672,526,146,21.73,477
2025-07-25,Breakfast,A,Meat,2.36,8.0,18.88,Friday,4,0,7,25,206,30.5,1.5,0,1,429,384,473,378,95,20.08,312
2025-07-25,Breakfast,A,Rice,0.31,2.0,0.62,Friday,4,0,7,25,206,30.5,1.5,0,1,385,378,429,367,62,14.45,322
2025-07-25,Breakfast,A,Soup,2.91,1.5,4.36,Friday,4,0,7,25,206,30.5,1.5,0,1,423,405,458,373,85,18.56,288
2025-07-25,Breakfast,A,Vegetables,0.92,3.0,2.76,Friday,4,0,7,25,206,30.5,1.5,0,1,385,385,430,363,67,15.58,238
2025-07-25,Breakfast,B,Meat,2.04,8.0,16.32,Friday,4,0,7,25,206,30.5,1.5,0,1,379,327,408,312,96,23.53,291
2025-07-25,Breakfast,B,Rice,4.13,2.0,8.26,Friday,4,0,7,25,206,30.5,1.5,0,1,351,368,386,352,34,8.81,359
2025-07-25,Breakfast,B,Soup,3.45,1.5,5.18,Friday,4,0,7,25,206,30.5,1.5,0,1,407,405,445,373,72,16.18,267
2025-07-25,Breakfast,B,Vegetables,0.24,3.0,0.72,Friday,4,0,7,25,206,30.5,1.5,0,1,349,356,395,325,70,17.72,363
2025-07-25,Breakfast,C,Meat,1.15,8.0,9.2,Friday,4,0,7,25,206,30.5,1.5,0,1,292,302,314,291,23,7.32,300
2025-07-25,Breakfast,C,Rice,0.95,2.0,1.9,Friday,4,0,7,25,206,30.5,1.5,0,1,306,330,348,322,26,7.47,269
2025-07-25,Breakfast,C,Soup,1.47,1.5,2.2,Friday,4,0,7,25,206,30.5,1.5,0,1,317,314,349,288,61,17.48,373
2025-07-25,Breakfast,C,Vegetables,1.02,3.0,3.06,Friday,4,0,7,25,206,30.5,1.5,0,1,284,277,316,259,57,18.04,313
2025-07-25,Breakfast,D,Meat,0.27,8.0,2.16,Friday,4,0,7,25,206,30.5,1.5,0,1,324,312,368,308,60,16.3,378
2025-07-25,Breakfast,D,Rice,4.43,2.0,8.86,Friday,4,0,7,25,206,30.5,1.5,0,1,372,376,401,359,42,10.47,367
2025-07-25,Breakfast,D,Soup,1.3,1.5,1.95,Friday,4,0,7,25,206,30.5,1.5,0,1,319,296,355,267,88,24.79,199
2025-07-25,Breakfast,D,Vegetables,3.13,3.0,9.39,Friday,4,0,7,25,206,30.5,1.5,0,1,341,335,385,313,72,18.7,325
2025-07-25,Dinner,A,Meat,4.57,8.0,36.56,Friday,4,0,7,25,206,30.5,1.5,0,1,578,583,625,570,55,8.8,529
2025-07-25,Dinner,A,Rice,2.47,2.0,4.94,Friday,4,0,7,25,206,30.5,1.5,0,1,570,552,620,535,85,13.71,551
2025-07-25,Dinner,A,Soup,2.0,1.5,3.0,Friday,4,0,7,25,206,30.5,1.5,0,1,580,607,623,546,77,12.36,563
2025-07-25,Dinner,B,Meat,1.66,8.0,13.28,Friday,4,0,7,25,206,30.5,1.5,0,1,567,611,625,594,31,4.96,354
2025-07-25,Dinner,B,Rice,0.98,2.0,1.96,Friday,4,0,7,25,206,30.5,1.5,0,1,612,566,675,551,124,18.37,378
2025-07-25,Dinner,B,Soup,4.49,1.5,6.74,Friday,4,0,7,25,206,30.5,1.5,0,1,618,608,694,563,131,18.88,385
2025-07-25,Dinner,B,Vegetables,1.17,3.0,3.51,Friday,4,0,7,25,206,30.5,1.5,0,1,685,659,771,610,161,20.88,523
2025-07-25,Dinner,C,Meat,0.39,8.0,3.12,Friday,4,0,7,25,206,30.5,1.5,0,1,511,545,565,529,36,6.37,594
2025-07-25,Dinner,C,Rice,3.91,2.0,7.82,Friday,4,0,7,25,206,30.5,1.5,0,1,463,458,526,441,85,16.16,535
2025-07-25,Dinner,C,Soup,2.69,1.5,4.04,Friday,4,0,7,25,206,30.5,1.5,0,1,435,419,469,385,84,17.91,368
2025-07-25,Dinner,C,Vegetables,4.96,3.0,14.88,Friday,4,0,7,25,206,30.5,1.5,0,1,458,441,498,404,94,18.88,431
2025-07-25,Dinner,D,Meat,5.0,8.0,40.0,Friday,4,0,7,25,206,30.5,1.5,0,1,555,551,605,529,76,12.56,529
2025-07-25,Dinner,D,Rice,3.86,2.0,7.72,Friday,4,0,7,25,206,30.5,1.5,0,1,511,512,574,490,84,14.63,441
2025-07-25,Dinner,D,Soup,0.59,1.5,0.88,Friday,4,0,7,25,206,30.5,1.5,0,1,566,596,637,537,100,15.7,546
2025-07-25,Dinner,D,Vegetables,4.87,3.0,14.61,Friday,4,0,7,25,206,30.5,1.5,0,1,555,555,622,523,99,15.92,404
2025-07-25,Lunch,A,Meat,2.12,8.0,16.96,Friday,4,0,7,25,206,30.5,1.5,0,1,972,1029,1060,987,73,6.89,748
2025-07-25,Lunch,A,Rice,1.55,2.0,3.1,Friday,4,0,7,25,206,30.5,1.5,0,1,850,812,947,768,179,18.9,833
2025-07-25,Lunch,A,Soup,0.4,1.5,0.6,Friday,4,0,7,25,206,30.5,1.5,0,1,938,956,1048,871,177,16.89,455
2025-07-25,Lunch,A,Vegetables,2.8,3.0,8.4,Friday,4,0,7,25,206,30.5,1.5,0,1,1011,1094,1131,1001,130,11.49,793
2025-07-25,Lunch,B,Meat,0.77,8.0,6.16,Friday,4,0,7,25,206,30.5,1.5,0,1,855,923,947,880,67,7.07,715
2025-07-25,Lunch,B,Rice,1.47,2.0,2.94,Friday,4,0,7,25,206,30.5,1.5,0,1,837,796,918,761,157,17.1,660
2025-07-25,Lunch,B,Vegetables,1.08,3.0,3.24,Friday,4,0,7,25,206,30.5,1.5,0,1,906,835,1016,793,223,21.95,668
2025-07-25,Lunch,C,Meat,3.19,8.0,25.52,Friday,4,0,7,25,206,30.5,1.5,0,1,717,751,775,715,60,7.74,987
2025-07-25,Lunch,C,Rice,2.68,2.0,5.36,Friday,4,0,7,25,206,30.5,1.5,0,1,683,697,768,660,108,14.06,512
2025-07-25,Lunch,C,Vegetables,4.03,3.0,12.09,Friday,4,0,7,25,206,30.5,1.5,0,1,648,712,726,653,73,10.06,1001
2025-07-25,Lunch,D,Meat,3.93,8.0,31.44,Friday,4,0,7,25,206,30.5,1.5,0,1,843,801,944,788,156,16.53,880
2025-07-25,Lunch,D,Rice,4.95,2.0,9.9,Friday,4,0,7,25,206,30.5,1.5,0,1,802,863,896,833,63,7.03,761
2025-07-25,Lunch,D,Soup,2.77,1.5,4.16,Friday,4,0,7,25,206,30.5,1.5,0,1,777,844,881,782,99,11.24,871
2025-07-25,Lunch,D,Vegetables,1.86,3.0,5.58,Friday,4,0,7,25,206,30.5,1.5,0,1,794,787,864,728,136,15.74,653
2025-07-26,Breakfast,A,Meat,1.41,8.0,11.28,Saturday,5,1,7,26,207,31.8,11.1,0,0,172,159,188,155,33,17.55,308
2025-07-26,Breakfast,A,Soup,4.59,1.5,6.88,Saturday,5,1,7,26,207,31.8,11.1,0,0,167,161,187,145,42,22.46,105
2025-07-26,Breakfast,A,Vegetables,4.1,3.0,12.3,Saturday,5,1,7,26,207,31.8,11.1,0,0,164,146,187,133,54,28.88,110
2025-07-26,Breakfast,B,Meat,4.98,8.0,39.84,Saturday,5,1,7,26,207,31.8,11.1,0,0,138,141,151,139,12,7.95,134
2025-07-26,Breakfast,B,Rice,0.37,2.0,0.74,Saturday,5,1,7,26,207,31.8,11.1,0,0,155,152,166,144,22,13.25,112
2025-07-26,Breakfast,B,Soup,4.25,1.5,6.38,Saturday,5,1,7,26,207,31.8,11.1,0,0,157,145,176,134,42,23.86,124
2025-07-26,Breakfast,B,Vegetables,1.18,3.0,3.54,Saturday,5,1,7,26,207,31.8,11.1,0,0,153,155,164,144,20,12.2,259
2025-07-26,Breakfast,C,Rice,4.01,2.0,8.02,Saturday,5,1,7,26,207,31.8,11.1,0,0,117,117,129,112,17,13.18,127
2025-07-26,Breakfast,C,Soup,4.24,1.5,6.36,Saturday,5,1,7,26,207,31.8,11.1,0,0,115,117,125,105,20,16.0,134
2025-07-26,Breakfast,C,Vegetables,4.21,3.0,12.63,Saturday,5,1,7,26,207,31.8,11.1,0,0,122,119,133,110,23,17.29,144
2025-07-26,Breakfast,D,Meat,3.0,8.0,24.0,Saturday,5,1,7,26,207,31.8,11.1,0,0,145,139,164,134,30,18.29,155
2025-07-26,Breakfast,D,Rice,0.96,2.0,1.92,Saturday,5,1,7,26,207,31.8,11.1,0,0,127,133,143,127,16,11.19,352
2025-07-26,Breakfast,D,Soup,3.52,1.5,5.28,Saturday,5,1,7,26,207,31.8,11.1,0,0,135,137,153,124,29,18.95,373
2025-07-26,Breakfast,D,Vegetables,4.05,3.0,12.15,Saturday,5,1,7,26,207,31.8,11.1,0,0,131,117,142,108,34,23.94,133
2025-07-26,Dinner,A,Meat,4.6,8.0,36.8,Saturday,5,1,7,26,207,31.8,11.1,0,0,245,242,269,233,36,13.38,204
2025-07-26,Dinner,A,Rice,0.1,2.0,0.2,Saturday,5,1,7,26,207,31.8,11.1,0,0,280,264,301,255,46,15.28,211
2025-07-26,Dinner,A,Soup,0.74,1.5,1.11,Saturday,5,1,7,26,207,31.8,11.1,0,0,244,243,265,225,40,15.09,537
2025-07-26,Dinner,A,Vegetables,1.09,3.0,3.27,Saturday,5,1,7,26,207,31.8,11.1,0,0,279,302,314,282,32,10.19,173
2025-07-26,Dinner,B,Meat,4.6,8.0,36.8,Saturday,5,1,7,26,207,31.8,11.1,0,0,222,213,253,205,48,18.97,233
2025-07-26,Dinner,B,Rice,3.61,2.0,7.22,Saturday,5,1,7,26,207,31.8,11.1,0,0,228,261,250,249,1,0.4,490
2025-07-26,Dinner,C,Meat,2.97,8.0,23.76,Saturday,5,1,7,26,207,31.8,11.1,0,0,200,209,220,204,16,7.27,570
2025-07-26,Dinner,C,Soup,3.89,1.5,5.84,Saturday,5,1,7,26,207,31.8,11.1,0,0,189,174,212,160,52,24.53,225
2025-07-26,Dinner,C,Vegetables,4.59,3.0,13.77,Saturday,5,1,7,26,207,31.8,11.1,0,0,203,187,227,173,54,23.79,610
2025-07-26,Dinner,D,Rice,4.25,2.0,8.5,Saturday,5,1,7,26,207,31.8,11.1,0,0,219,223,235,211,24,10.21,249
2025-07-26,Dinner,D,Soup,1.93,1.5,2.9,Saturday,5,1,7,26,207,31.8,11.1,0,0,228,199,246,180,66,26.83,160
2025-07-26,Dinner,D,Vegetables,4.81,3.0,14.43,Saturday,5,1,7,26,207,31.8,11.1,0,0,176,180,196,170,26,13.27,282
2025-07-26,Lunch,A,Meat,0.24,8.0,1.92,Saturday,5,1,7,26,207,31.8,11.1,0,0,412,402,457,393,64,14.0,788
2025-07-26,Lunch,A,Rice,4.58,2.0,9.16,Saturday,5,1,7,26,207,31.8,11.1,0,0,390,391,418,368,50,11.96,768
2025-07-26,Lunch,A,Soup,4.74,1.5,7.11,Saturday,5,1,7,26,207,31.8,11.1,0,0,441,405,488,371,117,23.98,334
2025-07-26,Lunch,A,Vegetables,3.53,3.0,10.59,Saturday,5,1,7,26,207,31.8,11.1,0,0,391,390,436,366,70,16.06,728
2025-07-26,Lunch,B,Meat,2.86,8.0,22.88,Saturday,5,1,7,26,207,31.8,11.1,0,0,355,364,405,360,45,11.11,393
2025-07-26,Lunch,B,Rice,2.86,2.0,5.72,Saturday,5,1,7,26,207,31.8,11.1,0,0,375,356,412,340,72,17.48,286
2025-07-26,Lunch,B,Soup,4.94,1.5,7.41,Saturday,5,1,7,26,207,31.8,11.1,0,0,345,367,371,334,37,9.97,782
2025-07-26,Lunch,C,Meat,2.51,8.0,20.08,Saturday,5,1,7,26,207,31.8,11.1,0,0,257,257,289,249,40,13.84,326
2025-07-26,Lunch,C,Rice,4.42,2.0,8.84,Saturday,5,1,7,26,207,31.8,11.1,0,0,295,301,327,286,41,12.54,309
2025-07-26,Lunch,C,Soup,2.5,1.5,3.75,Saturday,5,1,7,26,207,31.8,11.1,0,0,310,326,344,296,48,13.95,371
2025-07-26,Lunch,C,Vegetables,1.61,3.0,4.83,Saturday,5,1,7,26,207,31.8,11.1,0,0,277,283,315,262,53,16.83,323
2025-07-26,Lunch,D,Meat,1.24,8.0,9.92,Saturday,5,1,7,26,207,31.8,11.1,0,0,334,333,359,326,33,9.19,360
2025-07-26,Lunch,D,Rice,0.54,2.0,1.08,Saturday,5,1,7,26,207,31.8,11.1,0,0,332,316,370,309,61,16.49,368
2025-07-26,Lunch,D,Vegetables,1.17,3.0,3.51,Saturday,5,1,7,26,207,31.8,11.1,0,0,338,341,385,323,62,16.1,366
2025-07-27,Breakfast,A,Meat,2.04,8.0,16.32,Sunday,6,1,7,27,208,31.6,0.0,0,0,160,160,181,158,23,12.71,146
2025-07-27,Breakfast,A,Rice,4.72,2.0,9.44,Sunday,6,1,7,27,208,31.6,0.0,0,0,170,158,191,152,39,20.42,111
2025-07-27,Breakfast,A,Soup,1.58,1.5,2.37,Sunday,6,1,7,27,208,31.6,0.0,0,0,159,168,174,153,21,12.07,144
2025-07-27,Breakfast,A,Vegetables,0.6,3.0,1.8,Sunday,6,1,7,27,208,31.6,0.0,0,0,153,151,168,141,27,16.07,108
2025-07-27,Breakfast,B,Meat,0.87,8.0,6.96,Sunday,6,1,7,27,208,31.6,0.0,0,0,149,149,163,147,16,9.82,158
2025-07-27,Breakfast,B,Rice,0.77,2.0,1.54,Sunday,6,1,7,27,208,31.6,0.0,0,0,160,155,179,146,33,18.44,152
2025-07-27,Breakfast,B,Soup,3.98,1.5,5.97,Sunday,6,1,7,27,208,31.6,0.0,0,0,153,161,167,144,23,13.77,109
2025-07-27,Breakfast,C,Meat,3.28,8.0,26.24,Sunday,6,1,7,27,208,31.6,0.0,0,0,125,129,136,126,10,7.35,147
2025-07-27,Breakfast,C,Rice,4.81,2.0,9.62,Sunday,6,1,7,27,208,31.6,0.0,0,0,121,116,134,111,23,17.16,144
2025-07-27,Breakfast,C,Soup,4.85,1.5,7.28,Sunday,6,1,7,27,208,31.6,0.0,0,0,136,136,147,121,26,17.69,145
2025-07-27,Breakfast,C,Vegetables,0.95,3.0,2.85,Sunday,6,1,7,27,208,31.6,0.0,0,0,108,107,121,98,23,19.01,141
2025-07-27,Breakfast,D,Meat,4.65,8.0,37.2,Sunday,6,1,7,27,208,31.6,0.0,0,0,139,150,158,146,12,7.59,139
2025-07-27,Breakfast,D,Rice,3.5,2.0,7.0,Sunday,6,1,7,27,208,31.6,0.0,0,0,129,135,144,129,15,10.42,146
2025-07-27,Breakfast,D,Soup,1.19,1.5,1.78,Sunday,6,1,7,27,208,31.6,0.0,0,0,135,122,148,109,39,26.35,121
2025-07-27,Breakfast,D,Vegetables,3.96,3.0,11.88,Sunday,6,1,7,27,208,31.6,0.0,0,0,130,128,142,119,23,16.2,98
2025-07-27,Dinner,A,Meat,4.69,8.0,37.52,Sunday,6,1,7,27,208,31.6,0.0,0,0,235,219,262,209,53,20.23,167
2025-07-27,Dinner,A,Rice,2.87,2.0,5.74,Sunday,6,1,7,27,208,31.6,0.0,0,0,256,228,284,220,64,22.54,262
2025-07-27,Dinner,A,Soup,3.75,1.5,5.62,Sunday,6,1,7,27,208,31.6,0.0,0,0,249,234,277,209,68,24.55,232
2025-07-27,Dinner,A,Vegetables,0.79,3.0,2.37,Sunday,6,1,7,27,208,31.6,0.0,0,0,258,268,288,253,35,12.15,169
2025-07-27,Dinner,B,Meat,4.91,8.0,39.28,Sunday,6,1,7,27,208,31.6,0.0,0,0,251,255,285,248,37,12.98,209
2025-07-27,Dinner,B,Rice,1.27,2.0,2.54,Sunday,6,1,7,27,208,31.6,0.0,0,0,267,270,295,262,33,11.19,191
2025-07-27,Dinner,B,Soup,4.44,1.5,6.66,Sunday,6,1,7,27,208,31.6,0.0,0,0,242,250,262,232,30,11.45,173
2025-07-27,Dinner,B,Vegetables,0.92,3.0,2.76,Sunday,6,1,7,27,208,31.6,0.0,0,0,231,232,259,214,45,17.37,170
2025-07-27,Dinner,C,Meat,3.57,8.0,28.56,Sunday,6,1,7,27,208,31.6,0.0,0,0,173,172,188,167,21,11.17,205
2025-07-27,Dinner,C,Rice,0.53,2.0,1.06,Sunday,6,1,7,27,208,31.6,0.0,0,0,176,162,196,157,39,19.9,255
2025-07-27,Dinner,C,Soup,4.44,1.5,6.66,Sunday,6,1,7,27,208,31.6,0.0,0,0,190,189,210,173,37,17.62,180
2025-07-27,Dinner,C,Vegetables,3.23,3.0,9.69,Sunday,6,1,7,27,208,31.6,0.0,0,0,199,181,220,169,51,23.18,214
2025-07-27,Dinner,D,Rice,2.29,2.0,4.58,Sunday,6,1,7,27,208,31.6,0.0,0,0,209,196,232,191,41,17.67,157
2025-07-27,Dinner,D,Vegetables,1.32,3.0,3.96,Sunday,6,1,7,27,208,31.6,0.0,0,0,216,220,238,205,33,13.87,253
2025-07-27,Lunch,A,Meat,0.96,8.0,7.68,Sunday,6,1,7,27,208,31.6,0.0,0,0,347,339,386,326,60,15.54,274
2025-07-27,Lunch,A,Rice,2.99,2.0,5.98,Sunday,6,1,7,27,208,31.6,0.0,0,0,398,403,434,389,45,10.37,317
2025-07-27,Lunch,A,Soup,3.47,1.5,5.2,Sunday,6,1,7,27,208,31.6,0.0,0,0,378,349,407,315,92,22.6,349
2025-07-27,Lunch,A,Vegetables,1.6,3.0,4.8,Sunday,6,1,7,27,208,31.6,0.0,0,0,404,394,440,359,81,18.41,262
2025-07-27,Lunch,B,Meat,3.67,8.0,29.36,Sunday,6,1,7,27,208,31.6,0.0,0,0,337,332,384,319,65,16.93,326
2025-07-27,Lunch,B,Rice,0.72,2.0,1.44,Sunday,6,1,7,27,208,31.6,0.0,0,0,396,409,432,398,34,7.87,340
2025-07-27,Lunch,B,Soup,4.75,1.5,7.12,Sunday,6,1,7,27,208,31.6,0.0,0,0,394,391,444,349,95,21.4,296
2025-07-27,Lunch,B,Vegetables,4.75,3.0,14.25,Sunday,6,1,7,27,208,31.6,0.0,0,0,332,351,372,326,46,12.37,281
2025-07-27,Lunch,C,Meat,4.97,8.0,39.76,Sunday,6,1,7,27,208,31.6,0.0,0,0,298,278,339,274,65,19.17,249
2025-07-27,Lunch,C,Rice,2.02,2.0,4.04,Sunday,6,1,7,27,208,31.6,0.0,0,0,311,318,340,311,29,8.53,398
2025-07-27,Lunch,C,Vegetables,4.83,3.0,14.49,Sunday,6,1,7,27,208,31.6,0.0,0,0,276,265,300,247,53,17.67,326
2025-07-27,Lunch,D,Rice,3.05,2.0,6.1,Sunday,6,1,7,27,208,31.6,0.0,0,0,341,335,386,317,69,17.88,311
2025-07-27,Lunch,D,Soup,1.18,1.5,1.77,Sunday,6,1,7,27,208,31.6,0.0,0,0,336,319,363,288,75,20.66,315
2025-07-27,Lunch,D,Vegetables,4.84,3.0,14.52,Sunday,6,1,7,27,208,31.6,0.0,0,0,328,307,356,281,75,21.07,359
2025-07-28,Breakfast,A,Meat,0.63,8.0,5.04,Monday,0,0,7,28,209,28.3,0.0,0,0,279,289,316,283,33,10.44,126
2025-07-28,Breakfast,A,Rice,1.36,2.0,2.72,Monday,0,0,7,28,209,28.3,0.0,0,0,259,239,280,232,48,17.14,228
2025-07-28,Breakfast,A,Soup,1.99,1.5,2.98,Monday,0,0,7,28,209,28.3,0.0,0,0,307,297,342,272,70,20.47,153
2025-07-28,Breakfast,A,Vegetables,0.11,3.0,0.33,Monday,0,0,7,28,209,28.3,0.0,0,0,293,307,325,281,44,13.54,176
2025-07-28,Breakfast,B,Meat,4.85,8.0,38.8,Monday,0,0,7,28,209,28.3,0.0,0,0,282,308,317,305,12,3.79,283
2025-07-28,Breakfast,B,Rice,3.69,2.0,7.38,Monday,0,0,7,28,209,28.3,0.0,0,0,285,238,309,228,81,26.21,129
2025-07-28,Breakfast,B,Soup,2.52,1.5,3.78,Monday,0,0,7,28,209,28.3,0.0,0,0,284,268,312,245,67,21.47,247
2025-07-28,Breakfast,B,Vegetables,4.43,3.0,13.29,Monday,0,0,7,28,209,28.3,0.0,0,0,262,263,298,240,58,19.46,281
2025-07-28,Breakfast,C,Meat,2.78,8.0,22.24,Monday,0,0,7,28,209,28.3,0.0,0,0,225,247,242,239,3,1.24,241
2025-07-28,Breakfast,C,Vegetables,0.6,3.0,1.8,Monday,0,0,7,28,209,28.3,0.0,0,0,215,187,243,176,67,27.57,119
2025-07-28,Breakfast,D,Meat,3.29,8.0,26.32,Monday,0,0,7,28,209,28.3,0.0,0,0,238,246,258,241,17,6.59,305
2025-07-28,Breakfast,D,Rice,4.33,2.0,8.66,Monday,0,0,7,28,209,28.3,0.0,0,0,264,260,296,253,43,14.53,232
2025-07-28,Breakfast,D,Soup,0.9,1.5,1.35,Monday,0,0,7,28,209,28.3,0.0,0,0,263,266,293,247,46,15.7,272
2025-07-28,Breakfast,D,Vegetables,3.47,3.0,10.41,Monday,0,0,7,28,209,28.3,0.0,0,0,246,250,268,230,38,14.18,240
2025-07-28,Dinner,A,Meat,0.91,8.0,7.28,Monday,0,0,7,28,209,28.3,0.0,0,0,437,439,488,417,71,14.55,248
2025-07-28,Dinner,A,Rice,4.72,2.0,9.44,Monday,0,0,7,28,209,28.3,0.0,0,0,462,476,499,465,34,6.81,359
2025-07-28,Dinner,A,Soup,0.87,1.5,1.3,Monday,0,0,7,28,209,28.3,0.0,0,0,388,396,428,359,69,16.12,209
2025-07-28,Dinner,A,Vegetables,4.46,3.0,13.38,Monday,0,0,7,28,209,28.3,0.0,0,0,412,383,460,355,105,22.83,205
2025-07-28,Dinner,B,Meat,1.11,8.0,8.88,Monday,0,0,7,28,209,28.3,0.0,0,0,456,460,490,448,42,8.57,280
2025-07-28,Dinner,B,Rice,0.6,2.0,1.2,Monday,0,0,7,28,209,28.3,0.0,0,0,429,413,487,402,85,17.45,465
2025-07-28,Dinner,B,Soup,3.52,1.5,5.28,Monday,0,0,7,28,209,28.3,0.0,0,0,427,393,475,363,112,23.58,365
2025-07-28,Dinner,C,Meat,3.68,8.0,29.44,Monday,0,0,7,28,209,28.3,0.0,0,0,328,291,354,280,74,20.9,417
2025-07-28,Dinner,C,Rice,3.64,2.0,7.28,Monday,0,0,7,28,209,28.3,0.0,0,0,362,370,408,359,49,12.01,220
2025-07-28,Dinner,C,Soup,1.48,1.5,2.22,Monday,0,0,7,28,209,28.3,0.0,0,0,383,368,423,328,95,22.46,359
2025-07-28,Dinner,C,Vegetables,1.4,3.0,4.2,Monday,0,0,7,28,209,28.3,0.0,0,0,336,352,362,333,29,8.01,427
2025-07-28,Dinner,D,Soup,4.22,1.5,6.33,Monday,0,0,7,28,209,28.3,0.0,0,0,408,401,439,365,74,16.86,328
2025-07-28,Dinner,D,Vegetables,2.9,3.0,8.7,Monday,0,0,7,28,209,28.3,0.0,0,0,415,460,470,427,43,9.15,355
2025-07-28,Lunch,A,Meat,4.24,8.0,33.92,Monday,0,0,7,28,209,28.3,0.0,0,0,701,616,768,607,161,20.96,319
2025-07-28,Lunch,A,Rice,0.46,2.0,0.92,Monday,0,0,7,28,209,28.3,0.0,0,0,743,756,796,718,78,9.8,567
2025-07-28,Lunch,A,Soup,1.66,1.5,2.49,Monday,0,0,7,28,209,28.3,0.0,0,0,758,708,828,646,182,21.98,520
2025-07-28,Lunch,A,Vegetables,1.55,3.0,4.65,Monday,0,0,7,28,209,28.3,0.0,0,0,763,704,841,668,173,20.57,247
2025-07-28,Lunch,B,Rice,4.76,2.0,9.52,Monday,0,0,7,28,209,28.3,0.0,0,0,690,738,778,719,59,7.58,389
2025-07-28,Lunch,B,Soup,1.94,1.5,2.91,Monday,0,0,7,28,209,28.3,0.0,0,0,586,548,658,498,160,24.32,288
2025-07-28,Lunch,C,Meat,2.78,8.0,22.24,Monday,0,0,7,28,209,28.3,0.0,0,0,552,499,605,478,127,20.99,607
2025-07-28,Lunch,C,Rice,3.69,2.0,7.38,Monday,0,0,7,28,209,28.3,0.0,0,0,525,525,569,500,69,12.13,718
2025-07-28,Lunch,C,Soup,0.56,1.5,0.84,Monday,0,0,7,28,209,28.3,0.0,0,0,574,578,654,520,134,20.49,498
2025-07-28,Lunch,C,Vegetables,4.5,3.0,13.5,Monday,0,0,7,28,209,28.3,0.0,0,0,561,546,616,499,117,18.99,469
2025-07-28,Lunch,D,Meat,3.11,8.0,24.88,Monday,0,0,7,28,209,28.3,0.0,0,0,654,635,706,607,99,14.02,607
2025-07-28,Lunch,D,Rice,3.01,2.0,6.02,Monday,0,0,7,28,209,28.3,0.0,0,0,622,597,693,567,126,18.18,719
2025-07-28,Lunch,D,Soup,0.25,1.5,0.38,Monday,0,0,7,28,209,28.3,0.0,0,0,564,578,607,524,83,13.67,646
2025-07-28,Lunch,D,Vegetables,2.47,3.0,7.41,Monday,0,0,7,28,209,28.3,0.0,0,0,572,507,648,469,179,27.62,668
2025-07-29,Breakfast,A,Meat,1.87,8.0,14.96,Tuesday,1,0,7,29,210,28.5,0.0,0,0,327,327,369,315,54,14.63,290
2025-07-29,Breakfast,A,Rice,0.85,2.0,1.7,Tuesday,1,0,7,29,210,28.5,0.0,0,0,321,336,352,328,24,6.82,216
2025-07-29,Breakfast,A,Soup,1.54,1.5,2.31,Tuesday,1,0,7,29,210,28.5,0.0,0,0,312,304,345,277,68,19.71,245
2025-07-29,Breakfast,A,Vegetables,2.2,3.0,6.6,Tuesday,1,0,7,29,210,28.5,0.0,0,0,288,285,320,260,60,18.75,233
2025-07-29,Breakfast,B,Meat,3.04,8.0,24.32,Tuesday,1,0,7,29,210,28.5,0.0,0,0,290,297,317,290,27,8.52,201
2025-07-29,Breakfast,B,Rice,3.34,2.0,6.68,Tuesday,1,0,7,29,210,28.5,0.0,0,0,269,255,301,244,57,18.94,221
2025-07-29,Breakfast,B,Soup,0.23,1.5,0.34,Tuesday,1,0,7,29,210,28.5,0.0,0,0,284,309,317,283,34,10.73,209
2025-07-29,Breakfast,B,Vegetables,1.08,3.0,3.24,Tuesday,1,0,7,29,210,28.5,0.0,0,0,239,256,259,233,26,10.04,260
2025-07-29,Breakfast,C,Meat,1.53,8.0,12.24,Tuesday,1,0,7,29,210,28.5,0.0,0,0,206,209,232,201,31,13.36,239
2025-07-29,Breakfast,C,Rice,0.94,2.0,1.88,Tuesday,1,0,7,29,210,28.5,0.0,0,0,236,229,264,216,48,18.18,244
2025-07-29,Breakfast,C,Soup,4.23,1.5,6.35,Tuesday,1,0,7,29,210,28.5,0.0,0,0,229,226,247,209,38,15.38,246
2025-07-29,Breakfast,C,Vegetables,0.5,3.0,1.5,Tuesday,1,0,7,29,210,28.5,0.0,0,0,231,251,258,231,27,10.47,230
2025-07-29,Breakfast,D,Rice,1.61,2.0,3.22,Tuesday,1,0,7,29,210,28.5,0.0,0,0,228,230,253,221,32,12.65,253
2025-07-29,Breakfast,D,Soup,3.34,1.5,5.01,Tuesday,1,0,7,29,210,28.5,0.0,0,0,271,267,309,246,63,20.39,277
2025-07-29,Breakfast,D,Vegetables,2.5,3.0,7.5,Tuesday,1,0,7,29,210,28.5,0.0,0,0,281,278,314,260,54,17.2,231
2025-07-29,Dinner,A,Meat,2.99,8.0,23.92,Tuesday,1,0,7,29,210,28.5,0.0,0,0,449,448,493,438,55,11.16,448
2025-07-29,Dinner,A,Soup,4.22,1.5,6.33,Tuesday,1,0,7,29,210,28.5,0.0,0,0,501,487,558,437,121,21.68,357
2025-07-29,Dinner,A,Vegetables,2.81,3.0,8.43,Tuesday,1,0,7,29,210,28.5,0.0,0,0,448,464,511,432,79,15.46,357
2025-07-29,Dinner,B,Meat,2.15,8.0,17.2,Tuesday,1,0,7,29,210,28.5,0.0,0,0,437,419,476,402,74,15.55,436
2025-07-29,Dinner,B,Rice,4.11,2.0,8.22,Tuesday,1,0,7,29,210,28.5,0.0,0,0,408,422,444,397,47,10.59,390
2025-07-29,Dinner,B,Vegetables,2.72,3.0,8.16,Tuesday,1,0,7,29,210,28.5,0.0,0,0,445,426,478,393,85,17.78,333
2025-07-29,Dinner,C,Meat,4.42,8.0,35.36,Tuesday,1,0,7,29,210,28.5,0.0,0,0,322,329,359,317,42,11.7,438
2025-07-29,Dinner,C,Rice,2.43,2.0,4.86,Tuesday,1,0,7,29,210,28.5,0.0,0,0,363,365,414,350,64,15.46,397
2025-07-29,Dinner,C,Soup,0.49,1.5,0.74,Tuesday,1,0,7,29,210,28.5,0.0,0,0,352,367,400,340,60,15.0,363
2025-07-29,Dinner,C,Vegetables,2.43,3.0,7.29,Tuesday,1,0,7,29,210,28.5,0.0,0,0,343,345,376,322,54,14.36,432
2025-07-29,Dinner,D,Meat,3.6,8.0,28.8,Tuesday,1,0,7,29,210,28.5,0.0,0,0,405,445,448,436,12,2.68,317
2025-07-29,Dinner,D,Rice,4.52,2.0,9.04,Tuesday,1,0,7,29,210,28.5,0.0,0,0,392,414,423,390,33,7.8,402
2025-07-29,Dinner,D,Soup,4.51,1.5,6.76,Tuesday,1,0,7,29,210,28.5,0.0,0,0,392,392,433,357,76,17.55,340
2025-07-29,Dinner,D,Vegetables,2.56,3.0,7.68,Tuesday,1,0,7,29,210,28.5,0.0,0,0,390,379,435,357,78,17.93,393
2025-07-29,Lunch,A,Meat,2.77,8.0,22.16,Tuesday,1,0,7,29,210,28.5,0.0,0,0,770,709,848,696,152,17.92,531
2025-07-29,Lunch,A,Rice,0.55,2.0,1.1,Tuesday,1,0,7,29,210,28.5,0.0,0,0,762,670,832,642,190,22.84,510
2025-07-29,Lunch,A,Soup,4.44,1.5,6.66,Tuesday,1,0,7,29,210,28.5,0.0,0,0,728,682,824,620,204,24.76,496
2025-07-29,Lunch,A,Vegetables,1.01,3.0,3.03,Tuesday,1,0,7,29,210,28.5,0.0,0,0,705,662,800,622,178,22.25,517
2025-07-29,Lunch,B,Meat,2.28,8.0,18.24,Tuesday,1,0,7,29,210,28.5,0.0,0,0,615,614,680,584,96,14.12,696
2025-07-29,Lunch,B,Vegetables,1.39,3.0,4.17,Tuesday,1,0,7,29,210,28.5,0.0,0,0,700,701,775,662,113,14.58,622
2025-07-29,Lunch,C,Meat,1.42,8.0,11.36,Tuesday,1,0,7,29,210,28.5,0.0,0,0,579,538,627,531,96,15.31,507
2025-07-29,Lunch,C,Rice,1.21,2.0,2.42,Tuesday,1,0,7,29,210,28.5,0.0,0,0,542,532,585,510,75,12.82,500
2025-07-29,Lunch,C,Vegetables,0.4,3.0,1.2,Tuesday,1,0,7,29,210,28.5,0.0,0,0,551,551,622,517,105,16.88,517
2025-07-29,Lunch,D,Meat,0.52,8.0,4.16,Tuesday,1,0,7,29,210,28.5,0.0,0,0,578,523,622,507,115,18.49,478
2025-07-29,Lunch,D,Rice,3.37,2.0,6.74,Tuesday,1,0,7,29,210,28.5,0.0,0,0,580,579,628,556,72,11.46,642
2025-07-29,Lunch,D,Soup,2.75,1.5,4.12,Tuesday,1,0,7,29,210,28.5,0.0,0,0,555,553,620,496,124,20.0,524
2025-07-29,Lunch,D,Vegetables,1.78,3.0,5.34,Tuesday,1,0,7,29,210,28.5,0.0,0,0,624,562,697,517,180,25.82,499
2025-07-30,Breakfast,A,Meat,3.42,8.0,27.36,Wednesday,2,0,7,30,211,30.6,0.0,0,0,293,297,328,285,43,13.11,266
2025-07-30,Breakfast,A,Rice,4.02,2.0,8.04,Wednesday,2,0,7,30,211,30.6,0.0,0,0,306,295,340,280,60,17.65,281
2025-07-30,Breakfast,A,Soup,0.69,1.5,1.03,Wednesday,2,0,7,30,211,30.6,0.0,0,0,279,282,315,260,55,17.46,226
2025-07-30,Breakfast,A,Vegetables,3.14,3.0,9.42,Wednesday,2,0,7,30,211,30.6,0.0,0,0,293,300,329,275,54,16.41,252
2025-07-30,Breakfast,B,Meat,0.95,8.0,7.6,Wednesday,2,0,7,30,211,30.6,0.0,0,0,275,273,303,266,37,12.21,277
2025-07-30,Breakfast,B,Rice,3.81,2.0,7.62,Wednesday,2,0,7,30,211,30.6,0.0,0,0,271,268,292,261,31,10.62,220
2025-07-30,Breakfast,B,Soup,4.86,1.5,7.29,Wednesday,2,0,7,30,211,30.6,0.0,0,0,248,251,276,226,50,18.12,283
2025-07-30,Breakfast,B,Vegetables,4.92,3.0,14.76,Wednesday,2,0,7,30,211,30.6,0.0,0,0,279,265,304,252,52,17.11,226
2025-07-30,Breakfast,C,Meat,0.72,8.0,5.76,Wednesday,2,0,7,30,211,30.6,0.0,0,0,225,246,245,234,11,4.49,285
2025-07-30,Breakfast,C,Rice,4.06,2.0,8.12,Wednesday,2,0,7,30,211,30.6,0.0,0,0,210,232,229,220,9,3.93,328
2025-07-30,Breakfast,C,Vegetables,2.17,3.0,6.51,Wednesday,2,0,7,30,211,30.6,0.0,0,0,216,234,238,221,17,7.14,275
2025-07-30,Breakfast,D,Meat,4.99,8.0,39.92,Wednesday,2,0,7,30,211,30.6,0.0,0,0,274,290,313,277,36,11.5,315
2025-07-30,Breakfast,D,Rice,2.23,2.0,4.46,Wednesday,2,0,7,30,211,30.6,0.0,0,0,279,291,309,281,28,9.06,261
2025-07-30,Breakfast,D,Soup,4.19,1.5,6.28,Wednesday,2,0,7,30,211,30.6,0.0,0,0,230,240,249,221,28,11.24,260
2025-07-30,Breakfast,D,Vegetables,3.17,3.0,9.51,Wednesday,2,0,7,30,211,30.6,0.0,0,0,238,239,265,226,39,14.72,260
2025-07-30,Dinner,A,Rice,2.98,2.0,5.96,Wednesday,2,0,7,30,211,30.6,0.0,0,0,496,496,539,467,72,13.36,331
2025-07-30,Dinner,A,Soup,4.63,1.5,6.94,Wednesday,2,0,7,30,211,30.6,0.0,0,0,475,441,539,404,135,25.05,362
2025-07-30,Dinner,A,Vegetables,4.7,3.0,14.1,Wednesday,2,0,7,30,211,30.6,0.0,0,0,431,418,462,393,69,14.94,398
2025-07-30,Dinner,B,Meat,0.59,8.0,4.72,Wednesday,2,0,7,30,211,30.6,0.0,0,0,465,517,505,504,1,0.2,402
2025-07-30,Dinner,B,Rice,2.86,2.0,5.72,Wednesday,2,0,7,30,211,30.6,0.0,0,0,470,444,528,426,102,19.32,384
2025-07-30,Dinner,B,Vegetables,1.5,3.0,4.5,Wednesday,2,0,7,30,211,30.6,0.0,0,0,437,449,490,423,67,13.67,322
2025-07-30,Dinner,C,Rice,1.78,2.0,3.56,Wednesday,2,0,7,30,211,30.6,0.0,0,0,368,346,403,331,72,17.87,350
2025-07-30,Dinner,C,Soup,2.48,1.5,3.72,Wednesday,2,0,7,30,211,30.6,0.0,0,0,392,403,440,370,70,15.91,404
2025-07-30,Dinner,C,Vegetables,1.98,3.0,5.94,Wednesday,2,0,7,30,211,30.6,0.0,0,0,374,375,408,343,65,15.93,423
2025-07-30,Dinner,D,Meat,0.28,8.0,2.24,Wednesday,2,0,7,30,211,30.6,0.0,0,0,340,359,374,348,26,6.95,504
2025-07-30,Dinner,D,Rice,3.08,2.0,6.16,Wednesday,2,0,7,30,211,30.6,0.0,0,0,394,398,436,384,52,11.93,467
2025-07-30,Dinner,D,Soup,0.8,1.5,1.2,Wednesday,2,0,7,30,211,30.6,0.0,0,0,403,404,433,362,71,16.4,437
2025-07-30,Dinner,D,Vegetables,1.45,3.0,4.35,Wednesday,2,0,7,30,211,30.6,0.0,0,0,407,422,448,398,50,11.16,343
2025-07-30,Lunch,A,Meat,4.56,8.0,36.48,Wednesday,2,0,7,30,211,30.6,0.0,0,0,732,793,819,772,47,5.74,557
2025-07-30,Lunch,A,Rice,1.36,2.0,2.72,Wednesday,2,0,7,30,211,30.6,0.0,0,0,698,662,773,632,141,18.24,605
2025-07-30,Lunch,A,Soup,0.43,1.5,0.64,Wednesday,2,0,7,30,211,30.6,0.0,0,0,640,666,730,600,130,17.81,550
2025-07-30,Lunch,A,Vegetables,4.58,3.0,13.74,Wednesday,2,0,7,30,211,30.6,0.0,0,0,677,673,738,636,102,13.82,662
2025-07-30,Lunch,B,Meat,2.05,8.0,16.4,Wednesday,2,0,7,30,211,30.6,0.0,0,0,715,709,768,694,74,9.64,772
2025-07-30,Lunch,B,Rice,2.0,2.0,4.0,Wednesday,2,0,7,30,211,30.6,0.0,0,0,646,633,736,605,131,17.8,473
2025-07-30,Lunch,B,Soup,1.45,1.5,2.17,Wednesday,2,0,7,30,211,30.6,0.0,0,0,654,624,732,561,171,23.36,457
2025-07-30,Lunch,B,Vegetables,1.7,3.0,5.1,Wednesday,2,0,7,30,211,30.6,0.0,0,0,627,583,714,534,180,25.21,589
2025-07-30,Lunch,C,Meat,4.38,8.0,35.04,Wednesday,2,0,7,30,211,30.6,0.0,0,0,544,563,602,557,45,7.48,501
2025-07-30,Lunch,C,Rice,2.34,2.0,4.68,Wednesday,2,0,7,30,211,30.6,0.0,0,0,508,484,553,473,80,14.47,491
2025-07-30,Lunch,C,Soup,3.15,1.5,4.72,Wednesday,2,0,7,30,211,30.6,0.0,0,0,510,498,549,457,92,16.76,620
2025-07-30,Lunch,C,Vegetables,3.95,3.0,11.85,Wednesday,2,0,7,30,211,30.6,0.0,0,0,556,536,600,493,107,17.83,636
2025-07-30,Lunch,D,Meat,2.16,8.0,17.28,Wednesday,2,0,7,30,211,30.6,0.0,0,0,557,523,624,501,123,19.71,584
2025-07-30,Lunch,D,Rice,2.66,2.0,5.32,Wednesday,2,0,7,30,211,30.6,0.0,0,0,520,512,564,491,73,12.94,556
2025-07-30,Lunch,D,Soup,0.83,1.5,1.24,Wednesday,2,0,7,30,211,30.6,0.0,0,0,618,613,696,550,146,20.98,561
2025-07-30,Lunch,D,Vegetables,2.13,3.0,6.39,Wednesday,2,0,7,30,211,30.6,0.0,0,0,617,636,684,589,95,13.89,493
2025-07-31,Breakfast,A,Meat,3.5,8.0,28.0,Thursday,3,0,7,31,212,32.7,0.0,0,0,288,269,322,265,57,17.7,242
2025-07-31,Breakfast,A,Rice,3.08,2.0,6.16,Thursday,3,0,7,31,212,32.7,0.0,0,0,283,242,313,234,79,25.24,248
2025-07-31,Breakfast,A,Soup,4.46,1.5,6.69,Thursday,3,0,7,31,212,32.7,0.0,0,0,297,311,331,287,44,13.29,203
2025-07-31,Breakfast,A,Vegetables,0.29,3.0,0.87,Thursday,3,0,7,31,212,32.7,0.0,0,0,296,292,328,266,62,18.9,265
2025-07-31,Breakfast,B,Meat,1.26,8.0,10.08,Thursday,3,0,7,31,212,32.7,0.0,0,0,261,272,286,266,20,6.99,192
2025-07-31,Breakfast,B,Rice,1.72,2.0,3.44,Thursday,3,0,7,31,212,32.7,0.0,0,0,284,263,315,248,67,21.27,229
2025-07-31,Breakfast,B,Soup,4.61,1.5,6.92,Thursday,3,0,7,31,212,32.7,0.0,0,0,301,267,332,245,87,26.2,287
2025-07-31,Breakfast,B,Vegetables,3.75,3.0,11.25,Thursday,3,0,7,31,212,32.7,0.0,0,0,260,289,285,265,20,7.02,205
2025-07-31,Breakfast,C,Meat,0.2,8.0,1.6,Thursday,3,0,7,31,212,32.7,0.0,0,0,209,202,227,192,35,15.42,234
2025-07-31,Breakfast,C,Rice,4.5,2.0,9.0,Thursday,3,0,7,31,212,32.7,0.0,0,0,225,243,249,229,20,8.03,280
2025-07-31,Breakfast,C,Soup,1.58,1.5,2.37,Thursday,3,0,7,31,212,32.7,0.0,0,0,205,222,232,203,29,12.5,200
2025-07-31,Breakfast,C,Vegetables,4.11,3.0,12.33,Thursday,3,0,7,31,212,32.7,0.0,0,0,223,218,244,205,39,15.98,221
2025-07-31,Breakfast,D,Meat,2.51,8.0,20.08,Thursday,3,0,7,31,212,32.7,0.0,0,0,242,253,269,242,27,10.04,266
2025-07-31,Breakfast,D,Rice,1.47,2.0,2.94,Thursday,3,0,7,31,212,32.7,0.0,0,0,261,245,285,239,46,16.14,234
2025-07-31,Breakfast,D,Soup,0.58,1.5,0.87,Thursday,3,0,7,31,212,32.7,0.0,0,0,233,217,257,200,57,22.18,221
2025-07-31,Breakfast,D,Vegetables,3.51,3.0,10.53,Thursday,3,0,7,31,212,32.7,0.0,0,0,238,222,266,210,56,21.05,266
2025-07-31,Dinner,A,Vegetables,2.58,3.0,7.74,Thursday,3,0,7,31,212,32.7,0.0,0,0,485,492,526,455,71,13.5,328
2025-07-31,Dinner,B,Meat,4.41,8.0,35.28,Thursday,3,0,7,31,212,32.7,0.0,0,0,446,427,484,414,70,14.46,375
2025-07-31,Dinner,B,Rice,4.27,2.0,8.54,Thursday,3,0,7,31,212,32.7,0.0,0,0,420,423,474,410,64,13.5,334
2025-07-31,Dinner,B,Soup,1.04,1.5,1.56,Thursday,3,0,7,31,212,32.7,0.0,0,0,466,450,504,406,98,19.44,370
2025-07-31,Dinner,B,Vegetables,0.24,3.0,0.72,Thursday,3,0,7,31,212,32.7,0.0,0,0,430,460,488,435,53,10.86,285
2025-07-31,Dinner,C,Meat,4.2,8.0,33.6,Thursday,3,0,7,31,212,32.7,0.0,0,0,355,382,401,375,26,6.48,348
2025-07-31,Dinner,C,Rice,4.18,2.0,8.36,Thursday,3,0,7,31,212,32.7,0.0,0,0,363,351,391,334,57,14.58,426
2025-07-31,Dinner,C,Soup,2.34,1.5,3.51,Thursday,3,0,7,31,212,32.7,0.0,0,0,338,326,385,293,92,23.9,406
2025-07-31,Dinner,C,Vegetables,1.32,3.0,3.96,Thursday,3,0,7,31,212,32.7,0.0,0,0,359,359,409,328,81,19.8,393
2025-07-31,Dinner,D,Meat,3.55,8.0,28.4,Thursday,3,0,7,31,212,32.7,0.0,0,0,405,423,457,410,47,10.28,414
2025-07-31,Dinner,D,Rice,4.6,2.0,9.2,Thursday,3,0,7,31,212,32.7,0.0,0,0,384,396,433,374,59,13.63,410
2025-07-31,Dinner,D,Soup,4.14,1.5,6.21,Thursday,3,0,7,31,212,32.7,0.0,0,0,414,431,458,389,69,15.07,293
2025-07-31,Dinner,D,Vegetables,1.44,3.0,4.32,Thursday,3,0,7,31,212,32.7,0.0,0,0,340,306,365,285,80,21.92,455
2025-07-31,Lunch,A,Meat,0.76,8.0,6.08,Thursday,3,0,7,31,212,32.7,0.0,0,0,719,737,790,728,62,7.85,489
2025-07-31,Lunch,A,Rice,4.36,2.0,8.72,Thursday,3,0,7,31,212,32.7,0.0,0,0,643,658,700,637,63,9.0,588
2025-07-31,Lunch,A,Soup,2.27,1.5,3.4,Thursday,3,0,7,31,212,32.7,0.0,0,0,681,660,743,597,146,19.65,600
2025-07-31,Lunch,A,Vegetables,4.87,3.0,14.61,Thursday,3,0,7,31,212,32.7,0.0,0,0,725,668,778,628,150,19.28,510
2025-07-31,Lunch,B,Meat,1.42,8.0,11.36,Thursday,3,0,7,31,212,32.7,0.0,0,0,597,546,658,540,118,17.93,694
2025-07-31,Lunch,B,Rice,4.15,2.0,8.3,Thursday,3,0,7,31,212,32.7,0.0,0,0,631,622,711,588,123,17.3,632
2025-07-31,Lunch,B,Soup,3.26,1.5,4.89,Thursday,3,0,7,31,212,32.7,0.0,0,0,665,714,715,649,66,9.23,597
2025-07-31,Lunch,B,Vegetables,2.14,3.0,6.42,Thursday,3,0,7,31,212,32.7,0.0,0,0,638,649,725,592,133,18.34,514
2025-07-31,Lunch,C,Meat,1.14,8.0,9.12,Thursday,3,0,7,31,212,32.7,0.0,0,0,492,505,561,489,72,12.83,545
2025-07-31,Lunch,C,Rice,1.02,2.0,2.04,Thursday,3,0,7,31,212,32.7,0.0,0,0,456,437,506,420,86,17.0,585
2025-07-31,Lunch,C,Soup,3.73,1.5,5.6,Thursday,3,0,7,31,212,32.7,0.0,0,0,530,560,597,504,93,15.58,522
2025-07-31,Lunch,C,Vegetables,4.14,3.0,12.42,Thursday,3,0,7,31,212,32.7,0.0,0,0,570,545,620,514,106,17.1,628
2025-07-31,Lunch,D,Meat,4.35,8.0,34.8,Thursday,3,0,7,31,212,32.7,0.0,0,0,609,559,657,545,112,17.05,540
2025-07-31,Lunch,D,Rice,3.82,2.0,7.64,Thursday,3,0,7,31,212,32.7,0.0,0,0,581,598,652,585,67,10.28,637
2025-07-31,Lunch,D,Soup,2.62,1.5,3.93,Thursday,3,0,7,31,212,32.7,0.0,0,0,618,585,671,522,149,22.21,649
2025-07-31,Lunch,D,Vegetables,4.12,3.0,12.36,Thursday,3,0,7,31,212,32.7,0.0,0,0,556,553,606,510,96,15.84,534
2025-08-01,Breakfast,A,Rice,2.58,2.0,5.16,Friday,4,0,8,1,213,31.4,17.9,0,1,406,415,445,404,41,9.21,293
2025-08-01,Breakfast,A,Soup,0.25,1.5,0.38,Friday,4,0,8,1,213,31.4,17.9,0,1,355,338,389,306,83,21.34,232
2025-08-01,Breakfast,B,Meat,3.01,8.0,24.08,Friday,4,0,8,1,213,31.4,17.9,0,1,339,351,386,346,40,10.36,320
2025-08-01,Breakfast,B,Rice,1.93,2.0,3.86,Friday,4,0,8,1,213,31.4,17.9,0,1,313,309,341,301,40,11.73,239
2025-08-01,Breakfast,B,Soup,4.37,1.5,6.56,Friday,4,0,8,1,213,31.4,17.9,0,1,366,338,396,301,95,23.99,306
2025-08-01,Breakfast,C,Meat,1.81,8.0,14.48,Friday,4,0,8,1,213,31.4,17.9,0,1,283,302,304,298,6,1.97,265
2025-08-01,Breakfast,C,Rice,2.98,2.0,5.96,Friday,4,0,8,1,213,31.4,17.9,0,1,276,271,312,264,48,15.38,404
2025-08-01,Breakfast,C,Soup,4.48,1.5,6.72,Friday,4,0,8,1,213,31.4,17.9,0,1,255,259,276,232,44,15.94,251
2025-08-01,Breakfast,C,Vegetables,0.9,3.0,2.7,Friday,4,0,8,1,213,31.4,17.9,0,1,264,276,295,256,39,13.22,272
2025-08-01,Breakfast,D,Meat,3.48,8.0,27.84,Friday,4,0,8,1,213,31.4,17.9,0,1,328,332,361,320,41,11.36,298
2025-08-01,Breakfast,D,Rice,3.77,2.0,7.54,Friday,4,0,8,1,213,31.4,17.9,0,1,300,303,332,293,39,11.75,301
2025-08-01,Breakfast,D,Soup,1.99,1.5,2.98,Friday,4,0,8,1,213,31.4,17.9,0,1,298,272,340,251,89,26.18,245
2025-08-01,Breakfast,D,Vegetables,1.5,3.0,4.5,Friday,4,0,8,1,213,31.4,17.9,0,1,304,292,330,272,58,17.58,210
2025-08-01,Dinner,A,Meat,4.04,8.0,32.32,Friday,4,0,8,1,213,31.4,17.9,0,1,601,632,648,611,37,5.71,456
2025-08-01,Dinner,A,Rice,1.34,2.0,2.68,Friday,4,0,8,1,213,31.4,17.9,0,1,629,610,696,585,111,15.95,597
2025-08-01,Dinner,A,Soup,4.84,1.5,7.26,Friday,4,0,8,1,213,31.4,17.9,0,1,590,599,658,539,119,18.09,389
2025-08-01,Dinner,A,Vegetables,1.6,3.0,4.8,Friday,4,0,8,1,213,31.4,17.9,0,1,587,601,661,561,100,15.13,488
2025-08-01,Dinner,B,Rice,3.25,2.0,6.5,Friday,4,0,8,1,213,31.4,17.9,0,1,572,618,617,597,20,3.24,374
2025-08-01,Dinner,B,Soup,1.81,1.5,2.72,Friday,4,0,8,1,213,31.4,17.9,0,1,578,572,632,517,115,18.2,539
2025-08-01,Dinner,B,Vegetables,1.94,3.0,5.82,Friday,4,0,8,1,213,31.4,17.9,0,1,533,483,585,456,129,22.05,435
2025-08-01,Dinner,C,Rice,1.33,2.0,2.66,Friday,4,0,8,1,213,31.4,17.9,0,1,470,484,528,456,72,13.64,585
2025-08-01,Dinner,C,Soup,4.14,1.5,6.21,Friday,4,0,8,1,213,31.4,17.9,0,1,421,399,460,362,98,21.3,464
2025-08-01,Dinner,C,Vegetables,3.42,3.0,10.26,Friday,4,0,8,1,213,31.4,17.9,0,1,428,435,475,408,67,14.11,456
2025-08-01,Dinner,D,Meat,0.6,8.0,4.8,Friday,4,0,8,1,213,31.4,17.9,0,1,496,461,539,456,83,15.4,410
2025-08-01,Dinner,D,Rice,2.05,2.0,4.1,Friday,4,0,8,1,213,31.4,17.9,0,1,496,504,532,481,51,9.59,456
2025-08-01,Dinner,D,Soup,3.35,1.5,5.03,Friday,4,0,8,1,213,31.4,17.9,0,1,536,520,609,464,145,23.81,517
2025-08-01,Dinner,D,Vegetables,2.61,3.0,7.83,Friday,4,0,8,1,213,31.4,17.9,0,1,503,528,569,488,81,14.24,408
2025-08-01,Lunch,A,Meat,2.9,8.0,23.2,Friday,4,0,8,1,213,31.4,17.9,0,1,845,770,929,743,186,20.02,652
2025-08-01,Lunch,A,Rice,0.9,2.0,1.8,Friday,4,0,8,1,213,31.4,17.9,0,1,820,731,899,712,187,20.8,836
2025-08-01,Lunch,A,Soup,4.3,1.5,6.45,Friday,4,0,8,1,213,31.4,17.9,0,1,839,795,915,719,196,21.42,504
2025-08-01,Lunch,A,Vegetables,4.83,3.0,14.49,Friday,4,0,8,1,213,31.4,17.9,0,1,906,846,1001,798,203,20.28,664
2025-08-01,Lunch,B,Meat,3.42,8.0,27.36,Friday,4,0,8,1,213,31.4,17.9,0,1,808,778,901,758,143,15.87,728
2025-08-01,Lunch,B,Rice,3.27,2.0,6.54,Friday,4,0,8,1,213,31.4,17.9,0,1,929,879,1038,836,202,19.46,735
2025-08-01,Lunch,B,Soup,2.11,1.5,3.16,Friday,4,0,8,1,213,31.4,17.9,0,1,959,938,1058,846,212,20.04,524
2025-08-01,Lunch,B,Vegetables,1.42,3.0,4.26,Friday,4,0,8,1,213,31.4,17.9,0,1,805,879,863,823,40,4.63,592
2025-08-01,Lunch,C,Meat,3.92,8.0,31.36,Friday,4,0,8,1,213,31.4,17.9,0,1,653,673,707,652,55,7.78,758
2025-08-01,Lunch,C,Rice,0.2,2.0,0.4,Friday,4,0,8,1,213,31.4,17.9,0,1,697,688,758,674,84,11.08,420
2025-08-01,Lunch,C,Soup,0.14,1.5,0.21,Friday,4,0,8,1,213,31.4,17.9,0,1,617,569,669,524,145,21.67,719
2025-08-01,Lunch,C,Vegetables,3.86,3.0,11.58,Friday,4,0,8,1,213,31.4,17.9,0,1,703,760,764,703,61,7.98,798
2025-08-01,Lunch,D,Meat,3.27,8.0,26.16,Friday,4,0,8,1,213,31.4,17.9,0,1,767,762,857,738,119,13.89,743
2025-08-01,Lunch,D,Rice,4.57,2.0,9.14,Friday,4,0,8,1,213,31.4,17.9,0,1,742,777,802,735,67,8.35,674
2025-08-01,Lunch,D,Soup,0.14,1.5,0.21,Friday,4,0,8,1,213,31.4,17.9,0,1,657,652,723,601,122,16.87,846
2025-08-01,Lunch,D,Vegetables,3.05,3.0,9.15,Friday,4,0,8,1,213,31.4,17.9,0,1,720,707,782,664,118,15.09,823
2025-08-02,Breakfast,A,Meat,1.93,8.0,15.44,Saturday,5,1,8,2,214,28.3,0.0,0,0,176,171,189,169,20,10.58,161
2025-08-02,Breakfast,A,Rice,4.23,2.0,8.46,Saturday,5,1,8,2,214,28.3,0.0,0,0,162,168,185,158,27,14.59,264
2025-08-02,Breakfast,A,Soup,3.08,1.5,4.62,Saturday,5,1,8,2,214,28.3,0.0,0,0,158,142,176,129,47,26.7,111
2025-08-02,Breakfast,A,Vegetables,3.27,3.0,9.81,Saturday,5,1,8,2,214,28.3,0.0,0,0,156,147,174,136,38,21.84,124
2025-08-02,Breakfast,B,Meat,0.63,8.0,5.04,Saturday,5,1,8,2,214,28.3,0.0,0,0,154,166,167,161,6,3.59,121
2025-08-02,Breakfast,B,Rice,1.56,2.0,3.12,Saturday,5,1,8,2,214,28.3,0.0,0,0,157,151,175,147,28,16.0,119
2025-08-02,Breakfast,B,Soup,4.94,1.5,7.41,Saturday,5,1,8,2,214,28.3,0.0,0,0,162,167,177,153,24,13.56,301
2025-08-02,Breakfast,B,Vegetables,0.41,3.0,1.23,Saturday,5,1,8,2,214,28.3,0.0,0,0,134,132,153,124,29,18.95,256
2025-08-02,Breakfast,C,Meat,4.32,8.0,34.56,Saturday,5,1,8,2,214,28.3,0.0,0,0,122,125,131,121,10,7.63,346
2025-08-02,Breakfast,C,Rice,3.24,2.0,6.48,Saturday,5,1,8,2,214,28.3,0.0,0,0,113,113,126,110,16,12.7,147
2025-08-02,Breakfast,C,Soup,3.58,1.5,5.37,Saturday,5,1,8,2,214,28.3,0.0,0,0,119,124,136,111,25,18.38,153
2025-08-02,Breakfast,C,Vegetables,1.38,3.0,4.14,Saturday,5,1,8,2,214,28.3,0.0,0,0,122,127,134,116,18,13.43,136
2025-08-02,Breakfast,D,Meat,1.56,8.0,12.48,Saturday,5,1,8,2,214,28.3,0.0,0,0,132,128,149,124,25,16.78,169
2025-08-02,Breakfast,D,Rice,4.47,2.0,8.94,Saturday,5,1,8,2,214,28.3,0.0,0,0,129,125,146,119,27,18.49,158
2025-08-02,Breakfast,D,Vegetables,0.83,3.0,2.49,Saturday,5,1,8,2,214,28.3,0.0,0,0,148,142,168,132,36,21.43,116
2025-08-02,Dinner,A,Meat,1.19,8.0,9.52,Saturday,5,1,8,2,214,28.3,0.0,0,0,257,266,281,262,19,6.76,611
2025-08-02,Dinner,A,Rice,3.66,2.0,7.32,Saturday,5,1,8,2,214,28.3,0.0,0,0,258,231,288,219,69,23.96,481
2025-08-02,Dinner,A,Soup,3.95,1.5,5.93,Saturday,5,1,8,2,214,28.3,0.0,0,0,266,284,300,261,39,13.0,209
2025-08-02,Dinner,A,Vegetables,2.72,3.0,8.16,Saturday,5,1,8,2,214,28.3,0.0,0,0,277,280,301,264,37,12.29,561
2025-08-02,Dinner,B,Meat,3.39,8.0,27.12,Saturday,5,1,8,2,214,28.3,0.0,0,0,235,225,261,222,39,14.94,200
2025-08-02,Dinner,B,Soup,4.24,1.5,6.36,Saturday,5,1,8,2,214,28.3,0.0,0,0,214,229,235,209,26,11.06,136
2025-08-02,Dinner,B,Vegetables,2.59,3.0,7.77,Saturday,5,1,8,2,214,28.3,0.0,0,0,221,214,244,201,43,17.62,264
2025-08-02,Dinner,C,Meat,4.39,8.0,35.12,Saturday,5,1,8,2,214,28.3,0.0,0,0,187,172,210,167,43,20.48,222
2025-08-02,Dinner,C,Rice,4.22,2.0,8.44,Saturday,5,1,8,2,214,28.3,0.0,0,0,199,175,215,169,46,21.4,219
2025-08-02,Dinner,C,Soup,0.58,1.5,0.87,Saturday,5,1,8,2,214,28.3,0.0,0,0,176,149,196,136,60,30.61,362
2025-08-02,Dinner,C,Vegetables,0.99,3.0,2.97,Saturday,5,1,8,2,214,28.3,0.0,0,0,190,181,209,171,38,18.18,201
2025-08-02,Dinner,D,Meat,1.37,8.0,10.96,Saturday,5,1,8,2,214,28.3,0.0,0,0,203,209,226,200,26,11.5,262
2025-08-02,Dinner,D,Rice,0.73,2.0,1.46,Saturday,5,1,8,2,214,28.3,0.0,0,0,231,253,253,245,8,3.16,169
2025-08-02,Dinner,D,Soup,3.84,1.5,5.76,Saturday,5,1,8,2,214,28.3,0.0,0,0,207,220,233,200,33,14.16,261
2025-08-02,Dinner,D,Vegetables,4.06,3.0,12.18,Saturday,5,1,8,2,214,28.3,0.0,0,0,204,195,220,183,37,16.82,171
2025-08-02,Lunch,A,Meat,4.05,8.0,32.4,Saturday,5,1,8,2,214,28.3,0.0,0,0,429,445,469,432,37,7.89,345
2025-08-02,Lunch,A,Rice,4.51,2.0,9.02,Saturday,5,1,8,2,214,28.3,0.0,0,0,385,364,432,343,89,20.6,712
2025-08-02,Lunch,A,Soup,3.04,1.5,4.56,Saturday,5,1,8,2,214,28.3,0.0,0,0,409,392,455,358,97,21.32,601
2025-08-02,Lunch,A,Vegetables,4.03,3.0,12.09,Saturday,5,1,8,2,214,28.3,0.0,0,0,382,375,410,352,58,14.15,703
2025-08-02,Lunch,B,Meat,3.44,8.0,27.52,Saturday,5,1,8,2,214,28.3,0.0,0,0,359,371,389,364,25,6.43,738
2025-08-02,Lunch,B,Rice,3.34,2.0,6.68,Saturday,5,1,8,2,214,28.3,0.0,0,0,352,384,384,361,23,5.99,343
2025-08-02,Lunch,B,Soup,3.31,1.5,4.96,Saturday,5,1,8,2,214,28.3,0.0,0,0,351,358,387,327,60,15.5,230
2025-08-02,Lunch,B,Vegetables,3.63,3.0,10.89,Saturday,5,1,8,2,214,28.3,0.0,0,0,371,360,406,341,65,16.01,275
2025-08-02,Lunch,C,Meat,1.37,8.0,10.96,Saturday,5,1,8,2,214,28.3,0.0,0,0,318,354,356,345,11,3.09,284
2025-08-02,Lunch,C,Soup,2.0,1.5,3.0,Saturday,5,1,8,2,214,28.3,0.0,0,0,274,255,310,230,80,25.81,358
2025-08-02,Lunch,C,Vegetables,2.15,3.0,6.45,Saturday,5,1,8,2,214,28.3,0.0,0,0,304,296,335,275,60,17.91,299
2025-08-02,Lunch,D,Meat,3.57,8.0,28.56,Saturday,5,1,8,2,214,28.3,0.0,0,0,327,298,368,284,84,22.83,364
2025-08-02,Lunch,D,Soup,1.03,1.5,1.54,Saturday,5,1,8,2,214,28.3,0.0,0,0,322,352,356,325,31,8.71,327
2025-08-02,Lunch,D,Vegetables,2.9,3.0,8.7,Saturday,5,1,8,2,214,28.3,0.0,0,0,306,322,329,299,30,9.12,352
2025-08-03,Breakfast,A,Meat,3.43,8.0,27.44,Sunday,6,1,8,3,215,31.4,0.0,1,0,58,52,64,51,13,20.31,124
2025-08-03,Breakfast,A,Soup,0.54,1.5,0.81,Sunday,6,1,8,3,215,31.4,0.0,1,0,53,53,58,47,11,18.97,45
2025-08-03,Breakfast,A,Vegetables,1.74,3.0,5.22,Sunday,6,1,8,3,215,31.4,0.0,1,0,56,57,61,53,8,13.11,44
2025-08-03,Breakfast,B,Meat,3.75,8.0,30.0,Sunday,6,1,8,3,215,31.4,0.0,1,0,52,52,58,51,7,12.07,51
2025-08-03,Breakfast,B,Rice,1.84,2.0,3.68,Sunday,6,1,8,3,215,31.4,0.0,1,0,52,52,57,50,7,12.28,110
2025-08-03,Breakfast,B,Soup,3.96,1.5,5.94,Sunday,6,1,8,3,215,31.4,0.0,1,0,51,50,57,45,12,21.05,41
2025-08-03,Breakfast,B,Vegetables,1.6,3.0,4.8,Sunday,6,1,8,3,215,31.4,0.0,1,0,51,57,56,52,4,7.14,53
2025-08-03,Breakfast,C,Meat,1.38,8.0,11.04,Sunday,6,1,8,3,215,31.4,0.0,1,0,41,40,46,39,7,15.22,51
2025-08-03,Breakfast,C,Rice,1.72,2.0,3.44,Sunday,6,1,8,3,215,31.4,0.0,1,0,41,38,44,37,7,15.91,50
2025-08-03,Breakfast,C,Soup,4.27,1.5,6.4,Sunday,6,1,8,3,215,31.4,0.0,1,0,47,45,52,41,11,21.15,129
2025-08-03,Breakfast,C,Vegetables,1.54,3.0,4.62,Sunday,6,1,8,3,215,31.4,0.0,1,0,45,47,50,44,6,12.0,132
2025-08-03,Breakfast,D,Soup,4.73,1.5,7.1,Sunday,6,1,8,3,215,31.4,0.0,1,0,47,48,54,44,10,18.52,47
2025-08-03,Dinner,A,Meat,2.49,8.0,19.92,Sunday,6,1,8,3,215,31.4,0.0,1,0,96,91,106,89,17,16.04,56
2025-08-03,Dinner,A,Rice,3.92,2.0,7.84,Sunday,6,1,8,3,215,31.4,0.0,1,0,87,82,96,80,16,16.67,245
2025-08-03,Dinner,A,Soup,0.97,1.5,1.46,Sunday,6,1,8,3,215,31.4,0.0,1,0,91,90,103,82,21,20.39,200
2025-08-03,Dinner,A,Vegetables,3.19,3.0,9.57,Sunday,6,1,8,3,215,31.4,0.0,1,0,91,89,104,84,20,19.23,68
2025-08-03,Dinner,B,Meat,0.12,8.0,0.96,Sunday,6,1,8,3,215,31.4,0.0,1,0,85,86,96,84,12,12.5,167
2025-08-03,Dinner,B,Rice,3.21,2.0,6.42,Sunday,6,1,8,3,215,31.4,0.0,1,0,78,77,87,73,14,16.09,58
2025-08-03,Dinner,B,Soup,3.83,1.5,5.74,Sunday,6,1,8,3,215,31.4,0.0,1,0,80,79,90,73,17,18.89,82
2025-08-03,Dinner,B,Vegetables,1.44,3.0,4.32,Sunday,6,1,8,3,215,31.4,0.0,1,0,89,91,99,83,16,16.16,69
2025-08-03,Dinner,C,Meat,3.85,8.0,30.8,Sunday,6,1,8,3,215,31.4,0.0,1,0,64,58,73,56,17,23.29,84
2025-08-03,Dinner,C,Rice,0.93,2.0,1.86,Sunday,6,1,8,3,215,31.4,0.0,1,0,64,61,71,58,13,18.31,80
2025-08-03,Dinner,C,Soup,3.84,1.5,5.76,Sunday,6,1,8,3,215,31.4,0.0,1,0,72,69,82,64,18,21.95,73
2025-08-03,Dinner,C,Vegetables,2.5,3.0,7.5,Sunday,6,1,8,3,215,31.4,0.0,1,0,72,73,81,69,12,14.81,183
2025-08-03,Dinner,D,Meat,3.11,8.0,24.88,Sunday,6,1,8,3,215,31.4,0.0,1,0,71,73,79,71,8,10.13,89
2025-08-03,Dinner,D,Rice,0.53,2.0,1.06,Sunday,6,1,8,3,215,31.4,0.0,1,0,83,81,90,78,12,13.33,73
2025-08-03,Dinner,D,Soup,2.08,1.5,3.12,Sunday,6,1,8,3,215,31.4,0.0,1,0,72,73,80,66,14,17.5,64
2025-08-03,Dinner,D,Vegetables,3.2,3.0,9.6,Sunday,6,1,8,3,215,31.4,0.0,1,0,70,72,79,68,11,13.92,83
2025-08-03,Lunch,A,Meat,4.46,8.0,35.68,Sunday,6,1,8,3,215,31.4,0.0,1,0,117,120,127,116,11,8.66,113
2025-08-03,Lunch,A,Rice,0.45,2.0,0.9,Sunday,6,1,8,3,215,31.4,0.0,1,0,125,119,141,115,26,18.44,361
2025-08-03,Lunch,A,Soup,4.35,1.5,6.52,Sunday,6,1,8,3,215,31.4,0.0,1,0,143,143,158,128,30,18.99,111
2025-08-03,Lunch,A,Vegetables,2.55,3.0,7.65,Sunday,6,1,8,3,215,31.4,0.0,1,0,119,127,134,117,17,12.69,88
2025-08-03,Lunch,B,Rice,1.97,2.0,3.94,Sunday,6,1,8,3,215,31.4,0.0,1,0,126,125,143,119,24,16.78,115
2025-08-03,Lunch,B,Soup,4.29,1.5,6.44,Sunday,6,1,8,3,215,31.4,0.0,1,0,126,122,140,111,29,20.71,325
2025-08-03,Lunch,B,Vegetables,0.36,3.0,1.08,Sunday,6,1,8,3,215,31.4,0.0,1,0,132,127,143,118,25,17.48,88
2025-08-03,Lunch,C,Meat,1.08,8.0,8.64,Sunday,6,1,8,3,215,31.4,0.0,1,0,97,96,107,94,13,12.15,116
2025-08-03,Lunch,C,Soup,2.89,1.5,4.34,Sunday,6,1,8,3,215,31.4,0.0,1,0,106,98,121,88,33,27.27,91
2025-08-03,Lunch,C,Vegetables,2.11,3.0,6.33,Sunday,6,1,8,3,215,31.4,0.0,1,0,99,93,107,88,19,17.76,341
2025-08-03,Lunch,D,Meat,2.34,8.0,18.72,Sunday,6,1,8,3,215,31.4,0.0,1,0,121,114,138,113,25,18.12,432
2025-08-03,Lunch,D,Soup,3.61,1.5,5.42,Sunday,6,1,8,3,215,31.4,0.0,1,0,102,102,117,91,26,22.22,128
2025-08-03,Lunch,D,Vegetables,1.65,3.0,4.95,Sunday,6,1,8,3,215,31.4,0.0,1,0,101,96,113,88,25,22.12,118
2025-08-04,Breakfast,A,Meat,1.98,8.0,15.84,Monday,0,0,8,4,216,31.4,0.0,0,0,274,273,296,264,32,10.81,257
2025-08-04,Breakfast,A,Rice,4.83,2.0,9.66,Monday,0,0,8,4,216,31.4,0.0,0,0,302,313,332,298,34,10.24,37
2025-08-04,Breakfast,A,Soup,1.08,1.5,1.62,Monday,0,0,8,4,216,31.4,0.0,0,0,284,279,321,256,65,20.25,245
2025-08-04,Breakfast,A,Vegetables,0.28,3.0,0.84,Monday,0,0,8,4,216,31.4,0.0,0,0,323,321,355,296,59,16.62,52
2025-08-04,Breakfast,B,Meat,0.17,8.0,1.36,Monday,0,0,8,4,216,31.4,0.0,0,0,254,264,289,257,32,11.07,268
2025-08-04,Breakfast,B,Rice,1.93,2.0,3.86,Monday,0,0,8,4,216,31.4,0.0,0,0,282,314,311,306,5,1.61,298
2025-08-04,Breakfast,B,Soup,4.18,1.5,6.27,Monday,0,0,8,4,216,31.4,0.0,0,0,244,267,272,245,27,9.93,209
2025-08-04,Breakfast,C,Meat,3.42,8.0,27.36,Monday,0,0,8,4,216,31.4,0.0,0,0,214,213,231,204,27,11.69,264
2025-08-04,Breakfast,C,Rice,1.03,2.0,2.06,Monday,0,0,8,4,216,31.4,0.0,0,0,224,207,243,200,43,17.7,306
2025-08-04,Breakfast,C,Soup,1.32,1.5,1.98,Monday,0,0,8,4,216,31.4,0.0,0,0,226,227,251,209,42,16.73,234
2025-08-04,Breakfast,C,Vegetables,3.17,3.0,9.51,Monday,0,0,8,4,216,31.4,0.0,0,0,224,211,240,196,44,18.33,296
2025-08-04,Breakfast,D,Meat,1.79,8.0,14.32,Monday,0,0,8,4,216,31.4,0.0,0,0,271,277,308,268,40,12.99,39
2025-08-04,Breakfast,D,Soup,1.98,1.5,2.97,Monday,0,0,8,4,216,31.4,0.0,0,0,269,260,301,234,67,22.26,44
2025-08-04,Breakfast,D,Vegetables,0.73,3.0,2.19,Monday,0,0,8,4,216,31.4,0.0,0,0,270,258,297,235,62,20.88,196
2025-08-04,Dinner,A,Rice,2.08,2.0,4.16,Monday,0,0,8,4,216,31.4,0.0,0,0,451,444,504,419,85,16.87,78
2025-08-04,Dinner,A,Soup,0.74,1.5,1.11,Monday,0,0,8,4,216,31.4,0.0,0,0,459,480,509,431,78,15.32,428
2025-08-04,Dinner,A,Vegetables,3.66,3.0,10.98,Monday,0,0,8,4,216,31.4,0.0,0,0,480,433,533,400,133,24.95,84
2025-08-04,Dinner,B,Meat,2.99,8.0,23.92,Monday,0,0,8,4,216,31.4,0.0,0,0,438,446,478,424,54,11.3,71
2025-08-04,Dinner,B,Rice,3.7,2.0,7.4,Monday,0,0,8,4,216,31.4,0.0,0,0,416,401,452,387,65,14.38,419
2025-08-04,Dinner,B,Soup,1.9,1.5,2.85,Monday,0,0,8,4,216,31.4,0.0,0,0,429,480,479,428,51,10.65,310
2025-08-04,Dinner,B,Vegetables,0.93,3.0,2.79,Monday,0,0,8,4,216,31.4,0.0,0,0,414,368,463,339,124,26.78,334
2025-08-04,Dinner,C,Meat,0.28,8.0,2.24,Monday,0,0,8,4,216,31.4,0.0,0,0,376,358,416,342,74,17.79,424
2025-08-04,Dinner,C,Rice,3.29,2.0,6.58,Monday,0,0,8,4,216,31.4,0.0,0,0,355,376,381,363,18,4.72,387
2025-08-04,Dinner,C,Soup,1.35,1.5,2.03,Monday,0,0,8,4,216,31.4,0.0,0,0,346,343,378,310,68,17.99,66
2025-08-04,Dinner,C,Vegetables,4.4,3.0,13.2,Monday,0,0,8,4,216,31.4,0.0,0,0,357,365,407,334,73,17.94,378
2025-08-04,Dinner,D,Meat,0.34,8.0,2.72,Monday,0,0,8,4,216,31.4,0.0,0,0,426,405,472,392,80,16.95,342
2025-08-04,Dinner,D,Rice,2.72,2.0,5.44,Monday,0,0,8,4,216,31.4,0.0,0,0,305,313,343,300,43,12.54,363
2025-08-04,Dinner,D,Vegetables,4.97,3.0,14.91,Monday,0,0,8,4,216,31.4,0.0,0,0,399,404,450,378,72,16.0,400
2025-08-04,Lunch,A,Meat,0.92,8.0,7.36,Monday,0,0,8,4,216,31.4,0.0,0,0,736,775,835,752,83,9.94,544
2025-08-04,Lunch,A,Rice,2.98,2.0,5.96,Monday,0,0,8,4,216,31.4,0.0,0,0,727,687,798,654,144,18.05,545
2025-08-04,Lunch,A,Soup,1.56,1.5,2.34,Monday,0,0,8,4,216,31.4,0.0,0,0,697,676,750,628,122,16.27,578
2025-08-04,Lunch,A,Vegetables,4.14,3.0,12.42,Monday,0,0,8,4,216,31.4,0.0,0,0,754,791,849,749,100,11.78,117
2025-08-04,Lunch,B,Soup,1.76,1.5,2.64,Monday,0,0,8,4,216,31.4,0.0,0,0,637,675,721,605,116,16.09,512
2025-08-04,Lunch,B,Vegetables,3.02,3.0,9.06,Monday,0,0,8,4,216,31.4,0.0,0,0,655,615,714,583,131,18.35,749
2025-08-04,Lunch,C,Meat,4.98,8.0,39.84,Monday,0,0,8,4,216,31.4,0.0,0,0,545,556,608,544,64,10.53,557
2025-08-04,Lunch,C,Rice,4.45,2.0,8.9,Monday,0,0,8,4,216,31.4,0.0,0,0,544,557,597,539,58,9.72,119
2025-08-04,Lunch,C,Soup,4.52,1.5,6.78,Monday,0,0,8,4,216,31.4,0.0,0,0,555,573,603,512,91,15.09,628
2025-08-04,Lunch,C,Vegetables,1.78,3.0,5.34,Monday,0,0,8,4,216,31.4,0.0,0,0,542,552,600,505,95,15.83,583
2025-08-04,Lunch,D,Meat,1.02,8.0,8.16,Monday,0,0,8,4,216,31.4,0.0,0,0,576,577,626,557,69,11.02,94
2025-08-04,Lunch,D,Rice,1.86,2.0,3.72,Monday,0,0,8,4,216,31.4,0.0,0,0,556,558,621,545,76,12.24,539
2025-08-04,Lunch,D,Soup,4.6,1.5,6.9,Monday,0,0,8,4,216,31.4,0.0,0,0,610,635,664,578,86,12.95,88
2025-08-04,Lunch,D,Vegetables,4.75,3.0,14.25,Monday,0,0,8,4,216,31.4,0.0,0,0,619,594,682,555,127,18.62,505
2025-08-05,Breakfast,A,Meat,0.2,8.0,1.6,Tuesday,1,0,8,5,217,30.4,0.0,0,0,291,316,330,308,22,6.67,204
2025-08-05,Breakfast,A,Soup,2.14,1.5,3.21,Tuesday,1,0,8,5,217,30.4,0.0,0,0,279,305,301,273,28,9.3,204
2025-08-05,Breakfast,A,Vegetables,3.48,3.0,10.44,Tuesday,1,0,8,5,217,30.4,0.0,0,0,295,292,334,266,68,20.36,182
2025-08-05,Breakfast,B,Meat,2.78,8.0,22.24,Tuesday,1,0,8,5,217,30.4,0.0,0,0,265,262,285,257,28,9.82,221
2025-08-05,Breakfast,B,Rice,1.96,2.0,3.92,Tuesday,1,0,8,5,217,30.4,0.0,0,0,260,234,296,229,67,22.64,206
2025-08-05,Breakfast,B,Soup,0.85,1.5,1.27,Tuesday,1,0,8,5,217,30.4,0.0,0,0,273,275,297,247,50,16.84,256
2025-08-05,Breakfast,B,Vegetables,2.42,3.0,7.26,Tuesday,1,0,8,5,217,30.4,0.0,0,0,279,283,311,266,45,14.47,247
2025-08-05,Breakfast,C,Meat,3.19,8.0,25.52,Tuesday,1,0,8,5,217,30.4,0.0,0,0,226,231,258,221,37,14.34,308
2025-08-05,Breakfast,C,Soup,3.34,1.5,5.01,Tuesday,1,0,8,5,217,30.4,0.0,0,0,220,229,239,204,35,14.64,247
2025-08-05,Breakfast,C,Vegetables,1.58,3.0,4.74,Tuesday,1,0,8,5,217,30.4,0.0,0,0,207,199,224,182,42,18.75,266
2025-08-05,Breakfast,D,Meat,1.42,8.0,11.36,Tuesday,1,0,8,5,217,30.4,0.0,0,0,233,225,252,221,31,12.3,221
2025-08-05,Breakfast,D,Rice,3.35,2.0,6.7,Tuesday,1,0,8,5,217,30.4,0.0,0,0,202,214,227,206,21,9.25,200
2025-08-05,Breakfast,D,Soup,0.77,1.5,1.16,Tuesday,1,0,8,5,217,30.4,0.0,0,0,231,220,257,197,60,23.35,273
2025-08-05,Breakfast,D,Vegetables,3.07,3.0,9.21,Tuesday,1,0,8,5,217,30.4,0.0,0,0,272,271,296,247,49,16.55,235
2025-08-05,Dinner,A,Meat,1.72,8.0,13.76,Tuesday,1,0,8,5,217,30.4,0.0,0,0,479,495,525,473,52,9.9,431
2025-08-05,Dinner,A,Rice,4.67,2.0,9.34,Tuesday,1,0,8,5,217,30.4,0.0,0,0,502,518,542,496,46,8.49,300
2025-08-05,Dinner,A,Vegetables,0.11,3.0,0.33,Tuesday,1,0,8,5,217,30.4,0.0,0,0,511,502,573,466,107,18.67,343
2025-08-05,Dinner,B,Meat,4.19,8.0,33.52,Tuesday,1,0,8,5,217,30.4,0.0,0,0,438,445,478,431,47,9.83,288
2025-08-05,Dinner,B,Rice,4.54,2.0,9.08,Tuesday,1,0,8,5,217,30.4,0.0,0,0,434,446,489,432,57,11.66,358
2025-08-05,Dinner,B,Soup,0.83,1.5,1.24,Tuesday,1,0,8,5,217,30.4,0.0,0,0,442,458,503,409,94,18.69,347
2025-08-05,Dinner,B,Vegetables,3.38,3.0,10.14,Tuesday,1,0,8,5,217,30.4,0.0,0,0,460,477,504,445,59,11.71,339
2025-08-05,Dinner,C,Meat,2.61,8.0,20.88,Tuesday,1,0,8,5,217,30.4,0.0,0,0,335,301,373,288,85,22.79,392
2025-08-05,Dinner,C,Soup,0.6,1.5,0.9,Tuesday,1,0,8,5,217,30.4,0.0,0,0,393,380,448,347,101,22.54,431
2025-08-05,Dinner,C,Vegetables,3.65,3.0,10.95,Tuesday,1,0,8,5,217,30.4,0.0,0,0,353,362,392,343,49,12.5,445
2025-08-05,Dinner,D,Meat,1.23,8.0,9.84,Tuesday,1,0,8,5,217,30.4,0.0,0,0,390,411,444,404,40,9.01,473
2025-08-05,Dinner,D,Rice,1.35,2.0,2.7,Tuesday,1,0,8,5,217,30.4,0.0,0,0,412,374,456,358,98,21.49,496
2025-08-05,Dinner,D,Soup,1.55,1.5,2.33,Tuesday,1,0,8,5,217,30.4,0.0,0,0,405,398,439,367,72,16.4,409
2025-08-05,Dinner,D,Vegetables,4.94,3.0,14.82,Tuesday,1,0,8,5,217,30.4,0.0,0,0,411,399,459,378,81,17.65,466
2025-08-05,Lunch,A,Meat,0.61,8.0,4.88,Tuesday,1,0,8,5,217,30.4,0.0,0,0,718,737,812,713,99,12.19,752
2025-08-05,Lunch,A,Rice,4.17,2.0,8.34,Tuesday,1,0,8,5,217,30.4,0.0,0,0,687,637,780,619,161,20.64,413
2025-08-05,Lunch,A,Soup,0.68,1.5,1.02,Tuesday,1,0,8,5,217,30.4,0.0,0,0,724,723,788,669,119,15.1,605
2025-08-05,Lunch,A,Vegetables,3.62,3.0,10.86,Tuesday,1,0,8,5,217,30.4,0.0,0,0,771,793,853,739,114,13.36,555
2025-08-05,Lunch,B,Meat,0.62,8.0,4.96,Tuesday,1,0,8,5,217,30.4,0.0,0,0,700,797,780,765,15,1.92,550
2025-08-05,Lunch,B,Soup,1.08,1.5,1.62,Tuesday,1,0,8,5,217,30.4,0.0,0,0,652,646,724,595,129,17.82,525
2025-08-05,Lunch,B,Vegetables,1.07,3.0,3.21,Tuesday,1,0,8,5,217,30.4,0.0,0,0,693,676,756,639,117,15.48,739
2025-08-05,Lunch,C,Meat,2.66,8.0,21.28,Tuesday,1,0,8,5,217,30.4,0.0,0,0,494,474,552,451,101,18.3,713
2025-08-05,Lunch,C,Rice,1.39,2.0,2.78,Tuesday,1,0,8,5,217,30.4,0.0,0,0,443,431,501,413,88,17.56,539
2025-08-05,Lunch,C,Soup,3.55,1.5,5.32,Tuesday,1,0,8,5,217,30.4,0.0,0,0,535,510,582,472,110,18.9,595
2025-08-05,Lunch,C,Vegetables,1.09,3.0,3.27,Tuesday,1,0,8,5,217,30.4,0.0,0,0,510,555,550,514,36,6.55,639
2025-08-05,Lunch,D,Meat,0.29,8.0,2.32,Tuesday,1,0,8,5,217,30.4,0.0,0,0,582,558,656,550,106,16.16,451
2025-08-05,Lunch,D,Rice,1.55,2.0,3.1,Tuesday,1,0,8,5,217,30.4,0.0,0,0,574,571,639,539,100,15.65,654
2025-08-05,Lunch,D,Soup,1.12,1.5,1.68,Tuesday,1,0,8,5,217,30.4,0.0,0,0,582,572,661,525,136,20.57,669
2025-08-06,Breakfast,A,Meat,0.59,8.0,4.72,Wednesday,2,0,8,6,218,31.0,0.0,0,0,298,280,334,267,67,20.06,257
2025-08-06,Breakfast,A,Rice,2.37,2.0,4.74,Wednesday,2,0,8,6,218,31.0,0.0,0,0,284,275,312,269,43,13.78,227
2025-08-06,Breakfast,A,Soup,0.29,1.5,0.43,Wednesday,2,0,8,6,218,31.0,0.0,0,0,305,299,329,272,57,17.33,226
2025-08-06,Breakfast,B,Rice,1.52,2.0,3.04,Wednesday,2,0,8,6,218,31.0,0.0,0,0,283,283,310,271,39,12.58,269
2025-08-06,Breakfast,B,Vegetables,1.63,3.0,4.89,Wednesday,2,0,8,6,218,31.0,0.0,0,0,268,278,303,261,42,13.86,237
2025-08-06,Breakfast,C,Meat,3.82,8.0,30.56,Wednesday,2,0,8,6,218,31.0,0.0,0,0,239,255,259,244,15,5.79,251
2025-08-06,Breakfast,C,Rice,0.57,2.0,1.14,Wednesday,2,0,8,6,218,31.0,0.0,0,0,222,238,244,227,17,6.97,229
2025-08-06,Breakfast,C,Soup,4.27,1.5,6.4,Wednesday,2,0,8,6,218,31.0,0.0,0,0,223,230,246,206,40,16.26,272
2025-08-06,Breakfast,C,Vegetables,0.32,3.0,0.96,Wednesday,2,0,8,6,218,31.0,0.0,0,0,239,258,261,236,25,9.58,261
2025-08-06,Breakfast,D,Meat,0.94,8.0,7.52,Wednesday,2,0,8,6,218,31.0,0.0,0,0,253,256,273,251,22,8.06,267
2025-08-06,Breakfast,D,Rice,3.35,2.0,6.7,Wednesday,2,0,8,6,218,31.0,0.0,0,0,236,225,259,216,43,16.6,271
2025-08-06,Breakfast,D,Soup,2.24,1.5,3.36,Wednesday,2,0,8,6,218,31.0,0.0,0,0,246,245,274,226,48,17.52,197
2025-08-06,Breakfast,D,Vegetables,1.85,3.0,5.55,Wednesday,2,0,8,6,218,31.0,0.0,0,0,260,260,296,237,59,19.93,266
2025-08-06,Dinner,A,Meat,0.88,8.0,7.04,Wednesday,2,0,8,6,218,31.0,0.0,0,0,427,441,484,425,59,12.19,404
2025-08-06,Dinner,A,Rice,4.72,2.0,9.44,Wednesday,2,0,8,6,218,31.0,0.0,0,0,445,472,488,460,28,5.74,432
2025-08-06,Dinner,A,Soup,2.99,1.5,4.49,Wednesday,2,0,8,6,218,31.0,0.0,0,0,510,474,563,427,136,24.16,416
2025-08-06,Dinner,A,Vegetables,2.14,3.0,6.42,Wednesday,2,0,8,6,218,31.0,0.0,0,0,485,443,528,405,123,23.3,308
2025-08-06,Dinner,B,Meat,3.42,8.0,27.36,Wednesday,2,0,8,6,218,31.0,0.0,0,0,428,415,465,403,62,13.33,425
2025-08-06,Dinner,B,Rice,4.03,2.0,8.06,Wednesday,2,0,8,6,218,31.0,0.0,0,0,447,462,491,435,56,11.41,460
2025-08-06,Dinner,B,Soup,1.96,1.5,2.94,Wednesday,2,0,8,6,218,31.0,0.0,0,0,441,453,478,416,62,12.97,367
2025-08-06,Dinner,B,Vegetables,0.99,3.0,2.97,Wednesday,2,0,8,6,218,31.0,0.0,0,0,406,411,454,376,78,17.18,405
2025-08-06,Dinner,C,Rice,1.86,2.0,3.72,Wednesday,2,0,8,6,218,31.0,0.0,0,0,369,376,397,360,37,9.32,435
2025-08-06,Dinner,C,Vegetables,3.45,3.0,10.35,Wednesday,2,0,8,6,218,31.0,0.0,0,0,358,336,389,308,81,20.82,378
2025-08-06,Dinner,D,Meat,0.74,8.0,5.92,Wednesday,2,0,8,6,218,31.0,0.0,0,0,374,353,406,344,62,15.27,403
2025-08-06,Dinner,D,Rice,4.87,2.0,9.74,Wednesday,2,0,8,6,218,31.0,0.0,0,0,394,419,437,398,39,8.92,360
2025-08-06,Dinner,D,Soup,0.65,1.5,0.98,Wednesday,2,0,8,6,218,31.0,0.0,0,0,421,416,458,374,84,18.34,427
2025-08-06,Lunch,A,Meat,4.4,8.0,35.2,Wednesday,2,0,8,6,218,31.0,0.0,0,0,665,639,756,627,129,17.06,765
2025-08-06,Lunch,A,Rice,3.15,2.0,6.3,Wednesday,2,0,8,6,218,31.0,0.0,0,0,714,688,806,666,140,17.37,525
2025-08-06,Lunch,A,Vegetables,0.56,3.0,1.68,Wednesday,2,0,8,6,218,31.0,0.0,0,0,764,764,841,709,132,15.7,470
2025-08-06,Lunch,B,Meat,2.06,8.0,16.48,Wednesday,2,0,8,6,218,31.0,0.0,0,0,705,713,801,680,121,15.11,627
2025-08-06,Lunch,B,Rice,1.0,2.0,2.0,Wednesday,2,0,8,6,218,31.0,0.0,0,0,675,696,736,677,59,8.02,526
2025-08-06,Lunch,B,Soup,1.43,1.5,2.14,Wednesday,2,0,8,6,218,31.0,0.0,0,0,669,599,721,556,165,22.88,472
2025-08-06,Lunch,C,Rice,1.99,2.0,3.98,Wednesday,2,0,8,6,218,31.0,0.0,0,0,560,550,627,526,101,16.11,619
2025-08-06,Lunch,C,Soup,3.28,1.5,4.92,Wednesday,2,0,8,6,218,31.0,0.0,0,0,549,566,622,520,102,16.4,562
2025-08-06,Lunch,C,Vegetables,4.02,3.0,12.06,Wednesday,2,0,8,6,218,31.0,0.0,0,0,520,506,570,470,100,17.54,514
2025-08-06,Lunch,D,Meat,0.65,8.0,5.2,Wednesday,2,0,8,6,218,31.0,0.0,0,0,589,605,664,591,73,10.99,680
2025-08-06,Lunch,D,Rice,4.0,2.0,8.0,Wednesday,2,0,8,6,218,31.0,0.0,0,0,571,555,645,525,120,18.6,677
2025-08-06,Lunch,D,Soup,0.39,1.5,0.58,Wednesday,2,0,8,6,218,31.0,0.0,0,0,587,607,645,562,83,12.87,556
2025-08-06,Lunch,D,Vegetables,3.51,3.0,10.53,Wednesday,2,0,8,6,218,31.0,0.0,0,0,549,531,604,486,118,19.54,709
2025-08-07,Breakfast,A,Meat,0.33,8.0,2.64,Thursday,3,0,8,7,219,28.1,13.4,0,0,320,294,353,284,69,19.55,262
2025-08-07,Breakfast,A,Rice,2.12,2.0,4.24,Thursday,3,0,8,7,219,28.1,13.4,0,0,306,296,340,287,53,15.59,222
2025-08-07,Breakfast,A,Soup,1.64,1.5,2.46,Thursday,3,0,8,7,219,28.1,13.4,0,0,306,304,335,276,59,17.61,204
2025-08-07,Breakfast,A,Vegetables,1.38,3.0,4.14,Thursday,3,0,8,7,219,28.1,13.4,0,0,280,272,316,248,68,21.52,231
2025-08-07,Breakfast,B,Meat,3.42,8.0,27.36,Thursday,3,0,8,7,219,28.1,13.4,0,0,266,274,303,262,41,13.53,189
2025-08-07,Breakfast,B,Rice,3.55,2.0,7.1,Thursday,3,0,8,7,219,28.1,13.4,0,0,250,248,281,239,42,14.95,287
2025-08-07,Breakfast,B,Soup,2.93,1.5,4.4,Thursday,3,0,8,7,219,28.1,13.4,0,0,248,256,270,237,33,12.22,206
2025-08-07,Breakfast,B,Vegetables,3.86,3.0,11.58,Thursday,3,0,8,7,219,28.1,13.4,0,0,248,245,266,231,35,13.16,248
2025-08-07,Breakfast,C,Meat,4.89,8.0,39.12,Thursday,3,0,8,7,219,28.1,13.4,0,0,215,199,241,189,52,21.58,244
2025-08-07,Breakfast,C,Rice,2.87,2.0,5.74,Thursday,3,0,8,7,219,28.1,13.4,0,0,210,189,238,183,55,23.11,239
2025-08-07,Breakfast,C,Vegetables,3.38,3.0,10.14,Thursday,3,0,8,7,219,28.1,13.4,0,0,240,243,266,227,39,14.66,236
2025-08-07,Breakfast,D,Meat,3.53,8.0,28.24,Thursday,3,0,8,7,219,28.1,13.4,0,0,236,244,269,236,33,12.27,284
2025-08-07,Breakfast,D,Rice,2.66,2.0,5.32,Thursday,3,0,8,7,219,28.1,13.4,0,0,261,236,289,222,67,23.18,216
2025-08-07,Breakfast,D,Soup,3.34,1.5,5.01,Thursday,3,0,8,7,219,28.1,13.4,0,0,241,228,273,204,69,25.27,237
2025-08-07,Breakfast,D,Vegetables,0.57,3.0,1.71,Thursday,3,0,8,7,219,28.1,13.4,0,0,235,250,268,231,37,13.81,227
2025-08-07,Dinner,A,Meat,0.35,8.0,2.8,Thursday,3,0,8,7,219,28.1,13.4,0,0,482,486,537,472,65,12.1,344
2025-08-07,Dinner,A,Rice,4.85,2.0,9.7,Thursday,3,0,8,7,219,28.1,13.4,0,0,512,547,575,528,47,8.17,375
2025-08-07,Dinner,A,Soup,3.25,1.5,4.88,Thursday,3,0,8,7,219,28.1,13.4,0,0,491,495,549,449,100,18.21,372
2025-08-07,Dinner,A,Vegetables,1.19,3.0,3.57,Thursday,3,0,8,7,219,28.1,13.4,0,0,459,451,504,427,77,15.28,386
2025-08-07,Dinner,B,Rice,2.08,2.0,4.16,Thursday,3,0,8,7,219,28.1,13.4,0,0,376,412,414,392,22,5.31,528
2025-08-07,Dinner,B,Soup,4.03,1.5,6.04,Thursday,3,0,8,7,219,28.1,13.4,0,0,409,417,465,372,93,20.0,372
2025-08-07,Dinner,B,Vegetables,2.35,3.0,7.05,Thursday,3,0,8,7,219,28.1,13.4,0,0,444,412,481,381,100,20.79,427
2025-08-07,Dinner,C,Rice,2.3,2.0,4.6,Thursday,3,0,8,7,219,28.1,13.4,0,0,373,382,408,367,41,10.05,392
2025-08-07,Dinner,C,Soup,0.68,1.5,1.02,Thursday,3,0,8,7,219,28.1,13.4,0,0,333,352,374,325,49,13.1,449
2025-08-07,Dinner,D,Meat,3.3,8.0,26.4,Thursday,3,0,8,7,219,28.1,13.4,0,0,407,407,455,392,63,13.85,472
2025-08-07,Dinner,D,Rice,2.54,2.0,5.08,Thursday,3,0,8,7,219,28.1,13.4,0,0,407,395,437,375,62,14.19,398
2025-08-07,Dinner,D,Soup,2.12,1.5,3.18,Thursday,3,0,8,7,219,28.1,13.4,0,0,400,408,434,372,62,14.29,374
2025-08-07,Dinner,D,Vegetables,0.6,3.0,1.8,Thursday,3,0,8,7,219,28.1,13.4,0,0,405,411,460,386,74,16.09,376
2025-08-07,Lunch,A,Rice,1.32,2.0,2.64,Thursday,3,0,8,7,219,28.1,13.4,0,0,732,756,821,734,87,10.6,593
2025-08-07,Lunch,A,Soup,1.99,1.5,2.98,Thursday,3,0,8,7,219,28.1,13.4,0,0,710,689,765,617,148,19.35,692
2025-08-07,Lunch,A,Vegetables,3.41,3.0,10.23,Thursday,3,0,8,7,219,28.1,13.4,0,0,655,656,747,609,138,18.47,604
2025-08-07,Lunch,B,Meat,2.84,8.0,22.72,Thursday,3,0,8,7,219,28.1,13.4,0,0,639,577,707,557,150,21.22,675
2025-08-07,Lunch,B,Rice,4.21,2.0,8.42,Thursday,3,0,8,7,219,28.1,13.4,0,0,668,629,747,593,154,20.62,666
2025-08-07,Lunch,B,Soup,0.37,1.5,0.55,Thursday,3,0,8,7,219,28.1,13.4,0,0,725,765,804,692,112,13.93,520
2025-08-07,Lunch,B,Vegetables,4.94,3.0,14.82,Thursday,3,0,8,7,219,28.1,13.4,0,0,648,644,722,604,118,16.34,633
2025-08-07,Lunch,C,Rice,3.25,2.0,6.5,Thursday,3,0,8,7,219,28.1,13.4,0,0,530,512,571,494,77,13.49,734
2025-08-07,Lunch,C,Soup,4.27,1.5,6.4,Thursday,3,0,8,7,219,28.1,13.4,0,0,571,602,644,558,86,13.35,617
2025-08-07,Lunch,C,Vegetables,4.26,3.0,12.78,Thursday,3,0,8,7,219,28.1,13.4,0,0,587,612,649,577,72,11.09,609
2025-08-07,Lunch,D,Meat,0.47,8.0,3.76,Thursday,3,0,8,7,219,28.1,13.4,0,0,680,686,737,675,62,8.41,591
2025-08-07,Lunch,D,Vegetables,2.51,3.0,7.53,Thursday,3,0,8,7,219,28.1,13.4,0,0,672,682,757,633,124,16.38,486
2025-08-08,Breakfast,A,Meat,0.1,8.0,0.8,Friday,4,0,8,8,220,32.8,0.0,0,0,299,305,322,292,30,9.32,225
2025-08-08,Breakfast,A,Rice,2.83,2.0,5.66,Friday,4,0,8,8,220,32.8,0.0,0,0,296,289,332,277,55,16.57,183
2025-08-08,Breakfast,A,Soup,3.06,1.5,4.59,Friday,4,0,8,8,220,32.8,0.0,0,0,286,293,313,264,49,15.65,244
2025-08-08,Breakfast,A,Vegetables,0.55,3.0,1.65,Friday,4,0,8,8,220,32.8,0.0,0,0,306,291,333,270,63,18.92,231
2025-08-08,Breakfast,B,Rice,3.13,2.0,6.26,Friday,4,0,8,8,220,32.8,0.0,0,0,313,344,353,331,22,6.23,245
2025-08-08,Breakfast,B,Soup,1.11,1.5,1.66,Friday,4,0,8,8,220,32.8,0.0,0,0,277,271,308,244,64,20.78,175
2025-08-08,Breakfast,C,Meat,4.76,8.0,38.08,Friday,4,0,8,8,220,32.8,0.0,0,0,212,229,236,225,11,4.66,215
2025-08-08,Breakfast,C,Rice,3.39,2.0,6.78,Friday,4,0,8,8,220,32.8,0.0,0,0,226,227,249,222,27,10.84,331
2025-08-08,Breakfast,C,Soup,0.37,1.5,0.55,Friday,4,0,8,8,220,32.8,0.0,0,0,202,192,225,175,50,22.22,276
2025-08-08,Breakfast,C,Vegetables,1.88,3.0,5.64,Friday,4,0,8,8,220,32.8,0.0,0,0,235,229,259,213,46,17.76,270
2025-08-08,Breakfast,D,Meat,2.33,8.0,18.64,Friday,4,0,8,8,220,32.8,0.0,0,0,247,225,274,215,59,21.53,236
2025-08-08,Breakfast,D,Rice,1.19,2.0,2.38,Friday,4,0,8,8,220,32.8,0.0,0,0,249,259,272,245,27,9.93,277
2025-08-08,Breakfast,D,Soup,3.14,1.5,4.71,Friday,4,0,8,8,220,32.8,0.0,0,0,258,241,288,224,64,22.22,264
2025-08-08,Dinner,A,Meat,0.62,8.0,4.96,Friday,4,0,8,8,220,32.8,0.0,0,0,472,461,520,440,80,15.38,392
2025-08-08,Dinner,A,Rice,3.64,2.0,7.28,Friday,4,0,8,8,220,32.8,0.0,0,0,454,439,495,415,80,16.16,380
2025-08-08,Dinner,A,Vegetables,3.09,3.0,9.27,Friday,4,0,8,8,220,32.8,0.0,0,0,456,435,518,396,122,23.55,348
2025-08-08,Dinner,B,Meat,2.03,8.0,16.24,Friday,4,0,8,8,220,32.8,0.0,0,0,412,402,442,383,59,13.35,440
2025-08-08,Dinner,B,Rice,4.66,2.0,9.32,Friday,4,0,8,8,220,32.8,0.0,0,0,398,399,432,380,52,12.04,299
2025-08-08,Dinner,B,Soup,3.93,1.5,5.9,Friday,4,0,8,8,220,32.8,0.0,0,0,417,419,474,378,96,20.25,322
2025-08-08,Dinner,B,Vegetables,2.34,3.0,7.02,Friday,4,0,8,8,220,32.8,0.0,0,0,378,376,422,356,66,15.64,329
2025-08-08,Dinner,C,Meat,0.63,8.0,5.04,Friday,4,0,8,8,220,32.8,0.0,0,0,330,347,359,338,21,5.85,383
2025-08-08,Dinner,C,Soup,4.64,1.5,6.96,Friday,4,0,8,8,220,32.8,0.0,0,0,349,360,382,322,60,15.71,325
2025-08-08,Dinner,C,Vegetables,2.13,3.0,6.39,Friday,4,0,8,8,220,32.8,0.0,0,0,375,376,404,348,56,13.86,381
2025-08-08,Dinner,D,Rice,4.2,2.0,8.4,Friday,4,0,8,8,220,32.8,0.0,0,0,360,307,395,299,96,24.3,367
2025-08-08,Dinner,D,Soup,2.31,1.5,3.46,Friday,4,0,8,8,220,32.8,0.0,0,0,412,444,460,401,59,12.83,378
2025-08-08,Dinner,D,Vegetables,3.88,3.0,11.64,Friday,4,0,8,8,220,32.8,0.0,0,0,379,361,425,329,96,22.59,396
2025-08-08,Lunch,A,Meat,3.32,8.0,26.56,Friday,4,0,8,8,220,32.8,0.0,0,0,728,728,811,698,113,13.93,557
2025-08-08,Lunch,A,Rice,2.42,2.0,4.84,Friday,4,0,8,8,220,32.8,0.0,0,0,728,742,802,720,82,10.22,578
2025-08-08,Lunch,A,Soup,0.66,1.5,0.99,Friday,4,0,8,8,220,32.8,0.0,0,0,758,776,850,697,153,18.0,558
2025-08-08,Lunch,A,Vegetables,3.61,3.0,10.83,Friday,4,0,8,8,220,32.8,0.0,0,0,751,737,838,680,158,18.85,483
2025-08-08,Lunch,B,Meat,1.19,8.0,9.52,Friday,4,0,8,8,220,32.8,0.0,0,0,589,586,667,559,108,16.19,698
2025-08-08,Lunch,B,Rice,3.82,2.0,7.64,Friday,4,0,8,8,220,32.8,0.0,0,0,681,646,749,613,136,18.16,494
2025-08-08,Lunch,B,Soup,4.17,1.5,6.26,Friday,4,0,8,8,220,32.8,0.0,0,0,635,596,704,548,156,22.16,502
2025-08-08,Lunch,B,Vegetables,1.77,3.0,5.31,Friday,4,0,8,8,220,32.8,0.0,0,0,681,720,754,659,95,12.6,577
2025-08-08,Lunch,C,Rice,4.83,2.0,9.66,Friday,4,0,8,8,220,32.8,0.0,0,0,496,522,560,511,49,8.75,613
2025-08-08,Lunch,C,Soup,3.54,1.5,5.31,Friday,4,0,8,8,220,32.8,0.0,0,0,533,519,608,470,138,22.7,697
2025-08-08,Lunch,C,Vegetables,2.66,3.0,7.98,Friday,4,0,8,8,220,32.8,0.0,0,0,536,519,608,483,125,20.56,659
2025-08-08,Lunch,D,Rice,0.32,2.0,0.64,Friday,4,0,8,8,220,32.8,0.0,0,0,631,598,694,578,116,16.71,511
2025-08-08,Lunch,D,Soup,3.61,1.5,5.42,Friday,4,0,8,8,220,32.8,0.0,0,0,547,548,592,502,90,15.2,470
2025-08-08,Lunch,D,Vegetables,0.79,3.0,2.37,Friday,4,0,8,8,220,32.8,0.0,0,0,584,616,634,577,57,8.99,577
2025-08-09,Breakfast,A,Meat,4.79,8.0,38.32,Saturday,5,1,8,9,221,30.8,0.0,0,0,172,162,190,156,34,17.89,136
2025-08-09,Breakfast,A,Rice,3.33,2.0,6.66,Saturday,5,1,8,9,221,30.8,0.0,0,0,166,154,184,146,38,20.65,222
2025-08-09,Breakfast,A,Soup,2.54,1.5,3.81,Saturday,5,1,8,9,221,30.8,0.0,0,0,183,184,205,164,41,20.0,129
2025-08-09,Breakfast,A,Vegetables,0.76,3.0,2.28,Saturday,5,1,8,9,221,30.8,0.0,0,0,162,162,185,150,35,18.92,213
2025-08-09,Breakfast,B,Meat,0.34,8.0,2.72,Saturday,5,1,8,9,221,30.8,0.0,0,0,149,143,165,140,25,15.15,156
2025-08-09,Breakfast,B,Rice,2.7,2.0,5.4,Saturday,5,1,8,9,221,30.8,0.0,0,0,145,141,160,136,24,15.0,146
2025-08-09,Breakfast,B,Soup,4.21,1.5,6.32,Saturday,5,1,8,9,221,30.8,0.0,0,0,150,140,164,129,35,21.34,138
2025-08-09,Breakfast,B,Vegetables,4.68,3.0,14.04,Saturday,5,1,8,9,221,30.8,0.0,0,0,157,155,179,145,34,18.99,150
2025-08-09,Breakfast,C,Meat,2.59,8.0,20.72,Saturday,5,1,8,9,221,30.8,0.0,0,0,127,115,142,112,30,21.13,140
2025-08-09,Breakfast,C,Rice,2.47,2.0,4.94,Saturday,5,1,8,9,221,30.8,0.0,0,0,129,109,140,104,36,25.71,136
2025-08-09,Breakfast,C,Soup,0.97,1.5,1.46,Saturday,5,1,8,9,221,30.8,0.0,0,0,114,112,128,103,25,19.53,164
2025-08-09,Breakfast,C,Vegetables,4.61,3.0,13.83,Saturday,5,1,8,9,221,30.8,0.0,0,0,122,124,132,116,16,12.12,145
2025-08-09,Breakfast,D,Meat,3.68,8.0,29.44,Saturday,5,1,8,9,221,30.8,0.0,0,0,146,138,165,136,29,17.58,292
2025-08-09,Breakfast,D,Soup,2.0,1.5,3.0,Saturday,5,1,8,9,221,30.8,0.0,0,0,150,154,168,138,30,17.86,224
2025-08-09,Dinner,A,Meat,4.32,8.0,34.56,Saturday,5,1,8,9,221,30.8,0.0,0,0,247,240,272,228,44,16.18,202
2025-08-09,Dinner,A,Rice,3.54,2.0,7.08,Saturday,5,1,8,9,221,30.8,0.0,0,0,252,239,280,233,47,16.79,415
2025-08-09,Dinner,A,Vegetables,3.59,3.0,10.77,Saturday,5,1,8,9,221,30.8,0.0,0,0,294,287,320,270,50,15.62,356
2025-08-09,Dinner,B,Meat,1.08,8.0,8.64,Saturday,5,1,8,9,221,30.8,0.0,0,0,231,234,252,224,28,11.11,228
2025-08-09,Dinner,B,Rice,3.2,2.0,6.4,Saturday,5,1,8,9,221,30.8,0.0,0,0,222,205,246,193,53,21.54,171
2025-08-09,Dinner,B,Soup,1.52,1.5,2.28,Saturday,5,1,8,9,221,30.8,0.0,0,0,232,244,262,219,43,16.41,401
2025-08-09,Dinner,B,Vegetables,3.16,3.0,9.48,Saturday,5,1,8,9,221,30.8,0.0,0,0,262,260,289,238,51,17.65,200
2025-08-09,Dinner,C,Meat,3.39,8.0,27.12,Saturday,5,1,8,9,221,30.8,0.0,0,0,186,186,204,180,24,11.76,224
2025-08-09,Dinner,C,Rice,1.79,2.0,3.58,Saturday,5,1,8,9,221,30.8,0.0,0,0,191,181,213,171,42,19.72,237
2025-08-09,Dinner,C,Vegetables,4.91,3.0,14.73,Saturday,5,1,8,9,221,30.8,0.0,0,0,205,217,221,200,21,9.5,189
2025-08-09,Dinner,D,Meat,2.57,8.0,20.56,Saturday,5,1,8,9,221,30.8,0.0,0,0,211,209,230,202,28,12.17,338
2025-08-09,Dinner,D,Rice,4.8,2.0,9.6,Saturday,5,1,8,9,221,30.8,0.0,0,0,220,246,249,237,12,4.82,233
2025-08-09,Dinner,D,Vegetables,3.5,3.0,10.5,Saturday,5,1,8,9,221,30.8,0.0,0,0,198,204,213,189,24,11.27,270
2025-08-09,Lunch,A,Rice,3.04,2.0,6.08,Saturday,5,1,8,9,221,30.8,0.0,0,0,384,380,437,358,79,18.08,339
2025-08-09,Lunch,A,Soup,1.98,1.5,2.97,Saturday,5,1,8,9,221,30.8,0.0,0,0,388,387,432,349,83,19.21,272
2025-08-09,Lunch,A,Vegetables,2.57,3.0,7.71,Saturday,5,1,8,9,221,30.8,0.0,0,0,382,402,434,366,68,15.67,255
2025-08-09,Lunch,B,Vegetables,3.84,3.0,11.52,Saturday,5,1,8,9,221,30.8,0.0,0,0,367,345,407,321,86,21.13,680
2025-08-09,Lunch,C,Meat,4.86,8.0,38.88,Saturday,5,1,8,9,221,30.8,0.0,0,0,285,303,307,290,17,5.54,333
2025-08-09,Lunch,C,Rice,4.82,2.0,9.64,Saturday,5,1,8,9,221,30.8,0.0,0,0,272,256,297,246,51,17.17,358
2025-08-09,Lunch,C,Soup,0.75,1.5,1.12,Saturday,5,1,8,9,221,30.8,0.0,0,0,297,298,338,272,66,19.53,548
2025-08-09,Lunch,C,Vegetables,2.32,3.0,6.96,Saturday,5,1,8,9,221,30.8,0.0,0,0,292,276,326,255,71,21.78,321
2025-08-09,Lunch,D,Meat,3.53,8.0,28.24,Saturday,5,1,8,9,221,30.8,0.0,0,0,338,343,364,333,31,8.52,559
2025-08-09,Lunch,D,Rice,2.12,2.0,4.24,Saturday,5,1,8,9,221,30.8,0.0,0,0,400,358,452,339,113,25.0,720
2025-08-09,Lunch,D,Soup,1.56,1.5,2.34,Saturday,5,1,8,9,221,30.8,0.0,0,0,294,286,325,258,67,20.62,349
2025-08-09,Lunch,D,Vegetables,3.77,3.0,11.31,Saturday,5,1,8,9,221,30.8,0.0,0,0,357,354,393,322,71,18.07,366
2025-08-10,Breakfast,A,Meat,1.83,8.0,14.64,Sunday,6,1,8,10,222,31.3,0.0,0,0,140,154,159,146,13,8.18,125
2025-08-10,Breakfast,A,Rice,0.67,2.0,1.34,Sunday,6,1,8,10,222,31.3,0.0,0,0,151,145,165,142,23,13.94,104
2025-08-10,Breakfast,A,Soup,2.9,1.5,4.35,Sunday,6,1,8,10,222,31.3,0.0,0,0,147,148,161,132,29,18.01,125
2025-08-10,Breakfast,A,Vegetables,2.45,3.0,7.35,Sunday,6,1,8,10,222,31.3,0.0,0,0,169,160,190,147,43,22.63,108
2025-08-10,Breakfast,B,Meat,2.15,8.0,17.2,Sunday,6,1,8,10,222,31.3,0.0,0,0,140,143,153,140,13,8.5,146
2025-08-10,Breakfast,B,Rice,3.37,2.0,6.74,Sunday,6,1,8,10,222,31.3,0.0,0,0,147,146,161,142,19,11.8,131
2025-08-10,Breakfast,B,Soup,4.22,1.5,6.33,Sunday,6,1,8,10,222,31.3,0.0,0,0,161,156,180,139,41,22.78,103
2025-08-10,Breakfast,B,Vegetables,3.76,3.0,11.28,Sunday,6,1,8,10,222,31.3,0.0,0,0,155,160,169,150,19,11.24,116
2025-08-10,Breakfast,C,Meat,4.25,8.0,34.0,Sunday,6,1,8,10,222,31.3,0.0,0,0,128,131,143,125,18,12.59,112
2025-08-10,Breakfast,C,Rice,1.5,2.0,3.0,Sunday,6,1,8,10,222,31.3,0.0,0,0,121,138,137,131,6,4.38,142
2025-08-10,Breakfast,C,Soup,2.66,1.5,3.99,Sunday,6,1,8,10,222,31.3,0.0,0,0,115,107,132,97,35,26.52,139
2025-08-10,Breakfast,C,Vegetables,4.06,3.0,12.18,Sunday,6,1,8,10,222,31.3,0.0,0,0,133,117,151,108,43,28.48,150
2025-08-10,Breakfast,D,Meat,0.81,8.0,6.48,Sunday,6,1,8,10,222,31.3,0.0,0,0,149,160,166,156,10,6.02,140
2025-08-10,Breakfast,D,Soup,1.08,1.5,1.62,Sunday,6,1,8,10,222,31.3,0.0,0,0,134,140,151,125,26,17.22,97
2025-08-10,Breakfast,D,Vegetables,3.38,3.0,10.14,Sunday,6,1,8,10,222,31.3,0.0,0,0,134,146,144,135,9,6.25,147
2025-08-10,Dinner,A,Meat,3.94,8.0,31.52,Sunday,6,1,8,10,222,31.3,0.0,0,0,276,276,304,268,36,11.84,238
2025-08-10,Dinner,A,Rice,1.26,2.0,2.52,Sunday,6,1,8,10,222,31.3,0.0,0,0,270,283,301,270,31,10.3,193
2025-08-10,Dinner,A,Soup,1.51,1.5,2.26,Sunday,6,1,8,10,222,31.3,0.0,0,0,280,286,308,265,43,13.96,190
2025-08-10,Dinner,A,Vegetables,4.01,3.0,12.03,Sunday,6,1,8,10,222,31.3,0.0,0,0,285,296,324,277,47,14.51,238
2025-08-10,Dinner,B,Meat,4.64,8.0,37.12,Sunday,6,1,8,10,222,31.3,0.0,0,0,259,258,279,251,28,10.04,180
2025-08-10,Dinner,B,Rice,3.36,2.0,6.72,Sunday,6,1,8,10,222,31.3,0.0,0,0,257,225,286,212,74,25.87,210
2025-08-10,Dinner,B,Soup,4.79,1.5,7.18,Sunday,6,1,8,10,222,31.3,0.0,0,0,233,238,258,221,37,14.34,265
2025-08-10,Dinner,B,Vegetables,2.0,3.0,6.0,Sunday,6,1,8,10,222,31.3,0.0,0,0,215,204,234,189,45,19.23,160
2025-08-10,Dinner,C,Meat,1.63,8.0,13.04,Sunday,6,1,8,10,222,31.3,0.0,0,0,190,169,205,166,39,19.02,251
2025-08-10,Dinner,C,Rice,4.88,2.0,9.76,Sunday,6,1,8,10,222,31.3,0.0,0,0,188,196,211,192,19,9.0,212
2025-08-10,Dinner,C,Soup,0.16,1.5,0.24,Sunday,6,1,8,10,222,31.3,0.0,0,0,202,223,223,201,22,9.87,219
2025-08-10,Dinner,C,Vegetables,2.81,3.0,8.43,Sunday,6,1,8,10,222,31.3,0.0,0,0,163,173,179,160,19,10.61,277
2025-08-10,Dinner,D,Meat,3.14,8.0,25.12,Sunday,6,1,8,10,222,31.3,0.0,0,0,240,243,263,238,25,9.51,166
2025-08-10,Dinner,D,Rice,1.33,2.0,2.66,Sunday,6,1,8,10,222,31.3,0.0,0,0,233,216,251,210,41,16.33,270
2025-08-10,Dinner,D,Soup,4.36,1.5,6.54,Sunday,6,1,8,10,222,31.3,0.0,0,0,214,213,232,190,42,18.1,201
2025-08-10,Dinner,D,Vegetables,3.93,3.0,11.79,Sunday,6,1,8,10,222,31.3,0.0,0,0,212,202,239,189,50,20.92,189
2025-08-10,Lunch,A,Meat,0.89,8.0,7.12,Sunday,6,1,8,10,222,31.3,0.0,0,0,384,397,434,385,49,11.29,290
2025-08-10,Lunch,A,Rice,3.78,2.0,7.56,Sunday,6,1,8,10,222,31.3,0.0,0,0,432,422,477,403,74,15.51,304
2025-08-10,Lunch,A,Soup,1.33,1.5,2.0,Sunday,6,1,8,10,222,31.3,0.0,0,0,383,371,424,335,89,20.99,289
2025-08-10,Lunch,A,Vegetables,1.5,3.0,4.5,Sunday,6,1,8,10,222,31.3,0.0,0,0,413,397,449,376,73,16.26,290
2025-08-10,Lunch,B,Meat,3.48,8.0,27.84,Sunday,6,1,8,10,222,31.3,0.0,0,0,345,371,390,359,31,7.95,385
2025-08-10,Lunch,B,Rice,4.21,2.0,8.42,Sunday,6,1,8,10,222,31.3,0.0,0,0,356,363,392,349,43,10.97,246
2025-08-10,Lunch,B,Soup,3.79,1.5,5.68,Sunday,6,1,8,10,222,31.3,0.0,0,0,373,361,406,332,74,18.23,335
2025-08-10,Lunch,B,Vegetables,1.55,3.0,4.65,Sunday,6,1,8,10,222,31.3,0.0,0,0,357,343,388,315,73,18.81,322
2025-08-10,Lunch,C,Rice,0.26,2.0,0.52,Sunday,6,1,8,10,222,31.3,0.0,0,0,302,312,326,304,22,6.75,323
2025-08-10,Lunch,C,Soup,4.35,1.5,6.52,Sunday,6,1,8,10,222,31.3,0.0,0,0,307,326,329,292,37,11.25,258
2025-08-10,Lunch,C,Vegetables,0.6,3.0,1.8,Sunday,6,1,8,10,222,31.3,0.0,0,0,288,274,317,256,61,19.24,376
2025-08-10,Lunch,D,Rice,3.72,2.0,7.44,Sunday,6,1,8,10,222,31.3,0.0,0,0,329,339,368,323,45,12.23,349
2025-08-10,Lunch,D,Soup,2.85,1.5,4.28,Sunday,6,1,8,10,222,31.3,0.0,0,0,333,322,362,289,73,20.17,292
2025-08-10,Lunch,D,Vegetables,3.74,3.0,11.22,Sunday,6,1,8,10,222,31.3,0.0,0,0,323,315,365,290,75,20.55,315
